class,x0,y0,z0,v0,x1,y1,z1,v1,x2,y2,z2,v2,x3,y3,z3,v3,x4,y4,z4,v4,x5,y5,z5,v5,x6,y6,z6,v6,x7,y7,z7,v7,x8,y8,z8,v8,x9,y9,z9,v9,x10,y10,z10,v10,x11,y11,z11,v11,x12,y12,z12,v12,x13,y13,z13,v13,x14,y14,z14,v14,x15,y15,z15,v15,x16,y16,z16,v16
283133506775,0.7176257371902466,-0.6151215434074402,0.9988953471183777,0.45748084783554077,0.7165300846099854,-0.6013532876968384,0.9990741014480591,0.4415650963783264,0.7146469354629517,-0.6011384725570679,0.9989436268806458,0.426156610250473,0.7126882076263428,-0.6016923189163208,0.9991209506988525,0.5659044981002808,0.740502119064331,-0.27513760328292847,0.9987712502479553,0.4154048562049866,0.7371459603309631,-0.21314997971057892,0.9992651343345642,0.5116769075393677,0.8347916007041931,-0.5186220407485962,0.9969853758811951,0.45542269945144653,0.8354642391204834,-0.5032970309257507,0.9983307123184204,0.6879989504814148,0.9647735357284546,-0.15079563856124878,0.9439382553100586,0.30499905347824097,0.9685098528862,-0.06122807785868645,0.973360002040863,0.758391261100769,1.252742052078247,-0.7084450721740723,0.3476199209690094,0.22187134623527527,1.3762621879577637,-0.6142040491104126,0.5745367407798767,0.6438432931900024,0.8908679485321045,-1.1309046745300293,0.7917788624763489,0.33376985788345337,1.1670689582824707,-1.351140022277832,0.741345226764679
1,0.5944855809211731,0.7976508736610413,-0.8456224203109741,0.9996686577796936,0.6363436579704285,0.7710977792739868,-0.7826389074325562,0.9994029402732849,0.6493431329727173,0.7824190855026245,-0.7827135920524597,0.9992510080337524,0.6610989570617676,0.7920837998390198,-0.7825874090194702,0.9990706443786621,0.5960613489151001,0.7315259575843811,-0.8046862483024597,0.9996147155761719,0.5839492678642273,0.7178004384040833,-0.8042634725570679,0.9996209740638733,0.5726624727249146,0.7051424384117126,-0.8048195838928223,0.9996795654296875,0.6572889685630798,0.8003877401351929,-0.3891018331050873,0.9987691640853882,0.546087920665741,0.7090537548065186,-0.4872981607913971,0.9998053312301636,0.5897079110145569,0.8521096706390381,-0.6965919733047485,0.999344527721405,0.5436826944351196,0.8064800500869751,-0.7273386716842651,0.9998227953910828,0.6972653269767761,0.991127610206604,-0.19645701348781586,0.9864326119422913,0.320290744304657,0.965142011642456,-0.23053260147571564,0.9949370622634888,0.8995952606201172,1.0890564918518066,-0.6114578247070312,0.6103718876838684,0.20258298516273499,1.3443015813827515,-0.18811391294002533,0.4501325488090515,0.822407066822052,0.8016788959503174,-1.1494863033294678,0.7506470084190369,0.21478763222694397,1.6258634328842163,-0.5287216305732727,0.3320479691028595
1,0.43225425481796265,0.83204585313797,-0.7558762431144714,0.9995211362838745,0.44717326760292053,0.7619073390960693,-0.7414034605026245,0.9992546439170837,0.4645584225654602,0.7530834078788757,-0.7415693402290344,0.9993221759796143,0.4826253354549408,0.7442356944084167,-0.7420646548271179,0.9993122220039368,0.4048469662666321,0.7825498580932617,-0.709187388420105,0.9990459680557251,0.3918992877006531,0.7868931889533997,-0.7083077430725098,0.9989069700241089,0.37989193201065063,0.7902920246124268,-0.7084823846817017,0.9987865686416626,0.5268582105636597,0.7352027297019958,-0.42944201827049255,0.9995246529579163,0.3870476484298706,0.786995530128479,-0.2550089359283447,0.999038577079773,0.48134827613830566,0.8609520792961121,-0.6249677538871765,0.9992713332176208,0.42547351121902466,0.8818699717521667,-0.5777379274368286,0.998954713344574,0.7122005820274353,0.9733108878135681,-0.1942226141691208,0.9897618293762207,0.33651891350746155,0.9810949563980103,-0.052134472876787186,0.9916557669639587,0.8423898816108704,1.2779994010925293,-0.3008180260658264,0.2684648334980011,0.14759062230587006,1.1186192035675049,-0.5541948080062866,0.6098251342773438,0.8646232485771179,1.462970495223999,-0.5609745979309082,0.16031047701835632,0.13290366530418396,0.8629851937294006,-1.4416556358337402,0.6091215014457703
1,0.44703635573387146,0.6896235346794128,-0.26518476009368896,0.9979099631309509,0.44155892729759216,0.663149893283844,-0.26103243231773376,0.9972758293151855,0.44899982213974,0.6647055745124817,-0.2613600790500641,0.9972366094589233,0.4574449956417084,0.667244017124176,-0.2615493834018707,0.997754693031311,0.41858601570129395,0.6696277856826782,-0.2427867352962494,0.996491014957428,0.41107994318008423,0.6750019788742065,-0.24283814430236816,0.9957793951034546,0.46259862184524536,0.6696192622184753,-0.24361026287078857,0.9962869882583618,0.4941525459289551,0.7034264206886292,-0.14546893537044525,0.9978238940238953,0.4157349169254303,0.7286856770515442,-0.061422985047101974,0.995297372341156,0.4770435690879822,0.7284045815467834,-0.21188294887542725,0.9971006512641907,0.44401001930236816,0.7322475910186768,-0.1883334070444107,0.9957971572875977,0.6568142175674438,0.9308176040649414,-0.060959022492170334,0.984063982963562,0.3746052384376526,0.9420298337936401,-0.030341899022459984,0.9636622667312622,0.8078227043151855,1.1678887605667114,-0.3249998688697815,0.22239190340042114,0.3126140236854553,1.172439694404602,-0.283851683139801,0.11443807184696198,0.8197161555290222,0.8723949790000916,-0.4609505534172058,0.3417268991470337,0.3584323823451996,1.0083776712417603,-0.6575822234153748,0.12837307155132294
1,0.4758079946041107,0.7500447630882263,-0.3762616515159607,0.9996638894081116,0.49082517623901367,0.7129793763160706,-0.3425198495388031,0.9994820356369019,0.5038835406303406,0.7141369581222534,-0.3424406051635742,0.9994851350784302,0.5193002820014954,0.7153623104095459,-0.3425094187259674,0.9995346665382385,0.463062047958374,0.7159157395362854,-0.3167852759361267,0.9994982481002808,0.45280203223228455,0.6843217611312866,-0.3162657618522644,0.9994770884513855,0.44211333990097046,0.6815680265426636,-0.31695038080215454,0.9995555281639099,0.5526598691940308,0.7388906478881836,-0.0983668714761734,0.9994876980781555,0.4518733620643616,0.7535029649734497,0.01927463710308075,0.9994209408760071,0.503831148147583,0.7901650667190552,-0.28542041778564453,0.9991344809532166,0.472548246383667,0.7930145263671875,-0.2559639513492584,0.9990799427032471,0.6820279359817505,0.979481041431427,-0.046622537076473236,0.9700115919113159,0.34488487243652344,0.9860098361968994,0.12959568202495575,0.9875009059906006,0.8011527061462402,1.0873265266418457,-0.33806389570236206,0.3190799057483673,0.10153485834598541,0.9567199945449829,-0.15318311750888824,0.5814332365989685,0.8053998947143555,0.8807611465454102,-0.5317152738571167,0.5022538900375366,0.06713195890188217,0.9155215620994568,-0.639350414276123,0.7122372388839722
1,0.6528852581977844,0.7354469299316406,-0.4868262708187103,0.9998820424079895,0.6728633642196655,0.716220498085022,-0.42890673875808716,0.9997879266738892,0.6817290782928467,0.7245968580245972,-0.4283820688724518,0.9997379183769226,0.6908616423606873,0.733817458152771,-0.4280070662498474,0.9997071027755737,0.6433374881744385,0.696577787399292,-0.4687417149543762,0.9998782277107239,0.6315622329711914,0.6909230947494507,-0.4682844281196594,0.9998801350593567,0.6198965311050415,0.685637891292572,-0.4687241017818451,0.9998982548713684,0.6773375868797302,0.763576328754425,-0.14502663910388947,0.999634325504303,0.5851756930351257,0.7037125825881958,-0.3206663429737091,0.9999142289161682,0.6477009654045105,0.7927001714706421,-0.38544273376464844,0.9997932314872742,0.6091396808624268,0.7606905102729797,-0.43709054589271545,0.9999278783798218,0.7122207283973694,0.9929882884025574,-0.06461407244205475,0.9955348968505859,0.3463854193687439,0.9481726884841919,-0.237613245844841,0.9990888833999634,0.930513858795166,1.0607808828353882,-0.3608383238315582,0.3076537847518921,0.22419357299804688,1.2997592687606812,-0.15235403180122375,0.4839726984500885,0.9522976875305176,0.7784682512283325,-0.7456670999526978,0.4090610444545746,0.20638088881969452,1.5512263774871826,-0.210545614361763,0.3050100803375244
1,0.6122218370437622,0.7173344492912292,-0.5811775922775269,0.9993385672569275,0.6294236779212952,0.699598491191864,-0.5204378366470337,0.9984176158905029,0.6391555070877075,0.7090628147125244,-0.5202914476394653,0.9983259439468384,0.6487908363342285,0.719366192817688,-0.5202659964561462,0.9976604580879211,0.5989528894424438,0.6797496676445007,-0.5564579963684082,0.9990485906600952,0.58734530210495,0.6755431890487671,-0.556048572063446,0.9992837309837341,0.575442373752594,0.6723940968513489,-0.5565358400344849,0.9993122220039368,0.6423077583312988,0.7560449838638306,-0.20438846945762634,0.9970548748970032,0.5414599180221558,0.702491044998169,-0.3593997657299042,0.999497652053833,0.615399956703186,0.7735617756843567,-0.46637940406799316,0.9987149834632874,0.5727514028549194,0.7533286809921265,-0.5117954015731812,0.9995371103286743,0.6978005170822144,0.9876675009727478,-0.07958497107028961,0.988673210144043,0.3349960446357727,0.9593183994293213,-0.2571805715560913,0.9973366260528564,0.8899461030960083,1.0887755155563354,-0.25138312578201294,0.20373037457466125,0.20514635741710663,1.33122718334198,-0.24388721585273743,0.5458810329437256,0.8922618627548218,0.9897907376289368,-0.5451350808143616,0.28197935223579407,0.2094896286725998,1.5953181982040405,-0.4575168192386627,0.2696530520915985
1,0.38739335536956787,0.8633836507797241,-1.037888526916504,0.9983190894126892,0.40334123373031616,0.7875932455062866,-1.0268467664718628,0.9981158375740051,0.41878843307495117,0.7767749428749084,-1.0267831087112427,0.9985166192054749,0.4358251094818115,0.7659023404121399,-1.026902198791504,0.9981192350387573,0.3689058721065521,0.8104158639907837,-0.9832056164741516,0.9975950717926025,0.3594927489757538,0.8139135837554932,-0.9830049276351929,0.9974228143692017,0.35081928968429565,0.8167561888694763,-0.9829452633857727,0.9968866109848022,0.49402761459350586,0.7551224827766418,-0.7368711233139038,0.998993992805481,0.37879490852355957,0.8050758242607117,-0.5338373780250549,0.998726487159729,0.43467265367507935,0.888482391834259,-0.8992149233818054,0.9973170757293701,0.3968806266784668,0.9067527055740356,-0.8403283357620239,0.996580183506012,0.6932248473167419,0.9645756483078003,-0.47036856412887573,0.9612377882003784,0.31387951970100403,0.991028368473053,-0.20345072448253632,0.9079298377037048,0.8765851259231567,1.0942977666854858,-1.029710292816162,0.5057636499404907,0.17981301248073578,1.1755845546722412,-0.32962122559547424,0.16024909913539886,0.9015121459960938,0.6778641939163208,-1.4999868869781494,0.5515421032905579,0.20298567414283752,0.9821585416793823,-0.6979061961174011,0.14002560079097748
1,0.3639173209667206,0.7772567272186279,-0.39708608388900757,0.99928218126297,0.3715311288833618,0.7164490222930908,-0.411120742559433,0.9988242983818054,0.3832274079322815,0.7036970853805542,-0.41119223833084106,0.999056875705719,0.3960077166557312,0.6908783316612244,-0.41147464513778687,0.9990386366844177,0.3401251435279846,0.7518612742424011,-0.3546209931373596,0.9986132979393005,0.33039796352386475,0.7631598711013794,-0.35387906432151794,0.9986810684204102,0.3208349049091339,0.7736732959747314,-0.35433846712112427,0.9985853433609009,0.4474319815635681,0.6959425806999207,-0.3345907926559448,0.9993140697479248,0.34479910135269165,0.7774680852890015,-0.05254930257797241,0.9987114667892456,0.41305527091026306,0.7907313704490662,-0.36069297790527344,0.9991152286529541,0.3730403482913971,0.8303663730621338,-0.2798038721084595,0.9985399842262268,0.6857587695121765,0.9558711647987366,-0.2202521562576294,0.9938004016876221,0.3125976324081421,1.0064547061920166,-0.0211833193898201,0.9895851016044617,0.8218356370925903,1.2975836992263794,-0.2694365978240967,0.11213470995426178,0.22884885966777802,1.3737972974777222,0.024276364594697952,0.06300626695156097,0.8602254986763,1.49478280544281,-0.34652698040008545,0.07862918823957443,0.22622542083263397,1.6173169612884521,-0.26742929220199585,0.030177105218172073
1,0.35342544317245483,0.7251792550086975,-0.38295942544937134,0.9997780323028564,0.36630991101264954,0.6702211499214172,-0.3997015655040741,0.9996179342269897,0.37890371680259705,0.6645567417144775,-0.3996654152870178,0.9996985793113708,0.3927711546421051,0.6584806442260742,-0.3998158872127533,0.9997045993804932,0.3360748887062073,0.6899583339691162,-0.33339765667915344,0.9995375275611877,0.32765036821365356,0.6979774236679077,-0.3325842320919037,0.9995626211166382,0.3195182681083679,0.7055715322494507,-0.33295804262161255,0.999537467956543,0.45480433106422424,0.6796470880508423,-0.3733961582183838,0.9997748136520386,0.3458161950111389,0.7273900508880615,-0.03070375695824623,0.999542772769928,0.39563605189323425,0.7569219470024109,-0.3612655997276306,0.9996798634529114,0.3567929267883301,0.7810399532318115,-0.267595112323761,0.999434769153595,0.6787644028663635,0.955708920955658,-0.2826001048088074,0.9971638321876526,0.3024355471134186,0.9958376288414001,0.0034958403557538986,0.9949491620063782,0.8264905214309692,1.2936785221099854,-0.326867014169693,0.12957482039928436,0.2126161754131317,1.3562018871307373,0.09627144038677216,0.05965140089392662,0.8568932414054871,1.5696158409118652,-0.41967564821243286,0.08392010629177094,0.21504712104797363,1.642035722732544,-0.18369658291339874,0.033797487616539
1,0.49243372678756714,0.8486260175704956,-1.0956175327301025,0.998941957950592,0.5295410752296448,0.7994767427444458,-1.0532978773117065,0.998225748538971,0.5469502806663513,0.8005943298339844,-1.0536538362503052,0.9977619051933289,0.5623859763145447,0.8008040189743042,-1.05387282371521,0.9975593686103821,0.4750341475009918,0.7850658297538757,-1.0476453304290771,0.9987490773200989,0.4577654004096985,0.7778440713882446,-1.046659231185913,0.9987187385559082,0.44146138429641724,0.7691134810447693,-1.0471198558807373,0.9989650845527649,0.5868490934371948,0.8005510568618774,-0.6627219915390015,0.9969838857650757,0.42261356115341187,0.763124406337738,-0.6160949468612671,0.9990513324737549,0.5197001695632935,0.8907444477081299,-0.9373065233230591,0.9976206421852112,0.4640575349330902,0.8841577172279358,-0.9264159202575684,0.9988023638725281,0.6993647217750549,0.9901534914970398,-0.3623560667037964,0.9397792220115662,0.3075251579284668,0.9654974341392517,-0.25594550371170044,0.9777336716651917,0.7921403050422668,1.3247177600860596,-0.2831442654132843,0.1710205227136612,0.19851970672607422,1.3591119050979614,0.06355530768632889,0.4063540995121002,0.7974697351455688,1.5468955039978027,-0.6302676200866699,0.11196456849575043,0.19154831767082214,1.6299463510513306,-0.20117275416851044,0.1832200288772583
0,0.4498516917228699,0.4828602969646454,-1.0551152229309082,0.9999383687973022,0.4849375784397125,0.4048670828342438,-1.0045462846755981,0.9998674392700195,0.5084863305091858,0.40413132309913635,-1.0047032833099365,0.9998618960380554,0.5289118885993958,0.4033735692501068,-1.0050017833709717,0.9998286962509155,0.41937318444252014,0.40776094794273376,-0.9857840538024902,0.999879002571106,0.4010530114173889,0.4074014723300934,-0.9846583604812622,0.9998846650123596,0.38805344700813293,0.4076944589614868,-0.9850625991821289,0.9998903274536133,0.5561972856521606,0.4244557321071625,-0.5710074305534363,0.9998226761817932,0.37488457560539246,0.4325319528579712,-0.45484548807144165,0.9999339580535889,0.49170559644699097,0.5515365600585938,-0.886806309223175,0.9999388456344604,0.4118473529815674,0.5533403754234314,-0.8536390066146851,0.9999588131904602,0.7329990863800049,0.7657285332679749,-0.24711379408836365,0.9979689121246338,0.24871215224266052,0.7655408382415771,-0.19257859885692596,0.9994770884513855,0.9018105268478394,1.189565658569336,-0.27346324920654297,0.1646757870912552,0.12273678928613663,1.205879807472229,-0.06430977582931519,0.5850475430488586,0.9278561472892761,1.469018578529358,-0.7517272233963013,0.08573612570762634,0.12056098133325577,1.5397323369979858,-0.5968659520149231,0.2304196059703827
0,0.4310464859008789,0.4924267530441284,-0.9479321241378784,0.9999514222145081,0.4725210666656494,0.41618967056274414,-0.9069655537605286,0.999889075756073,0.4972141683101654,0.41491714119911194,-0.9070132374763489,0.9998958110809326,0.5199736952781677,0.41432255506515503,-0.9071179628372192,0.9998707175254822,0.41017967462539673,0.41981616616249084,-0.8877043724060059,0.9998956322669983,0.3958398699760437,0.41962793469429016,-0.8866614103317261,0.9999096393585205,0.38018694519996643,0.41991329193115234,-0.8870506286621094,0.9999070167541504,0.5531042218208313,0.43315044045448303,-0.5220082402229309,0.999875545501709,0.37156403064727783,0.44241082668304443,-0.396248996257782,0.9999396204948425,0.47865810990333557,0.5587209463119507,-0.7957034111022949,0.9999553561210632,0.4014170169830322,0.5617672801017761,-0.761603593826294,0.9999611973762512,0.7392990589141846,0.7833927869796753,-0.19828590750694275,0.9986276030540466,0.24598908424377441,0.7701044082641602,-0.13868194818496704,0.9996225833892822,0.9057625532150269,1.1810359954833984,-0.499376118183136,0.19908222556114197,0.1300049126148224,1.1925164461135864,0.1276293247938156,0.5264806747436523,0.8756903409957886,0.986034631729126,-0.9563549160957336,0.138580784201622,0.1264742761850357,1.5625075101852417,-0.16932669281959534,0.17945457994937897
0,0.4341093599796295,0.4932885468006134,-0.9289449453353882,0.999956488609314,0.4739205241203308,0.41650766134262085,-0.8912620544433594,0.9999009966850281,0.49832096695899963,0.4151965379714966,-0.8914273381233215,0.9999042749404907,0.5207920074462891,0.41453424096107483,-0.8918970823287964,0.9998844265937805,0.4106963276863098,0.4203711450099945,-0.8691338300704956,0.9999083280563354,0.3955859839916229,0.42033252120018005,-0.8681734800338745,0.9999182820320129,0.3801165223121643,0.4205709993839264,-0.868552565574646,0.9999184608459473,0.5530354976654053,0.43319466710090637,-0.49059778451919556,0.9998855590820312,0.37096643447875977,0.4440387189388275,-0.34560197591781616,0.999946653842926,0.48118454217910767,0.559822678565979,-0.767263650894165,0.9999567866325378,0.4030294418334961,0.5631005764007568,-0.7267347574234009,0.9999635219573975,0.7373326420783997,0.7836655974388123,-0.1620195060968399,0.9982637763023376,0.24859988689422607,0.7728382349014282,-0.11795183271169662,0.9996271133422852,0.9191737174987793,1.0036698579788208,-0.2249806672334671,0.2004648745059967,0.1358065903186798,1.06693696975708,0.03809123858809471,0.514999270439148,0.9155394434928894,1.3499647378921509,-0.6075190901756287,0.20187880098819733,0.1378343105316162,1.5664160251617432,-0.32121720910072327,0.21169406175613403
0,0.43986815214157104,0.49351897835731506,-0.7762845158576965,0.9999674558639526,0.47658461332321167,0.4163116216659546,-0.7445048093795776,0.9999272227287292,0.5002633333206177,0.41486361622810364,-0.7443500757217407,0.9999282956123352,0.5224364995956421,0.41400420665740967,-0.7442989349365234,0.9999158382415771,0.41239839792251587,0.4204051196575165,-0.724004864692688,0.9999322891235352,0.39662057161331177,0.4204566180706024,-0.7227179408073425,0.9999372959136963,0.38172754645347595,0.42081233859062195,-0.7229171991348267,0.9999388456344604,0.5537697076797485,0.43276453018188477,-0.4077211916446686,0.9999164342880249,0.3705739378929138,0.44478923082351685,-0.28267964720726013,0.9999594688415527,0.4871464669704437,0.5604186654090881,-0.6401322484016418,0.9999669790267944,0.4074375629425049,0.5638865828514099,-0.6061192154884338,0.9999716877937317,0.7386994361877441,0.7782788872718811,-0.1389831006526947,0.9986417889595032,0.2494204044342041,0.7755181789398193,-0.07592719793319702,0.9996032118797302,0.993151068687439,1.2009413242340088,-0.49389582872390747,0.22556185722351074,0.14199280738830566,1.1437995433807373,0.06712348759174347,0.44194045662879944,0.9195035099983215,0.8073276281356812,-1.0068342685699463,0.2759131193161011,0.1401968151330948,1.5903546810150146,-0.2538795471191406,0.1878003180027008
0,0.4401910901069641,0.4946599006652832,-0.7288184762001038,0.9999734163284302,0.4765011668205261,0.4169692099094391,-0.7021381855010986,0.9999433755874634,0.5000885725021362,0.41551530361175537,-0.7017868161201477,0.9999426007270813,0.5222175121307373,0.41471734642982483,-0.7017989158630371,0.9999358654022217,0.411947637796402,0.4215226471424103,-0.6724903583526611,0.9999462962150574,0.39589500427246094,0.42181140184402466,-0.6710366010665894,0.9999464750289917,0.3805335462093353,0.4224148690700531,-0.6711469292640686,0.99994957447052,0.5532425045967102,0.4335494041442871,-0.38626760244369507,0.9999363422393799,0.3689230978488922,0.4467581510543823,-0.22255893051624298,0.9999653100967407,0.4873318672180176,0.5623953342437744,-0.6021578907966614,0.9999731779098511,0.40700608491897583,0.565405011177063,-0.5567229986190796,0.9999756217002869,0.7386214733123779,0.7800818681716919,-0.18043982982635498,0.9989107251167297,0.2513388693332672,0.7740861177444458,-0.008221547119319439,0.9995685815811157,0.9540953636169434,1.0758575201034546,-0.488651841878891,0.2550840377807617,0.15090453624725342,1.0760560035705566,0.05509674549102783,0.3708201050758362,0.8950231671333313,0.7507383227348328,-0.7976030707359314,0.30738145112991333,0.13973136246204376,1.5867334604263306,-0.4219958186149597,0.16166532039642334
0,0.44883647561073303,0.4915366470813751,-0.7589598894119263,0.9999803304672241,0.4821113646030426,0.41457098722457886,-0.7255586385726929,0.9999601244926453,0.5055530071258545,0.41386085748672485,-0.7251590490341187,0.9999583959579468,0.5264030694961548,0.4133685231208801,-0.7250463962554932,0.9999552965164185,0.4154973030090332,0.4166485369205475,-0.7037733793258667,0.9999614953994751,0.39822643995285034,0.4169662892818451,-0.7023491859436035,0.9999591708183289,0.38390547037124634,0.4176510274410248,-0.7024735808372498,0.9999622106552124,0.5542894601821899,0.4332583248615265,-0.3934129476547241,0.9999562501907349,0.36886411905288696,0.44514891505241394,-0.2630103528499603,0.9999738335609436,0.4926699995994568,0.5620019435882568,-0.628313422203064,0.9999802708625793,0.41178956627845764,0.5635845065116882,-0.5929160714149475,0.9999812841415405,0.7362105250358582,0.7759297490119934,-0.15997005999088287,0.9991874098777771,0.2545355260372162,0.7738065123558044,-0.06286844611167908,0.9995542764663696,0.9576131701469421,1.0358567237854004,-0.4911669194698334,0.3176761269569397,0.1511445939540863,1.0690281391143799,0.06739035993814468,0.3155518174171448,0.8969160914421082,0.7420457005500793,-0.8961065411567688,0.42711466550827026,0.13232779502868652,1.5849807262420654,-0.2528333067893982,0.1566482037305832
0,0.4499528408050537,0.4881819188594818,-0.8075792193412781,0.9999809861183167,0.48344987630844116,0.41204097867012024,-0.7697886228561401,0.9999632239341736,0.506743311882019,0.41189607977867126,-0.7698076367378235,0.9999598264694214,0.5273085832595825,0.41165003180503845,-0.7700320482254028,0.9999597668647766,0.41623932123184204,0.41320714354515076,-0.7460972666740417,0.9999640583992004,0.39894425868988037,0.4134717881679535,-0.7448816299438477,0.9999591112136841,0.3852219581604004,0.4145447313785553,-0.7452216744422913,0.9999635815620422,0.5546165704727173,0.43196624517440796,-0.4261649250984192,0.9999589920043945,0.3694533705711365,0.4431292712688446,-0.28829050064086914,0.9999727606773376,0.49372726678848267,0.5592597126960754,-0.6734591126441956,0.9999801516532898,0.41257962584495544,0.5601948499679565,-0.633699893951416,0.9999805688858032,0.7414671182632446,0.7772397398948669,-0.20495598018169403,0.9992433190345764,0.24979093670845032,0.774821400642395,-0.12408977746963501,0.9995575547218323,0.929477870464325,1.2620556354522705,-0.23568980395793915,0.25355666875839233,0.1408093124628067,1.0671863555908203,-0.04167080670595169,0.29616016149520874,0.9396116137504578,1.4536817073822021,-0.5555101037025452,0.3054088056087494,0.11220308393239975,1.5989549160003662,-0.532253086566925,0.13378015160560608
0,0.4539426863193512,0.4866357743740082,-0.7650636434555054,0.999981701374054,0.4844733774662018,0.41051700711250305,-0.7358759641647339,0.9999663829803467,0.5074896812438965,0.4102134704589844,-0.7358861565589905,0.9999622702598572,0.5279036164283752,0.40986168384552,-0.7360416650772095,0.9999634623527527,0.4181295335292816,0.4117753803730011,-0.7134865522384644,0.9999668002128601,0.40051284432411194,0.411950945854187,-0.7122156620025635,0.9999603033065796,0.3877681493759155,0.4129384160041809,-0.71246337890625,0.9999650716781616,0.5545584559440613,0.4310377240180969,-0.40897440910339355,0.9999632239341736,0.3703896999359131,0.4422473907470703,-0.2923195958137512,0.9999744296073914,0.4966967701911926,0.5574588179588318,-0.6390331983566284,0.9999804496765137,0.41654253005981445,0.5587469339370728,-0.6025786399841309,0.999981164932251,0.7395449280738831,0.7740982174873352,-0.1645834743976593,0.999265193939209,0.24874241650104523,0.7775649428367615,-0.09536010026931763,0.9995160698890686,0.9496728181838989,1.2042819261550903,-0.5388699173927307,0.23236477375030518,0.13818536698818207,1.066526174545288,-0.02669442817568779,0.28210529685020447,0.8935233354568481,0.7789853811264038,-1.0465244054794312,0.34268683195114136,0.11718527972698212,1.5991240739822388,-0.38300004601478577,0.13559696078300476
0,0.45669373869895935,0.4857763946056366,-0.759640097618103,0.9999902248382568,0.48753947019577026,0.4098350405693054,-0.7185732126235962,0.9999823570251465,0.5100705027580261,0.40938800573349,-0.7183923125267029,0.9999799132347107,0.5296213030815125,0.4089394509792328,-0.7181673049926758,0.9999805688858032,0.42377573251724243,0.4112892746925354,-0.7009316682815552,0.9999822974205017,0.40476861596107483,0.4113374948501587,-0.6995712518692017,0.9999781847000122,0.39158734679222107,0.4120173752307892,-0.6997766494750977,0.9999807476997375,0.557254433631897,0.43085628747940063,-0.3676377236843109,0.999980628490448,0.37432050704956055,0.4413750469684601,-0.25352510809898376,0.9999867081642151,0.4985261857509613,0.5565771460533142,-0.6227472424507141,0.9999887347221375,0.4219059348106384,0.5576351284980774,-0.5950146913528442,0.9999892711639404,0.728390097618103,0.7797744870185852,-0.14844204485416412,0.9994162917137146,0.24997499585151672,0.776593804359436,-0.01793055236339569,0.9994314312934875,0.9925364255905151,1.1480027437210083,-0.6645963788032532,0.4310161769390106,0.13640575110912323,1.0581198930740356,0.13651049137115479,0.2926734685897827,0.8917252421379089,0.7897513508796692,-1.2170662879943848,0.6719374060630798,0.11902860552072525,1.5654568672180176,-0.17322956025600433,0.2056867480278015
0,0.4544309079647064,0.4856738746166229,-0.7894489169120789,0.9999846816062927,0.4868364930152893,0.4097706377506256,-0.755628764629364,0.9999740719795227,0.5095545053482056,0.40948304533958435,-0.7556246519088745,0.9999684691429138,0.5294845104217529,0.40916043519973755,-0.7559443712234497,0.9999714493751526,0.42188286781311035,0.4111883342266083,-0.7287348508834839,0.9999750852584839,0.4036770462989807,0.411251425743103,-0.7276214361190796,0.9999678730964661,0.39111870527267456,0.4119237959384918,-0.7280145883560181,0.999973714351654,0.5572568774223328,0.4309379756450653,-0.41853657364845276,0.9999687671661377,0.37459129095077515,0.44132310152053833,-0.26594507694244385,0.9999805688858032,0.4976256489753723,0.5567712783813477,-0.6581101417541504,0.9999837279319763,0.41864198446273804,0.5577160716056824,-0.6133330464363098,0.9999849200248718,0.7374935150146484,0.7867065072059631,-0.19304010272026062,0.9991559982299805,0.25065988302230835,0.7755281925201416,-0.07695849239826202,0.9994527101516724,0.8974307179450989,1.242480754852295,-0.2166212797164917,0.35175198316574097,0.13367702066898346,1.0570956468582153,0.0010568533325567842,0.32832494378089905,0.9015544056892395,1.4162750244140625,-0.48432597517967224,0.5446834564208984,0.11164060980081558,1.5726821422576904,-0.4506034255027771,0.18751470744609833
0,0.4540073871612549,0.485973060131073,-0.9624371528625488,0.9999784827232361,0.4867730140686035,0.410350501537323,-0.9239051938056946,0.9999592304229736,0.5094847679138184,0.41020727157592773,-0.9238452911376953,0.999954342842102,0.5295406579971313,0.40991613268852234,-0.9242440462112427,0.9999558925628662,0.421780526638031,0.41140061616897583,-0.9006115794181824,0.9999614357948303,0.4036831259727478,0.41140127182006836,-0.8995169401168823,0.9999557137489319,0.39127078652381897,0.4120047688484192,-0.8998273611068726,0.9999613165855408,0.5574706196784973,0.4313792288303375,-0.5511508584022522,0.999952495098114,0.3753454089164734,0.44153115153312683,-0.41387954354286194,0.999970555305481,0.49727168679237366,0.5575808882713318,-0.8147255778312683,0.9999779462814331,0.4181000590324402,0.5582053065299988,-0.7759530544281006,0.9999790191650391,0.7536610960960388,0.7915878891944885,-0.2935868799686432,0.998988151550293,0.25068286061286926,0.7771003246307373,-0.21819576621055603,0.9994853734970093,0.895356297492981,1.246242642402649,-0.2219083607196808,0.2747966945171356,0.13502363860607147,1.0586199760437012,-0.11070984601974487,0.3593491315841675,0.9177705645561218,1.6109414100646973,-0.4376499652862549,0.3942020535469055,0.11269201338291168,1.5721678733825684,-0.5708400011062622,0.16292768716812134
0,0.4347400665283203,0.483832985162735,-0.7382743954658508,0.9999755024909973,0.46985921263694763,0.409335732460022,-0.705467164516449,0.9999538660049438,0.4952319264411926,0.40876132249832153,-0.705289363861084,0.9999469518661499,0.5168229341506958,0.40892282128334045,-0.705189049243927,0.999949038028717,0.40673917531967163,0.41175490617752075,-0.6819993257522583,0.999956488609314,0.39206573367118835,0.4125899374485016,-0.6807681918144226,0.9999489784240723,0.37454432249069214,0.4147363305091858,-0.681077778339386,0.999956488609314,0.547330915927887,0.4305580258369446,-0.3843729794025421,0.9999436140060425,0.36418408155441284,0.4451272189617157,-0.2467126101255417,0.9999663233757019,0.484081894159317,0.5542700290679932,-0.6121922731399536,0.9999713897705078,0.40373116731643677,0.5563912987709045,-0.5743356943130493,0.999974250793457,0.7371991872787476,0.7882703542709351,-0.15211227536201477,0.9985923171043396,0.2523534297943115,0.7727410793304443,-0.0866222232580185,0.99941486120224,0.9231489300727844,1.2349357604980469,-0.4591186046600342,0.2191562056541443,0.14099326729774475,1.0636616945266724,-0.04238229990005493,0.3288120925426483,0.8840280771255493,1.009919285774231,-0.9097440838813782,0.3513350486755371,0.11610861867666245,1.6036745309829712,-0.40878310799598694,0.15845777094364166
0,0.38633841276168823,0.48841363191604614,-0.7174354195594788,0.9999781250953674,0.4117523729801178,0.4101211726665497,-0.7026033401489258,0.9999581575393677,0.435232937335968,0.40633466839790344,-0.7024216055870056,0.9999539852142334,0.46008700132369995,0.40078839659690857,-0.7021718621253967,0.9999546408653259,0.36056214570999146,0.42566344141960144,-0.6478027105331421,0.999959409236908,0.3453630805015564,0.42977848649024963,-0.6464531421661377,0.9999530911445618,0.3297163248062134,0.4346729516983032,-0.6467911005020142,0.9999585747718811,0.5147569179534912,0.4200403094291687,-0.4582546651363373,0.9999517202377319,0.33507126569747925,0.45553505420684814,-0.1614818274974823,0.9999690055847168,0.44139260053634644,0.5507628321647644,-0.6125906705856323,0.9999729990959167,0.3754686713218689,0.5640924572944641,-0.5345311760902405,0.9999749064445496,0.7360494136810303,0.7771432399749756,-0.26664888858795166,0.9984031915664673,0.25207680463790894,0.7708938121795654,0.04343092441558838,0.9993771314620972,0.8943352699279785,1.1957190036773682,-0.7395797967910767,0.22901342809200287,0.1301889419555664,1.1173360347747803,0.08410628139972687,0.315091609954834,0.8630198240280151,0.7999280095100403,-1.152700424194336,0.46269822120666504,0.11854834854602814,1.612663745880127,-0.32766300439834595,0.1784186065196991
0,0.3687649965286255,0.4908224046230316,-0.7103617787361145,0.9999848008155823,0.39179521799087524,0.4118976593017578,-0.6929508447647095,0.9999721050262451,0.41166192293167114,0.40525680780410767,-0.6928718686103821,0.9999691247940063,0.4341277480125427,0.398030549287796,-0.6927839517593384,0.9999701976776123,0.34398359060287476,0.43008774518966675,-0.6397265195846558,0.9999719262123108,0.32906585931777954,0.43459394574165344,-0.6382936835289001,0.9999654293060303,0.31290772557258606,0.440666139125824,-0.6385716199874878,0.9999696612358093,0.49317556619644165,0.4147588312625885,-0.41786590218544006,0.9999693036079407,0.32033583521842957,0.4570334553718567,-0.14434483647346497,0.999978244304657,0.41910576820373535,0.5469551682472229,-0.600978434085846,0.9999815821647644,0.35992175340652466,0.5655380487442017,-0.5231840014457703,0.999981701374054,0.7257060408592224,0.7598312497138977,-0.21140143275260925,0.9987865686416626,0.24282126128673553,0.7749112248420715,0.06588014215230942,0.9994229674339294,0.9428908228874207,1.188501238822937,-0.6618802547454834,0.31578442454338074,0.13675640523433685,1.2103731632232666,0.19336174428462982,0.3129611611366272,0.8797460794448853,0.834214448928833,-1.0828101634979248,0.630901575088501,0.120596744120121,1.581291675567627,-0.14642825722694397,0.20510894060134888
0,0.3650738596916199,0.49415749311447144,-0.7079441547393799,0.9999892711639404,0.389530748128891,0.4151536822319031,-0.6931259632110596,0.9999802708625793,0.4108867645263672,0.4071630835533142,-0.6927758455276489,0.9999785423278809,0.43386316299438477,0.39870956540107727,-0.6926447153091431,0.999979555606842,0.3392416536808014,0.43414169549942017,-0.6333463191986084,0.9999796748161316,0.32335561513900757,0.43961429595947266,-0.631685197353363,0.9999737739562988,0.3074631094932556,0.4462774991989136,-0.6318880915641785,0.9999762773513794,0.49123311042785645,0.41337430477142334,-0.4459596276283264,0.9999800324440002,0.314362108707428,0.4613812565803528,-0.14975790679454803,0.9999838471412659,0.4167833924293518,0.5464340448379517,-0.6112908124923706,0.9999861121177673,0.35590866208076477,0.5681015849113464,-0.5278221368789673,0.9999850988388062,0.7247446179389954,0.7616263031959534,-0.2897311747074127,0.999041736125946,0.23900118470191956,0.7796003818511963,0.07209436595439911,0.999318540096283,0.9590160250663757,1.124867558479309,-0.6261139512062073,0.4296443462371826,0.14091084897518158,1.2696382999420166,0.21787051856517792,0.26212868094444275,0.8579907417297363,0.6616955995559692,-0.7272394895553589,0.7635118365287781,0.11303706467151642,1.6282085180282593,-0.10322356224060059,0.20001687109470367
0,0.38062649965286255,0.49078044295310974,-0.7402030229568481,0.9999732375144958,0.4072997570037842,0.41206562519073486,-0.7216938734054565,0.999954342842102,0.431281179189682,0.40367457270622253,-0.7215772867202759,0.9999520182609558,0.45684105157852173,0.3961576819419861,-0.7219027876853943,0.9999563694000244,0.3539332151412964,0.43167972564697266,-0.6751031875610352,0.9999515414237976,0.3375827670097351,0.4369046092033386,-0.6738382577896118,0.9999380111694336,0.32337087392807007,0.44262805581092834,-0.6741651296615601,0.999944806098938,0.5045040845870972,0.4130706191062927,-0.46074992418289185,0.9999585151672363,0.3235456049442291,0.4618440866470337,-0.20954425632953644,0.9999572038650513,0.43699532747268677,0.5441635847091675,-0.6351582407951355,0.9999711513519287,0.36698654294013977,0.5658726096153259,-0.5630637407302856,0.9999651312828064,0.7381080389022827,0.7722799181938171,-0.26079005002975464,0.9989614486694336,0.2404039204120636,0.7805351614952087,-0.0650816336274147,0.9992650747299194,0.9414352178573608,1.2831065654754639,-0.35580629110336304,0.3336544334888458,0.14257881045341492,1.224730372428894,0.12780502438545227,0.21459397673606873,0.8928707242012024,1.3734718561172485,-0.6096500754356384,0.56256502866745,0.11663565784692764,1.6173574924468994,-0.16152501106262207,0.14827266335487366
0,0.4125262200832367,0.48525476455688477,-0.7415809631347656,0.9999836087226868,0.44698628783226013,0.40641966462135315,-0.7160123586654663,0.9999714493751526,0.4726547598838806,0.4013482928276062,-0.715639591217041,0.9999698400497437,0.49480733275413513,0.39702194929122925,-0.7155718207359314,0.9999721646308899,0.3860144019126892,0.41974127292633057,-0.6738206744194031,0.9999698996543884,0.369935005903244,0.42306020855903625,-0.6723634600639343,0.9999606609344482,0.3522365391254425,0.4272213280200958,-0.6725257635116577,0.9999646544456482,0.5305228233337402,0.41664960980415344,-0.4273219704627991,0.9999748468399048,0.3474120497703552,0.45281490683555603,-0.20405593514442444,0.9999750256538391,0.46639275550842285,0.5479692816734314,-0.625787079334259,0.999981164932251,0.38705235719680786,0.5602272748947144,-0.567242443561554,0.9999781847000122,0.743222713470459,0.7751871347427368,-0.2305481731891632,0.9990655779838562,0.24445347487926483,0.7747857570648193,0.011422851122915745,0.9992411732673645,1.004586100578308,1.1527997255325317,-0.59634929895401,0.44612348079681396,0.15141598880290985,1.0810803174972534,0.1889677792787552,0.22509926557540894,0.8950341939926147,0.703725278377533,-0.8837704658508301,0.7243106961250305,0.12142656743526459,1.6181010007858276,-0.13456733524799347,0.17317402362823486
0,0.4585849344730377,0.4842998683452606,-0.9030221700668335,0.9999868869781494,0.5010917782783508,0.4094788730144501,-0.8671251535415649,0.9999762773513794,0.5240453481674194,0.41211816668510437,-0.8669863939285278,0.9999739527702332,0.541382908821106,0.4149313271045685,-0.8670749664306641,0.999975860118866,0.43003353476524353,0.4105616807937622,-0.8353390693664551,0.9999755620956421,0.40856701135635376,0.410091757774353,-0.8341034650802612,0.9999685287475586,0.3936583995819092,0.40945175290107727,-0.8342947959899902,0.9999722838401794,0.5739012956619263,0.43832963705062866,-0.512607753276825,0.9999766945838928,0.3794177174568176,0.4391697347164154,-0.3389998972415924,0.9999799132347107,0.5007901191711426,0.5667250752449036,-0.7652148008346558,0.9999842643737793,0.41340285539627075,0.5558014512062073,-0.7150859236717224,0.9999830722808838,0.7465221881866455,0.7971300482749939,-0.2598249316215515,0.998894214630127,0.24658191204071045,0.7810008525848389,-0.1485973596572876,0.9993481636047363,0.9507558941841125,1.2886204719543457,-0.3410956859588623,0.364322304725647,0.13314080238342285,1.2257603406906128,-0.026431068778038025,0.24061807990074158,0.9364345669746399,1.5628365278244019,-0.6752500534057617,0.6037608981132507,0.12103661149740219,1.6177095174789429,-0.5307652354240417,0.16865772008895874
0,0.5576373934745789,0.493800550699234,-1.079258918762207,0.9999706745147705,0.6030030250549316,0.4289645850658417,-1.0120830535888672,0.9999537467956543,0.6220706701278687,0.43577274680137634,-1.0119192600250244,0.9999403953552246,0.6408500075340271,0.44379135966300964,-1.0118364095687866,0.9999349117279053,0.544493556022644,0.40938514471054077,-1.017841100692749,0.9999606609344482,0.5225647687911987,0.3987412750720978,-1.0171211957931519,0.9999553561210632,0.5014136433601379,0.3881395757198334,-1.0175745487213135,0.9999633431434631,0.6546465158462524,0.46935728192329407,-0.5371471643447876,0.9999277591705322,0.4641605019569397,0.4089830219745636,-0.5412569642066956,0.9999760389328003,0.5701621770858765,0.5779417157173157,-0.8923733830451965,0.9999712109565735,0.503128170967102,0.5511857867240906,-0.8996589779853821,0.9999823570251465,0.7612379193305969,0.8083912134170532,-0.1899370700120926,0.9974815249443054,0.2604357898235321,0.7717488408088684,-0.2367236167192459,0.9992790818214417,1.0022637844085693,1.1580827236175537,-0.7386361360549927,0.37988999485969543,0.1430480033159256,1.0415371656417847,-0.3667967617511749,0.38584744930267334,0.8917356729507446,0.8468437790870667,-1.5846195220947266,0.552396297454834,0.1513432115316391,1.52118718624115,-1.1048023700714111,0.25530585646629333
0,0.577707052230835,0.4895850419998169,-0.9434980154037476,0.9999386668205261,0.623934268951416,0.4305662214756012,-0.8811744451522827,0.9998981356620789,0.644189715385437,0.43978407979011536,-0.8809752464294434,0.9998676180839539,0.6625534296035767,0.4500332772731781,-0.8808528780937195,0.9998430609703064,0.5651763677597046,0.40040072798728943,-0.8831350207328796,0.9999243021011353,0.544347882270813,0.3861166536808014,-0.8821263313293457,0.9999259114265442,0.523405134677887,0.37469321489334106,-0.882501482963562,0.9999394416809082,0.6785906553268433,0.48139721155166626,-0.44589465856552124,0.9998052716255188,0.4883488118648529,0.4002308249473572,-0.4436221122741699,0.9999610185623169,0.5877342224121094,0.5763580203056335,-0.7803633809089661,0.9999422430992126,0.5195170640945435,0.5393555164337158,-0.781549334526062,0.9999748468399048,0.773082435131073,0.8261516094207764,-0.18840284645557404,0.9954310059547424,0.2650861144065857,0.771504819393158,-0.17841380834579468,0.9991873502731323,0.9828864932060242,1.167810320854187,-0.6563115119934082,0.3369086980819702,0.142083078622818,1.031853437423706,-0.08125924319028854,0.474704384803772,0.9131158590316772,0.9611325860023499,-1.4159395694732666,0.4769977629184723,0.13635532557964325,1.5210438966751099,-0.4986257553100586,0.29589447379112244
0,0.5823181867599487,0.48779529333114624,-0.7689236402511597,0.9999556541442871,0.6261672973632812,0.43136823177337646,-0.7026821374893188,0.9999253153800964,0.645959734916687,0.44120141863822937,-0.7021968960762024,0.9999018907546997,0.6642864942550659,0.45138055086135864,-0.7018388509750366,0.9998853206634521,0.5680135488510132,0.3984391987323761,-0.7083125114440918,0.9999454021453857,0.5472506284713745,0.38465699553489685,-0.7072084546089172,0.999945878982544,0.5269143581390381,0.3736954629421234,-0.707445502281189,0.9999560117721558,0.6798890233039856,0.4828238785266876,-0.29528194665908813,0.9998564720153809,0.4888595640659332,0.3989340662956238,-0.3071928024291992,0.9999715685844421,0.5938882231712341,0.575140655040741,-0.6181256771087646,0.9999549984931946,0.5271586179733276,0.5374827980995178,-0.6234325170516968,0.9999806880950928,0.7749578952789307,0.8258325457572937,-0.12018631398677826,0.996293842792511,0.26517531275749207,0.7773703932762146,-0.09909413754940033,0.99934321641922,1.052272915840149,1.1248542070388794,-0.6534900069236755,0.40577343106269836,0.14790597558021545,1.0489462614059448,-0.14783746004104614,0.4957207441329956,0.9084542393684387,0.7360896468162537,-1.2853132486343384,0.5763292908668518,0.13943400979042053,1.5569591522216797,-0.6401469111442566,0.34385114908218384
0,0.5797480344772339,0.48408761620521545,-0.7812598943710327,0.9999660849571228,0.6242101788520813,0.42969971895217896,-0.7185463309288025,0.9999411106109619,0.6432145833969116,0.4394599199295044,-0.7180620431900024,0.9999217987060547,0.6617093682289124,0.44908684492111206,-0.7178038358688354,0.9999114871025085,0.5673420429229736,0.3967469334602356,-0.7224873304367065,0.999957799911499,0.5465674996376038,0.38377025723457336,-0.7213567495346069,0.9999566078186035,0.5262181162834167,0.37327703833580017,-0.7216009497642517,0.9999651908874512,0.6785999536514282,0.48135724663734436,-0.31529003381729126,0.9998921751976013,0.48831358551979065,0.39852240681648254,-0.32324421405792236,0.9999772310256958,0.5927002429962158,0.572408139705658,-0.6338106393814087,0.9999629259109497,0.5258499979972839,0.5347233414649963,-0.6366050839424133,0.9999832510948181,0.7652180790901184,0.8173208832740784,-0.1361914724111557,0.9973025321960449,0.27530762553215027,0.7699646353721619,-0.08379081636667252,0.9994348883628845,1.076514720916748,1.0640149116516113,-0.6881061792373657,0.585726261138916,0.14954356849193573,1.0603913068771362,-0.06806334853172302,0.5522499680519104,0.8864541053771973,0.7541003823280334,-1.1770802736282349,0.7034482955932617,0.12388168275356293,1.549498200416565,-0.4562833309173584,0.3869989514350891
0,0.5796431303024292,0.48988041281700134,-0.9201868772506714,0.9999692440032959,0.623374879360199,0.43182480335235596,-0.8671844601631165,0.9999505281448364,0.6418107748031616,0.4395034909248352,-0.8670250177383423,0.9999329447746277,0.6603772640228271,0.44717323780059814,-0.8669615983963013,0.9999284744262695,0.567509114742279,0.4037325084209442,-0.8803221583366394,0.9999639391899109,0.5465971231460571,0.3908194601535797,-0.8793246150016785,0.9999606013298035,0.5255774259567261,0.37964800000190735,-0.8794541358947754,0.999968945980072,0.6716771721839905,0.47506049275398254,-0.42149537801742554,0.9999115467071533,0.48538127541542053,0.40035173296928406,-0.44546541571617126,0.9999783039093018,0.5917876958847046,0.572697103023529,-0.748935341835022,0.9999682903289795,0.5271622538566589,0.5433151721954346,-0.7582682371139526,0.999984622001648,0.7514216899871826,0.7998266220092773,-0.15729811787605286,0.9978822469711304,0.274347722530365,0.7769380211830139,-0.17110759019851685,0.9994718432426453,0.9461406469345093,1.1182174682617188,-0.5518351197242737,0.45659637451171875,0.15723004937171936,1.0698341131210327,-0.13191340863704681,0.5188433527946472,0.9264860153198242,0.9064686298370361,-1.342984914779663,0.5945683717727661,0.1547364890575409,1.558089017868042,-0.5687099695205688,0.32738247513771057
0,0.566238522529602,0.49038031697273254,-0.8240567445755005,0.9999735355377197,0.6051129102706909,0.43110397458076477,-0.7722797393798828,0.9999591708183289,0.623458206653595,0.43761149048805237,-0.7720834016799927,0.9999454021453857,0.6408189535140991,0.4437631368637085,-0.7720845937728882,0.9999445080757141,0.5481220483779907,0.4047735035419464,-0.7693612575531006,0.9999690055847168,0.5273534655570984,0.39293771982192993,-0.7683192491531372,0.9999643564224243,0.5078992247581482,0.38278791308403015,-0.7685804963111877,0.9999718070030212,0.6571885347366333,0.4703809916973114,-0.3787919580936432,0.9999312162399292,0.47626957297325134,0.4046681523323059,-0.33357447385787964,0.9999792575836182,0.5823032259941101,0.5704031586647034,-0.672126293182373,0.9999722838401794,0.5179409384727478,0.5457049608230591,-0.6633142232894897,0.9999851584434509,0.7468290328979492,0.793752908706665,-0.1444796472787857,0.9984148144721985,0.27273619174957275,0.7766467332839966,-0.12351596355438232,0.9994954466819763,0.9156184196472168,1.2126866579055786,-0.3138868808746338,0.35573408007621765,0.15145859122276306,1.0428516864776611,-0.2002827376127243,0.4682140052318573,0.9628335237503052,1.324752688407898,-0.8658944964408875,0.5138570666313171,0.15005390346050262,1.5196658372879028,-0.8578332662582397,0.264555424451828
0,0.4962763786315918,0.509540319442749,-1.1506452560424805,0.9998320937156677,0.530213475227356,0.46152544021606445,-1.086998701095581,0.9996685981750488,0.5484405755996704,0.4656321704387665,-1.0874407291412354,0.9996349811553955,0.5622976422309875,0.46875035762786865,-1.0876374244689941,0.9996249079704285,0.4680888056755066,0.44771629571914673,-1.0895287990570068,0.9996853470802307,0.4492678642272949,0.4445580542087555,-1.0888378620147705,0.9996867179870605,0.43074241280555725,0.443408340215683,-1.089446783065796,0.9997071623802185,0.5800963640213013,0.4893527925014496,-0.5907173156738281,0.999555766582489,0.40868863463401794,0.47063031792640686,-0.5820666551589966,0.9997533559799194,0.5264744162559509,0.5816863775253296,-0.9609916806221008,0.9998682737350464,0.4545612335205078,0.5761728882789612,-0.9583055377006531,0.9998906254768372,0.7121404409408569,0.7822974920272827,-0.2255319058895111,0.9987243413925171,0.27565905451774597,0.7941734194755554,-0.2969227433204651,0.9991951584815979,0.875977635383606,1.0974615812301636,-0.34571388363838196,0.2686174213886261,0.18167182803153992,1.1961733102798462,-0.3474443852901459,0.44006145000457764,0.9475201368331909,1.2967227697372437,-1.1288750171661377,0.19758149981498718,0.16345490515232086,1.521748423576355,-1.0504769086837769,0.15846623480319977
0,0.4880445599555969,0.5548303723335266,-1.1393247842788696,0.999477207660675,0.5189144611358643,0.4970237910747528,-1.0710784196853638,0.9991212487220764,0.5358953475952148,0.49920615553855896,-1.0718131065368652,0.9990018010139465,0.5481399297714233,0.5007593035697937,-1.0719854831695557,0.9990102648735046,0.4606627821922302,0.49191078543663025,-1.0958964824676514,0.9991542100906372,0.44200730323791504,0.49044230580329895,-1.0961427688598633,0.9991220831871033,0.4242975115776062,0.4897390902042389,-1.0970532894134521,0.9992409348487854,0.562484860420227,0.519995391368866,-0.5441128611564636,0.9987913966178894,0.4008723199367523,0.5078967213630676,-0.6438041925430298,0.9994109272956848,0.5151630640029907,0.6205825209617615,-0.9285653829574585,0.9995999336242676,0.4509654641151428,0.6213194131851196,-0.954645037651062,0.9997044801712036,0.681404173374176,0.7826482653617859,-0.14399391412734985,0.9977248311042786,0.28181391954421997,0.8016156554222107,-0.28203874826431274,0.9980424642562866,0.8592343330383301,1.107811450958252,-0.4620791971683502,0.29487529397010803,0.17765387892723083,1.2132339477539062,-0.2787734866142273,0.46330389380455017,0.8678222894668579,1.0283522605895996,-1.3857702016830444,0.22345560789108276,0.1925099939107895,1.5268253087997437,-0.8807481527328491,0.174223855137825
0,0.4863376021385193,0.5755479335784912,-0.9554446935653687,0.9993653893470764,0.5150248408317566,0.5208498239517212,-0.8969722986221313,0.9989432692527771,0.5303520560264587,0.523471474647522,-0.8972920179367065,0.9987717270851135,0.5417324900627136,0.5254374742507935,-0.8978560566902161,0.9988317489624023,0.4605759084224701,0.51222163438797,-0.9018925428390503,0.9989874958992004,0.44180136919021606,0.5102664828300476,-0.9011344909667969,0.9989308714866638,0.4244724214076996,0.5093305110931396,-0.9015278816223145,0.9990951418876648,0.5552835464477539,0.5422696471214294,-0.4498417377471924,0.998533308506012,0.39816468954086304,0.5286296010017395,-0.4528869688510895,0.9992157220840454,0.5110085606575012,0.6438737511634827,-0.7843433618545532,0.9995021820068359,0.4482715129852295,0.6403636932373047,-0.7850961685180664,0.9996072053909302,0.6732744574546814,0.7973872423171997,-0.12719987332820892,0.9974250197410583,0.2780875563621521,0.8256597518920898,-0.20705223083496094,0.9978187680244446,0.8308623433113098,1.146958827972412,-0.06285884231328964,0.28840962052345276,0.22583246231079102,1.231370449066162,-0.17937365174293518,0.43213242292404175,0.869390606880188,1.3589210510253906,-0.46806851029396057,0.20589016377925873,0.23626747727394104,1.540332555770874,-0.7108392715454102,0.14775913953781128
0,0.48715823888778687,0.5845863223075867,-0.849213719367981,0.999506413936615,0.5152231454849243,0.5316752195358276,-0.7901018857955933,0.9991847276687622,0.5294443368911743,0.5334972739219666,-0.7903585433959961,0.9990571737289429,0.5418074727058411,0.5350306034088135,-0.7909253835678101,0.9991249442100525,0.46165943145751953,0.5245145559310913,-0.7891526818275452,0.9992048740386963,0.4424133896827698,0.5228631496429443,-0.788107693195343,0.9991484880447388,0.42484211921691895,0.5217493176460266,-0.7883645296096802,0.9992783069610596,0.5559270977973938,0.5499486327171326,-0.3650215268135071,0.9988987445831299,0.3970930278301239,0.539655327796936,-0.34294185042381287,0.9993114471435547,0.5115954279899597,0.6502494812011719,-0.6883878707885742,0.999609649181366,0.44805020093917847,0.6500131487846375,-0.6824193000793457,0.9996566772460938,0.6763443350791931,0.8019407391548157,-0.11553976684808731,0.9977970719337463,0.28274834156036377,0.82857346534729,-0.13536959886550903,0.9979904890060425,0.8058999180793762,1.1729933023452759,-0.05699407309293747,0.2777290642261505,0.25180181860923767,1.2266079187393188,-0.08098616451025009,0.38644781708717346,0.8598888516426086,1.4705792665481567,-0.4197172522544861,0.1395149827003479,0.22577476501464844,1.5391021966934204,-0.5997422933578491,0.10960856080055237
0,0.48811325430870056,0.5833207964897156,-0.9583648443222046,0.9996047616004944,0.5156534314155579,0.5302090048789978,-0.8896273374557495,0.9993468523025513,0.52958744764328,0.5323317646980286,-0.8898919820785522,0.9992470145225525,0.5426923036575317,0.5341530442237854,-0.8905820846557617,0.9993036389350891,0.46234336495399475,0.5226432085037231,-0.8934997320175171,0.9993563890457153,0.4425877630710602,0.5209676027297974,-0.892492949962616,0.9993118643760681,0.42515629529953003,0.5198299884796143,-0.8927076458930969,0.999413251876831,0.5565407276153564,0.5499177575111389,-0.417004257440567,0.9991306066513062,0.3972697854042053,0.5391319990158081,-0.42439526319503784,0.9994208812713623,0.5130940675735474,0.6496648192405701,-0.7844825983047485,0.9996859431266785,0.44880157709121704,0.6489028334617615,-0.7827207446098328,0.9997075200080872,0.6765360236167908,0.8046053647994995,-0.13144263625144958,0.9981193542480469,0.28222420811653137,0.8299989700317383,-0.18634822964668274,0.9982538223266602,0.8169983625411987,1.1559404134750366,-0.13033470511436462,0.28776922821998596,0.24478428065776825,1.220206379890442,-0.053763993084430695,0.4066624641418457,0.9093817472457886,1.404754638671875,-0.7101746201515198,0.11048510670661926,0.1917332410812378,1.540101408958435,-0.5113921165466309,0.105075404047966
0,0.4889903664588928,0.5889193415641785,-0.9202296137809753,0.9996480345726013,0.5162184834480286,0.5348597168922424,-0.8634562492370605,0.9993968605995178,0.5297344923019409,0.5371050238609314,-0.8637546300888062,0.9993264079093933,0.5433674454689026,0.5389322638511658,-0.8643332719802856,0.9993717074394226,0.4636154770851135,0.5264350175857544,-0.8576337695121765,0.999396800994873,0.4434441924095154,0.5245216488838196,-0.8566769361495972,0.9993670582771301,0.4257713258266449,0.523210346698761,-0.8570075035095215,0.9994438290596008,0.5574594736099243,0.5560227036476135,-0.4399537444114685,0.999226450920105,0.3972224295139313,0.5435182452201843,-0.39513736963272095,0.9994267821311951,0.5135614275932312,0.6549059748649597,-0.7622604966163635,0.9997144937515259,0.4490707516670227,0.654011070728302,-0.748304545879364,0.9997104406356812,0.6753607392311096,0.811870813369751,-0.1600581854581833,0.9982728958129883,0.2814946472644806,0.8335341215133667,-0.1550942361354828,0.9984286427497864,0.8208342790603638,1.1641762256622314,-0.1413135975599289,0.29553475975990295,0.24028058350086212,1.2144562005996704,0.022475840523838997,0.4025025963783264,0.889067530632019,1.420632004737854,-0.5828547477722168,0.08537239581346512,0.19538947939872742,1.5470995903015137,-0.35391664505004883,0.09017066657543182
0,0.4893297553062439,0.593323826789856,-0.9331677556037903,0.9996520280838013,0.5162770748138428,0.5385223627090454,-0.8791419267654419,0.9993751049041748,0.5295137166976929,0.5408793687820435,-0.879486083984375,0.999317467212677,0.5431674122810364,0.5426580905914307,-0.8801425099372864,0.9993509650230408,0.46381068229675293,0.5297439098358154,-0.8770698308944702,0.9993851184844971,0.4433716833591461,0.527738630771637,-0.8763551712036133,0.9993712902069092,0.42576876282691956,0.52638179063797,-0.8767584562301636,0.9994382858276367,0.5570060014724731,0.5599844455718994,-0.46025794744491577,0.9992027878761292,0.3967716693878174,0.5473476648330688,-0.44028544425964355,0.99941086769104,0.5136833786964417,0.6595153212547302,-0.7781993746757507,0.9997062683105469,0.4490019679069519,0.6584883332252502,-0.7700465321540833,0.9997028112411499,0.6720489263534546,0.8143618106842041,-0.16622182726860046,0.9982119202613831,0.27748197317123413,0.8375842571258545,-0.20751793682575226,0.9985182285308838,0.8195107579231262,1.1532350778579712,-0.11335206031799316,0.29185500741004944,0.23701374232769012,1.214013934135437,-0.07704217731952667,0.41754627227783203,0.890871524810791,1.4134509563446045,-0.5663765072822571,0.07201185077428818,0.20213012397289276,1.5451281070709229,-0.4650154113769531,0.08694960922002792
0,0.48650631308555603,0.5936535000801086,-0.9608451128005981,0.9996672868728638,0.5136820077896118,0.5391241312026978,-0.9111221432685852,0.9993799924850464,0.5268818140029907,0.5414712429046631,-0.9113848805427551,0.9993541836738586,0.5402501821517944,0.5431877970695496,-0.9119842648506165,0.9993606209754944,0.46189379692077637,0.5303035378456116,-0.9130098223686218,0.9993929862976074,0.4418829083442688,0.5282102823257446,-0.9122759103775024,0.9994021058082581,0.4248497486114502,0.5267295241355896,-0.9126025438308716,0.9994430541992188,0.5563539266586304,0.5596382021903992,-0.48984354734420776,0.9992513060569763,0.396532267332077,0.5463395714759827,-0.48170191049575806,0.9994409680366516,0.512118399143219,0.6592187881469727,-0.7968806624412537,0.9997126460075378,0.4478093683719635,0.6582807302474976,-0.7946840524673462,0.9997079372406006,0.6713331937789917,0.8142440319061279,-0.16395148634910583,0.9983204007148743,0.27683016657829285,0.8369127511978149,-0.23194298148155212,0.9986752867698669,0.8062958717346191,1.1578803062438965,-0.07342363148927689,0.2908982038497925,0.23118050396442413,1.200791597366333,-0.07885488122701645,0.43554648756980896,0.8492752313613892,1.4214788675308228,-0.5017834901809692,0.06433840095996857,0.20947718620300293,1.5254465341567993,-0.476901113986969,0.08703705668449402
0,0.4861273765563965,0.5966060161590576,-1.0406287908554077,0.9996817111968994,0.5131539106369019,0.5414426326751709,-0.9887426495552063,0.9994041919708252,0.5263020396232605,0.5432955026626587,-0.9890543818473816,0.9993764758110046,0.5402858853340149,0.544638454914093,-0.9896360635757446,0.9993731379508972,0.46054548025131226,0.5339597463607788,-0.9874424934387207,0.9994168281555176,0.44033241271972656,0.5322321653366089,-0.9866258502006531,0.999424934387207,0.42354297637939453,0.5311287045478821,-0.986965537071228,0.9994637370109558,0.5578945279121399,0.5596883893013,-0.5420635938644409,0.9992882013320923,0.39649152755737305,0.5488303899765015,-0.5181315541267395,0.9994831085205078,0.5126647353172302,0.6606788635253906,-0.864571750164032,0.9997307062149048,0.4482022225856781,0.6612643599510193,-0.8575145602226257,0.9997298717498779,0.6744142770767212,0.8084965944290161,-0.1933824121952057,0.9984119534492493,0.2783191204071045,0.8353784084320068,-0.223893404006958,0.9988190531730652,0.806369960308075,1.156181812286377,-0.0776878297328949,0.29396852850914,0.2266542911529541,1.2052803039550781,-0.07620809227228165,0.4711722731590271,0.84556645154953,1.4298158884048462,-0.5118324756622314,0.059698108583688736,0.2213260680437088,1.5168497562408447,-0.5434218645095825,0.10037165880203247
0,0.48757654428482056,0.599082350730896,-0.9246209859848022,0.9997197985649109,0.5137394070625305,0.5439220666885376,-0.876974880695343,0.9994687438011169,0.5267720818519592,0.5455955862998962,-0.8772276639938354,0.999457597732544,0.5413954854011536,0.5467210412025452,-0.8777605295181274,0.9994522929191589,0.4620421528816223,0.5371081829071045,-0.8713968992233276,0.9994732141494751,0.4418298602104187,0.5355929136276245,-0.8704198598861694,0.9994826912879944,0.42478594183921814,0.5346371531486511,-0.8706380128860474,0.9995078444480896,0.5593709945678711,0.5609538555145264,-0.46722331643104553,0.9993841648101807,0.3976372480392456,0.5512680411338806,-0.42051559686660767,0.9995229244232178,0.5142165422439575,0.6619952321052551,-0.7652501463890076,0.9997584819793701,0.44963961839675903,0.663226306438446,-0.7518972158432007,0.9997486472129822,0.6796537637710571,0.8096821904182434,-0.17646615207195282,0.998505711555481,0.282667875289917,0.834054172039032,-0.15604045987129211,0.9988675117492676,0.7969515323638916,1.1593883037567139,-0.06909595429897308,0.29063305258750916,0.24782736599445343,1.2047048807144165,-0.004934600554406643,0.4592691659927368,0.8363087773323059,1.449820637702942,-0.41377076506614685,0.05478814244270325,0.2455156296491623,1.4987328052520752,-0.4310024380683899,0.0948735699057579
0,0.45296400785446167,0.5623064637184143,-1.0016920566558838,0.9998614192008972,0.4929656386375427,0.5008143186569214,-0.9632390141487122,0.9997377991676331,0.5162441730499268,0.5021167993545532,-0.9633182287216187,0.9997326135635376,0.5343537330627441,0.5030604004859924,-0.9638090133666992,0.9997276067733765,0.4265593886375427,0.4980769455432892,-0.9437629580497742,0.9997405409812927,0.4082058370113373,0.49791842699050903,-0.9426007270812988,0.9997450709342957,0.3940574526786804,0.49830102920532227,-0.9427221417427063,0.9997552037239075,0.5642535090446472,0.5198728442192078,-0.5928124189376831,0.9997006058692932,0.3856807351112366,0.5171163082122803,-0.4272395074367523,0.9997723698616028,0.5015333890914917,0.6358121633529663,-0.8500555753707886,0.999880313873291,0.41965699195861816,0.6345660090446472,-0.8009116053581238,0.9998771548271179,0.7215721011161804,0.8093699216842651,-0.31244510412216187,0.9988727569580078,0.26612865924835205,0.8180709481239319,-0.1191510409116745,0.9992679953575134,0.8897849917411804,1.157393217086792,-0.3387145400047302,0.23998253047466278,0.15149487555027008,1.058982491493225,0.12375245988368988,0.45522087812423706,0.9109699130058289,1.478642225265503,-0.715951681137085,0.04868384078145027,0.1742495745420456,1.493079662322998,-0.290897011756897,0.10571835190057755
0,0.4507520794868469,0.5765382647514343,-1.1965644359588623,0.9998773336410522,0.48707666993141174,0.5025720596313477,-1.1689058542251587,0.9997580647468567,0.5110649466514587,0.5032249093055725,-1.1691092252731323,0.9997596740722656,0.5293468236923218,0.5034393668174744,-1.169636845588684,0.9997418522834778,0.41926389932632446,0.5029342174530029,-1.1401036977767944,0.9997605681419373,0.4001888334751129,0.5037612318992615,-1.1391021013259888,0.9997692704200745,0.38712793588638306,0.5042098164558411,-1.1393343210220337,0.9997713565826416,0.5611243844032288,0.5170390009880066,-0.7629290819168091,0.9997386336326599,0.3751647174358368,0.5178952217102051,-0.5953172445297241,0.9998065233230591,0.49850910902023315,0.6488419771194458,-1.027734637260437,0.9998993277549744,0.4153229594230652,0.6484642028808594,-0.9798105359077454,0.9998989701271057,0.7334827184677124,0.8104231953620911,-0.42489194869995117,0.9988978505134583,0.25364169478416443,0.8155750036239624,-0.22760805487632751,0.9993683695793152,0.9099299311637878,1.2006365060806274,-0.4552880823612213,0.23019857704639435,0.15467576682567596,1.0720698833465576,0.034144606441259384,0.4553363621234894,0.9032356142997742,1.5068970918655396,-0.9405953288078308,0.04452968016266823,0.16313260793685913,1.5507779121398926,-0.49142417311668396,0.10788518190383911
0,0.4514426290988922,0.5798882842063904,-1.2245925664901733,0.9998881816864014,0.48990598320961,0.5039721727371216,-1.1950371265411377,0.9997804760932922,0.5137973427772522,0.50409334897995,-1.1951707601547241,0.9997825026512146,0.5320966839790344,0.5040819048881531,-1.1956535577774048,0.9997575283050537,0.41974806785583496,0.5050426125526428,-1.1694303750991821,0.9997844696044922,0.4006195664405823,0.505842924118042,-1.1684561967849731,0.9997934103012085,0.38693204522132874,0.5062450170516968,-1.1687031984329224,0.9997928142547607,0.5639749765396118,0.5164174437522888,-0.7820634245872498,0.999770998954773,0.3741873800754547,0.5185264945030212,-0.634992241859436,0.999836802482605,0.5000526905059814,0.6536088585853577,-1.053176999092102,0.9999144077301025,0.4158526360988617,0.6511980295181274,-1.0110290050506592,0.9999165534973145,0.7336499094963074,0.8096388578414917,-0.423687219619751,0.998865008354187,0.2517799735069275,0.8127419948577881,-0.2653857171535492,0.9994234442710876,0.9109491109848022,1.1984750032424927,-0.44876161217689514,0.23433434963226318,0.151778444647789,1.0680885314941406,-0.06664322316646576,0.47679564356803894,0.8959434628486633,1.495209813117981,-0.859864354133606,0.04521825164556503,0.16316217184066772,1.5474860668182373,-0.6165036559104919,0.11891942471265793
0,0.4709908366203308,0.5810907483100891,-1.3124769926071167,0.9998684525489807,0.5095793008804321,0.5047979354858398,-1.2870761156082153,0.9997606873512268,0.5303252935409546,0.504647970199585,-1.2873259782791138,0.9997445940971375,0.5483582019805908,0.5044692158699036,-1.2875697612762451,0.9997125864028931,0.43936505913734436,0.5061714053153992,-1.265918493270874,0.9997729063034058,0.41686075925827026,0.5064501166343689,-1.265108346939087,0.9997715353965759,0.39779189229011536,0.5064904689788818,-1.2654750347137451,0.9997833371162415,0.5768886208534241,0.5168238878250122,-0.8516696691513062,0.9997357726097107,0.3804706335067749,0.5174016356468201,-0.7238814830780029,0.999842643737793,0.5124114751815796,0.6546191573143005,-1.1289037466049194,0.9999063611030579,0.43115395307540894,0.6533957719802856,-1.0929584503173828,0.9999191164970398,0.7345260381698608,0.806106448173523,-0.4499177932739258,0.9981743693351746,0.25565311312675476,0.8041788339614868,-0.30681389570236206,0.9993861317634583,0.8643338084220886,0.9864196181297302,-0.5700535178184509,0.20558306574821472,0.15085168182849884,1.0655814409255981,-0.19928453862667084,0.49669092893600464,0.8675668835639954,1.342504620552063,-1.210894227027893,0.0550188347697258,0.1698240488767624,1.5258355140686035,-0.827364444732666,0.1503356248140335
0,0.48502182960510254,0.5719175338745117,-1.3260831832885742,0.999871551990509,0.5233880281448364,0.49641191959381104,-1.2966028451919556,0.9997677803039551,0.543549120426178,0.4965455234050751,-1.2968162298202515,0.99974524974823,0.5604284405708313,0.49747711420059204,-1.2971665859222412,0.9997074007987976,0.4543723464012146,0.49495622515678406,-1.2774817943572998,0.9997851848602295,0.4314429759979248,0.4935547113418579,-1.2766761779785156,0.999783992767334,0.41066813468933105,0.4930902421474457,-1.2770248651504517,0.9997974634170532,0.5880493521690369,0.5132169127464294,-0.8541189432144165,0.9997305870056152,0.3891652524471283,0.5093298554420471,-0.7397524118423462,0.9998559355735779,0.5222942233085632,0.6448538899421692,-1.1417633295059204,0.9999085068702698,0.44426852464675903,0.6450855731964111,-1.1098339557647705,0.999925434589386,0.7406472563743591,0.8053926229476929,-0.4594699442386627,0.9979185461997986,0.25945234298706055,0.802203357219696,-0.34939897060394287,0.9993473887443542,0.8640791177749634,0.9924139380455017,-0.4925774037837982,0.19075411558151245,0.15433843433856964,1.06584894657135,-0.23539873957633972,0.5203949809074402,0.8824044466018677,1.4382364749908447,-1.0531681776046753,0.05386396870017052,0.17249710857868195,1.5139858722686768,-0.8774703741073608,0.16592930257320404
0,0.48123598098754883,0.5684172511100769,-1.3444682359695435,0.9998388886451721,0.5198999047279358,0.49229252338409424,-1.313639521598816,0.9997296929359436,0.5411003828048706,0.4935474097728729,-1.3139028549194336,0.9996891021728516,0.5590583086013794,0.4953885078430176,-1.3142551183700562,0.999644935131073,0.4520499110221863,0.48805996775627136,-1.287112832069397,0.9997533559799194,0.4305099546909332,0.4861402213573456,-1.2862378358840942,0.9997430443763733,0.41156893968582153,0.48559775948524475,-1.2865889072418213,0.9997690916061401,0.5898650884628296,0.5119832754135132,-0.8763068318367004,0.9996805191040039,0.3928985893726349,0.5027997493743896,-0.7230616211891174,0.9998388290405273,0.5211132764816284,0.6414262652397156,-1.1583516597747803,0.9998939037322998,0.4424072802066803,0.6398981213569641,-1.1167887449264526,0.9999196529388428,0.7421432733535767,0.804815411567688,-0.48221391439437866,0.9972715973854065,0.26837000250816345,0.7958329916000366,-0.2916812002658844,0.9992001056671143,0.8772486448287964,1.1669323444366455,-0.55885910987854,0.1974504441022873,0.15440016984939575,1.051285743713379,-0.19022436439990997,0.5480877161026001,0.8645519018173218,1.398702621459961,-1.141662836074829,0.0595751591026783,0.1811016947031021,1.4966049194335938,-0.9451656341552734,0.19803141057491302
0,0.4703947603702545,0.5671854615211487,-1.2995171546936035,0.9998655319213867,0.5061529874801636,0.4914974570274353,-1.2630643844604492,0.9997667670249939,0.5289543867111206,0.49247968196868896,-1.2633466720581055,0.9997355937957764,0.5474931001663208,0.49422386288642883,-1.2636823654174805,0.9996961951255798,0.4402085244655609,0.4886031448841095,-1.2401037216186523,0.999784529209137,0.42097407579421997,0.4873592257499695,-1.239222526550293,0.9997764229774475,0.406472384929657,0.4876039922237396,-1.2395591735839844,0.9997955560684204,0.5815179944038391,0.5120184421539307,-0.8127002716064453,0.9997270107269287,0.3911247253417969,0.5076418519020081,-0.6811240911483765,0.999855101108551,0.5167749524116516,0.6402027010917664,-1.1158642768859863,0.9999078512191772,0.4368371069431305,0.6376088857650757,-1.0788053274154663,0.9999290704727173,0.7395418882369995,0.8038703203201294,-0.4459407925605774,0.9974932670593262,0.2662270665168762,0.7984985113143921,-0.30022069811820984,0.9991651177406311,0.8906002044677734,1.198063611984253,-0.46771249175071716,0.22528298199176788,0.15522854030132294,1.0569294691085815,-0.21243682503700256,0.5563746690750122,0.8598974347114563,1.473716139793396,-0.9887301325798035,0.0644240453839302,0.1966635286808014,1.510919451713562,-0.901400089263916,0.20294789969921112
0,0.47068721055984497,0.5665234327316284,-1.341644525527954,0.9998494982719421,0.5064177513122559,0.4915338158607483,-1.2993171215057373,0.9997336268424988,0.5288444757461548,0.4924778938293457,-1.2996697425842285,0.9996964931488037,0.5471154451370239,0.49428215622901917,-1.29996919631958,0.999653697013855,0.4402918815612793,0.4888896048069,-1.2866531610488892,0.9997518658638,0.4208369851112366,0.48797932267189026,-1.285942792892456,0.9997432827949524,0.4061369299888611,0.48854169249534607,-1.2863686084747314,0.9997664093971252,0.5800058841705322,0.5122039914131165,-0.8191472887992859,0.9996822476387024,0.38978296518325806,0.5085363984107971,-0.7322269678115845,0.9998300671577454,0.5167075395584106,0.6384941339492798,-1.1443555355072021,0.9998924732208252,0.4365825653076172,0.6361895203590393,-1.1211094856262207,0.9999175071716309,0.7346050143241882,0.7954980134963989,-0.4212252199649811,0.9974336624145508,0.2627524137496948,0.799828827381134,-0.3407367467880249,0.9989705085754395,0.8665798306465149,1.0079141855239868,-0.4372498095035553,0.231289803981781,0.15553872287273407,1.0619010925292969,-0.29740315675735474,0.5465602874755859,0.8653043508529663,1.4165971279144287,-1.0343372821807861,0.06472796201705933,0.20712189376354218,1.502245306968689,-1.0380173921585083,0.19729168713092804
0,0.471015065908432,0.5664271116256714,-1.2606284618377686,0.9998330473899841,0.5066545605659485,0.49284565448760986,-1.2202332019805908,0.9996947646141052,0.5289182662963867,0.4939471483230591,-1.2205793857574463,0.9996693134307861,0.5469950437545776,0.49554818868637085,-1.2209789752960205,0.999609112739563,0.4406508803367615,0.48927074670791626,-1.201594352722168,0.9997174739837646,0.42106589674949646,0.48835399746894836,-1.2008287906646729,0.9997219443321228,0.40611323714256287,0.48893383145332336,-1.2012488842010498,0.9997376799583435,0.5797768831253052,0.5127972364425659,-0.763483464717865,0.9996588826179504,0.38995471596717834,0.5090615749359131,-0.6553536057472229,0.9998149275779724,0.5166465640068054,0.6383715867996216,-1.0737712383270264,0.9998815655708313,0.4365154802799225,0.6358930468559265,-1.043506383895874,0.9999104738235474,0.7345098257064819,0.7923380136489868,-0.36644110083580017,0.9974820017814636,0.263144850730896,0.8006260991096497,-0.26682111620903015,0.9989233016967773,0.8812111020088196,1.0096793174743652,-0.4037862718105316,0.24107588827610016,0.15489539504051208,1.060911774635315,-0.1680939495563507,0.5528448820114136,0.9126790761947632,1.42046058177948,-0.9944809675216675,0.06500948220491409,0.175968736410141,1.5019193887710571,-0.83668053150177,0.1931374967098236
0,0.4709004759788513,0.5670060515403748,-1.310708999633789,0.9997783303260803,0.5067588686943054,0.49553295969963074,-1.2735674381256104,0.9995825886726379,0.5289137363433838,0.4969143569469452,-1.274000883102417,0.9995582103729248,0.5468433499336243,0.498306542634964,-1.2743194103240967,0.9994686841964722,0.44089215993881226,0.49039226770401,-1.2576948404312134,0.9996222853660583,0.4214235842227936,0.48920631408691406,-1.2571649551391602,0.9996392130851746,0.40628552436828613,0.4895242154598236,-1.257665991783142,0.9996577501296997,0.5794088840484619,0.5144125819206238,-0.8180758357048035,0.9995369911193848,0.39078593254089355,0.5096763372421265,-0.7230111360549927,0.9997527599334717,0.5163172483444214,0.6396310925483704,-1.1219494342803955,0.9998367428779602,0.4360479712486267,0.6352016925811768,-1.0961436033248901,0.9998824596405029,0.7329697012901306,0.7901031970977783,-0.3989509642124176,0.9971168041229248,0.26466691493988037,0.8007183074951172,-0.3277433514595032,0.9987229704856873,0.8808984756469727,1.002488374710083,-0.4117203652858734,0.24162961542606354,0.15428772568702698,1.060924768447876,-0.23099187016487122,0.5449439287185669,0.9227946400642395,1.4128345251083374,-0.9947062730789185,0.0653921365737915,0.1660269945859909,1.5137748718261719,-0.8622927665710449,0.1888618767261505
0,0.46983060240745544,0.5736233592033386,-1.3254255056381226,0.9997512698173523,0.5063952207565308,0.5014228224754333,-1.2950642108917236,0.9995392560958862,0.5287119746208191,0.5023977160453796,-1.2952221632003784,0.9994950890541077,0.546690046787262,0.5030027627944946,-1.2955724000930786,0.9994010925292969,0.43957558274269104,0.49783045053482056,-1.2776941061019897,0.999588131904602,0.4197827875614166,0.4968629479408264,-1.2769854068756104,0.9995990991592407,0.4049251973628998,0.4968147873878479,-1.2773520946502686,0.999630868434906,0.5789541602134705,0.5164306163787842,-0.8397647142410278,0.9994751811027527,0.390129417181015,0.5126091241836548,-0.7381765842437744,0.9997394680976868,0.5154095888137817,0.6476979851722717,-1.135784387588501,0.9998221397399902,0.4347746968269348,0.6424281001091003,-1.1065857410430908,0.9998756051063538,0.7315104007720947,0.7921839952468872,-0.4399121403694153,0.9968462586402893,0.26491355895996094,0.7996384501457214,-0.3464212417602539,0.9987484216690063,0.8944780230522156,1.180521011352539,-0.4198032319545746,0.23339569568634033,0.15596912801265717,1.0677410364151,-0.258855402469635,0.5332143902778625,0.8754159808158875,1.407834529876709,-0.9562722444534302,0.06045887619256973,0.1757049411535263,1.5067923069000244,-0.9339199066162109,0.1839333176612854
0,0.4699192941188812,0.5750346779823303,-1.2310771942138672,0.9997143149375916,0.5064428448677063,0.5020223259925842,-1.204856276512146,0.9995108246803284,0.5287163257598877,0.5025896430015564,-1.205082654953003,0.9994488954544067,0.5466581583023071,0.5030891299247742,-1.2054810523986816,0.999369204044342,0.43950915336608887,0.5000770092010498,-1.1801574230194092,0.9995498061180115,0.41970333456993103,0.49933159351348877,-1.1793490648269653,0.9995399117469788,0.4047929644584656,0.4992615878582001,-1.1797350645065308,0.9995871186256409,0.5786370635032654,0.5165004730224609,-0.769302487373352,0.999450147151947,0.3902130126953125,0.513582706451416,-0.6340419054031372,0.9997127652168274,0.5152902007102966,0.6479666829109192,-1.0492050647735596,0.9998116493225098,0.43516215682029724,0.6436872482299805,-1.0109339952468872,0.9998643398284912,0.7318497896194458,0.7939702272415161,-0.3787180185317993,0.9966713190078735,0.2718031108379364,0.797361433506012,-0.22529752552509308,0.9987333416938782,0.8820239305496216,1.2005555629730225,-0.5152517557144165,0.2293243259191513,0.15687932074069977,1.0646418333053589,-0.12379473447799683,0.5204455852508545,0.8498690724372864,1.3395057916641235,-1.1265835762023926,0.0653957650065422,0.21160206198692322,1.4893505573272705,-0.7868837118148804,0.18444204330444336
0,0.47015851736068726,0.5734983086585999,-1.2509363889694214,0.999703049659729,0.5066443085670471,0.5012023448944092,-1.2001372575759888,0.9995248317718506,0.5287765264511108,0.5018149018287659,-1.2003968954086304,0.9994577169418335,0.5466566681861877,0.5025923848152161,-1.2005735635757446,0.9993793964385986,0.4396643042564392,0.4979046881198883,-1.1943025588989258,0.9995635151863098,0.4198618531227112,0.49679169058799744,-1.193967580795288,0.999548614025116,0.40490779280662537,0.4967461824417114,-1.1944674253463745,0.9995997548103333,0.5777884721755981,0.5179489254951477,-0.7228346467018127,0.9994521737098694,0.39030617475509644,0.5135472416877747,-0.6480665802955627,0.9997268915176392,0.514210045337677,0.6458476185798645,-1.050525188446045,0.9997826218605042,0.43509793281555176,0.6401947140693665,-1.0396820306777954,0.9998552203178406,0.725443959236145,0.7938540577888489,-0.27201762795448303,0.9956482648849487,0.27359476685523987,0.7957149744033813,-0.29248476028442383,0.9981911182403564,0.8833968043327332,1.1157196760177612,-0.6133402585983276,0.233367457985878,0.15859565138816833,1.06553316116333,-0.39949995279312134,0.5052704215049744,0.871777355670929,0.9728209972381592,-1.4874671697616577,0.12756076455116272,0.23527631163597107,1.4092786312103271,-1.1413910388946533,0.22429649531841278
1,0.45788970589637756,0.7319430708885193,-0.8822639584541321,0.9991413354873657,0.4874463677406311,0.6796432137489319,-0.8469220399856567,0.9987762570381165,0.504146933555603,0.6806879639625549,-0.8472007513046265,0.9986148476600647,0.520668625831604,0.68119877576828,-0.8471741676330566,0.9985455870628357,0.43359559774398804,0.6750325560569763,-0.8400558233261108,0.999034583568573,0.41625919938087463,0.672863781452179,-0.8397518396377563,0.9989824891090393,0.4015701711177826,0.6707473397254944,-0.8400484323501587,0.9991571307182312,0.540756106376648,0.6982671618461609,-0.518695056438446,0.998365581035614,0.3801719844341278,0.6894792318344116,-0.47124314308166504,0.9990803003311157,0.4855972230434418,0.7945352792739868,-0.7503002285957336,0.9960947036743164,0.42903295159339905,0.7913752198219299,-0.7384163737297058,0.9981241822242737,0.6519209146499634,0.9358609318733215,-0.25428569316864014,0.9120136499404907,0.29165542125701904,0.9391385316848755,-0.23898379504680634,0.9501345157623291,0.8301289677619934,1.06620192527771,-0.6500455141067505,0.12140146642923355,0.19913899898529053,1.2703406810760498,-0.2651623487472534,0.2636041045188904,0.8663385510444641,0.9171321988105774,-1.2201683521270752,0.22789537906646729,0.1776832491159439,1.4836643934249878,-0.6238417029380798,0.27781254053115845
1,0.44882744550704956,0.7327446341514587,-0.8609272837638855,0.999140202999115,0.4770987033843994,0.6814815998077393,-0.8240612149238586,0.9987062811851501,0.4937352240085602,0.6825104355812073,-0.8242801427841187,0.9985388517379761,0.5094721913337708,0.6834787130355835,-0.8244263529777527,0.9983809590339661,0.4264075756072998,0.6773995161056519,-0.8154877424240112,0.9989709854125977,0.4107232987880707,0.6758435368537903,-0.8149664998054504,0.9989694356918335,0.3964846730232239,0.6740334630012512,-0.8152693510055542,0.9991266131401062,0.5371407270431519,0.698074460029602,-0.49733734130859375,0.998336672782898,0.3787272572517395,0.6918123960494995,-0.44003891944885254,0.9992145299911499,0.48004278540611267,0.7932342290878296,-0.7308130264282227,0.9972480535507202,0.4206969738006592,0.7905305624008179,-0.7154669761657715,0.9986226558685303,0.6575286388397217,0.9359700679779053,-0.22807112336158752,0.9396202564239502,0.2753314971923828,0.9358063340187073,-0.17853158712387085,0.9670413136482239,0.8192852735519409,1.1509411334991455,-0.47456783056259155,0.12887512147426605,0.1830819845199585,1.298713207244873,0.0213568527251482,0.3175724744796753,0.8534232974052429,0.8995834589004517,-0.9170559644699097,0.2207590639591217,0.15563663840293884,1.535072922706604,-0.14888618886470795,0.2245357483625412
1,0.45286259055137634,0.7361170053482056,-0.8544312715530396,0.9986345171928406,0.48301616311073303,0.6848642230033875,-0.8120865821838379,0.9978682994842529,0.4994053244590759,0.6864689588546753,-0.8125397562980652,0.9976391792297363,0.5146022439002991,0.6882883906364441,-0.8128827810287476,0.997444212436676,0.431487500667572,0.6800619959831238,-0.808399498462677,0.9981523752212524,0.4151216149330139,0.6785948872566223,-0.8079519271850586,0.9981899261474609,0.3998534679412842,0.6778680086135864,-0.808415412902832,0.9985203742980957,0.5389463901519775,0.7010384798049927,-0.4544810652732849,0.9971373677253723,0.3796386122703552,0.6927598714828491,-0.42489299178123474,0.9987813234329224,0.4804951250553131,0.7925114035606384,-0.7128140926361084,0.9976157546043396,0.42219486832618713,0.7920309901237488,-0.7045687437057495,0.9987267851829529,0.6439536809921265,0.9375173449516296,-0.1955544650554657,0.9589863419532776,0.2750589847564697,0.9251645803451538,-0.15383681654930115,0.981726884841919,0.6793729066848755,1.2511754035949707,-0.16500473022460938,0.12642762064933777,0.1822785586118698,1.2890397310256958,-0.11903134733438492,0.33672237396240234,0.7215333580970764,1.418758511543274,-0.4826674461364746,0.2427358329296112,0.21654470264911652,1.490372896194458,-0.5726510286331177,0.1652788668870926
1,0.4516255259513855,0.7358413934707642,-0.7681610584259033,0.9976484775543213,0.4823471009731293,0.68393874168396,-0.7292717099189758,0.9959529638290405,0.4988042414188385,0.6859381198883057,-0.7296894788742065,0.995641827583313,0.5137454271316528,0.6880705952644348,-0.730195164680481,0.9951862692832947,0.4310666024684906,0.678436815738678,-0.7300552725791931,0.9967100620269775,0.4148387014865875,0.6769886016845703,-0.7295362949371338,0.9969865679740906,0.39962151646614075,0.6763439774513245,-0.7299900650978088,0.997552216053009,0.5355529189109802,0.7012576460838318,-0.40886983275413513,0.9941350817680359,0.37986060976982117,0.6907097101211548,-0.40766119956970215,0.9979814291000366,0.47916683554649353,0.7918270826339722,-0.6398652791976929,0.9966751933097839,0.4220626950263977,0.7911415100097656,-0.6365488767623901,0.9983000755310059,0.6319774389266968,0.9367166757583618,-0.17282836139202118,0.960187554359436,0.2714084982872009,0.9246824383735657,-0.2055932581424713,0.9872937202453613,0.6701677441596985,1.2583308219909668,-0.05431441590189934,0.09117311984300613,0.1807214766740799,1.2938090562820435,-0.14872196316719055,0.40228649973869324,0.7152618765830994,1.4690920114517212,-0.25389355421066284,0.13495910167694092,0.23121006786823273,1.5125374794006348,-0.478874534368515,0.12949444353580475
1,0.4526413083076477,0.7353105545043945,-0.7322037220001221,0.9978396892547607,0.48456430435180664,0.6843307614326477,-0.6959041357040405,0.9961750507354736,0.5004698038101196,0.6863120794296265,-0.6964395642280579,0.9959824085235596,0.5154072046279907,0.6883447170257568,-0.6968904733657837,0.9955261945724487,0.43372616171836853,0.6779869198799133,-0.6949143409729004,0.9968476295471191,0.417588472366333,0.6763124465942383,-0.6945260763168335,0.9971721172332764,0.402416855096817,0.675480306148529,-0.6950860023498535,0.9976477026939392,0.5355334877967834,0.7013451457023621,-0.3742533028125763,0.9943181276321411,0.3809470236301422,0.6894770860671997,-0.3775967061519623,0.9979799389839172,0.4788951873779297,0.7893236875534058,-0.6127800941467285,0.9967391490936279,0.42265433073043823,0.7892432808876038,-0.6082169413566589,0.9983320832252502,0.6273289322853088,0.9291706085205078,-0.13467290997505188,0.9631941318511963,0.2706573009490967,0.9248644709587097,-0.19403430819511414,0.9893255233764648,0.670134961605072,1.2639849185943604,-0.05862234905362129,0.06616561859846115,0.18007275462150574,1.2879215478897095,-0.1471000760793686,0.36621004343032837,0.7184468507766724,1.473421335220337,-0.31956425309181213,0.07602880895137787,0.21470706164836884,1.4801429510116577,-0.5142131447792053,0.09984245896339417
1,0.454327255487442,0.7365663051605225,-0.8134362101554871,0.9977933168411255,0.48788389563560486,0.6848272681236267,-0.7700048685073853,0.9962033629417419,0.5038493871688843,0.6870464086532593,-0.7705069780349731,0.9959203600883484,0.5191516876220703,0.6892183423042297,-0.7710286378860474,0.9955131411552429,0.43570882081985474,0.6778884530067444,-0.7714576125144958,0.9968866109848022,0.41921964287757874,0.6760936975479126,-0.7710894346237183,0.9971844553947449,0.40396541357040405,0.6751539707183838,-0.7716270685195923,0.9977086186408997,0.5361491441726685,0.7030354142189026,-0.4267599582672119,0.9942740797996521,0.38220328092575073,0.6894171833992004,-0.41630712151527405,0.9980258345603943,0.4795862138271332,0.7910307049751282,-0.6780158877372742,0.997022271156311,0.42398256063461304,0.7901106476783752,-0.6758745312690735,0.9984691739082336,0.6319400072097778,0.9391672015190125,-0.19922852516174316,0.9661707878112793,0.2681499123573303,0.9282399415969849,-0.19226744771003723,0.9917426109313965,0.6796247959136963,1.2774287462234497,-0.16402491927146912,0.0644644945859909,0.17640408873558044,1.2906309366226196,-0.08967028558254242,0.3926660120487213,0.6964624524116516,1.499922513961792,-0.39406317472457886,0.04950239881873131,0.21832358837127686,1.519419550895691,-0.444970041513443,0.09023971855640411
1,0.4557264447212219,0.7362089157104492,-0.8222047686576843,0.9968453645706177,0.48852992057800293,0.6840238571166992,-0.7712724208831787,0.9949752688407898,0.5044407248497009,0.6865509152412415,-0.7718492746353149,0.9944080114364624,0.5198264122009277,0.6890662312507629,-0.772371232509613,0.9942477941513062,0.43684500455856323,0.6767879724502563,-0.7762957811355591,0.9958049654960632,0.4202030301094055,0.6750605702400208,-0.7758777141571045,0.995991051197052,0.4050043225288391,0.6742309331893921,-0.7763999104499817,0.9968801140785217,0.5364433526992798,0.7033880352973938,-0.41066378355026245,0.9927008748054504,0.38314390182495117,0.689520537853241,-0.42309561371803284,0.9971266984939575,0.48002806305885315,0.7911821603775024,-0.678709864616394,0.9961761832237244,0.42600545287132263,0.7900599837303162,-0.6803511381149292,0.997926652431488,0.63072669506073,0.9409945011138916,-0.16140103340148926,0.9632034301757812,0.2726193070411682,0.9282268285751343,-0.19930396974086761,0.9908593893051147,0.6732836961746216,1.257300615310669,-0.04457513615489006,0.05950894579291344,0.18099123239517212,1.2776786088943481,-0.141922265291214,0.41026315093040466,0.7018128633499146,1.4525845050811768,-0.2654727101325989,0.03017047420144081,0.22154252231121063,1.4910540580749512,-0.4856536388397217,0.08125343918800354
1,0.45703744888305664,0.7362631559371948,-0.7564294934272766,0.9969169497489929,0.4887559413909912,0.6871054172515869,-0.71075838804245,0.9950217604637146,0.5045282244682312,0.6902837753295898,-0.7111784219741821,0.9945507049560547,0.5199314951896667,0.6932542324066162,-0.7115880250930786,0.9942693114280701,0.43703246116638184,0.6785396337509155,-0.7164694666862488,0.9958763718605042,0.4202577471733093,0.6767851710319519,-0.7159678936004639,0.9961204528808594,0.40477997064590454,0.6760245561599731,-0.7164526581764221,0.9969490170478821,0.5367608070373535,0.7072886824607849,-0.3740744888782501,0.9926049709320068,0.38040241599082947,0.6900860071182251,-0.383689820766449,0.9972060918807983,0.48015323281288147,0.7914793491363525,-0.623863697052002,0.9958751201629639,0.4255256652832031,0.7893072366714478,-0.6277474761009216,0.997847318649292,0.6291620135307312,0.938188374042511,-0.1188415065407753,0.9598833322525024,0.2676798105239868,0.9298821091651917,-0.18729060888290405,0.9904459714889526,0.6864256262779236,1.2511030435562134,-0.08663114160299301,0.048020679503679276,0.17414402961730957,1.2852171659469604,-0.12923100590705872,0.3947352170944214,0.7253254055976868,1.3567688465118408,-0.4242887496948242,0.02185923047363758,0.2019057273864746,1.4888721704483032,-0.48850536346435547,0.07636429369449615
1,0.45306700468063354,0.7374962568283081,-0.8896404504776001,0.9974939823150635,0.4848852753639221,0.6887995004653931,-0.8500625491142273,0.9957131743431091,0.5008814334869385,0.6917591691017151,-0.8505088090896606,0.9954078197479248,0.5161246061325073,0.6946446895599365,-0.850849986076355,0.9948652386665344,0.4341409206390381,0.6798074841499329,-0.8468323945999146,0.9965084195137024,0.418139785528183,0.6775854229927063,-0.8464066386222839,0.9968217611312866,0.4029666781425476,0.6765173077583313,-0.8469043970108032,0.9974169135093689,0.5367623567581177,0.7074651122093201,-0.5071935653686523,0.9935164451599121,0.37987402081489563,0.6885162591934204,-0.47841134667396545,0.9976999163627625,0.47635215520858765,0.7939845323562622,-0.7516003847122192,0.9962466359138489,0.42038393020629883,0.7911593317985535,-0.744353175163269,0.9981202483177185,0.6358375549316406,0.9376577138900757,-0.23836562037467957,0.9510087966918945,0.2731409966945648,0.9300612211227417,-0.23136365413665771,0.990949809551239,0.6861069202423096,1.2906690835952759,-0.17647448182106018,0.03467757627367973,0.17686499655246735,1.2801635265350342,-0.1553867906332016,0.3413957357406616,0.7127652168273926,1.4887235164642334,-0.47344380617141724,0.013555138371884823,0.19344590604305267,1.4835978746414185,-0.5315309166908264,0.07445921748876572
1,0.4507872462272644,0.7665151357650757,-0.9472621083259583,0.9979501366615295,0.4804263710975647,0.7218888998031616,-0.9142837524414062,0.9962235689163208,0.4939694404602051,0.7246796488761902,-0.9146396517753601,0.9958676695823669,0.5059032440185547,0.7272500395774841,-0.914908230304718,0.9950348138809204,0.43180233240127563,0.7055285573005676,-0.9146655201911926,0.9971376061439514,0.4143187403678894,0.6958320736885071,-0.9142438173294067,0.9973968267440796,0.3991023004055023,0.6882811188697815,-0.9146615266799927,0.9978486895561218,0.5240830183029175,0.7303111553192139,-0.5577735304832458,0.9940087199211121,0.37330058217048645,0.689154863357544,-0.5452411770820618,0.9982327222824097,0.465876966714859,0.8166486024856567,-0.7993231415748596,0.9967201948165894,0.4126604199409485,0.8094498515129089,-0.7964550852775574,0.9985494017601013,0.616280198097229,0.9281767010688782,-0.234836608171463,0.9527453780174255,0.2498910129070282,0.9484199285507202,-0.2793728709220886,0.9925543069839478,0.7021375894546509,1.2071534395217896,-0.17768914997577667,0.036113131791353226,0.17538927495479584,1.2896993160247803,-0.23914282023906708,0.3190719485282898,0.7104390859603882,1.4312058687210083,-0.4901483654975891,0.016022939234972,0.18892839550971985,1.5348793268203735,-0.667559027671814,0.08257260173559189
1,0.4514274597167969,0.7677211165428162,-0.9857977032661438,0.9980627298355103,0.4810482859611511,0.7239097952842712,-0.9435169100761414,0.9962465167045593,0.4937506318092346,0.7270500063896179,-0.9439374208450317,0.9957847595214844,0.5062433481216431,0.7302339673042297,-0.9442279934883118,0.9949321150779724,0.4339144825935364,0.7051169276237488,-0.9503507614135742,0.9972109198570251,0.41564837098121643,0.6957864761352539,-0.9500071406364441,0.9974973797798157,0.40053707361221313,0.689020574092865,-0.9505070447921753,0.9979535341262817,0.5197314620018005,0.7332085371017456,-0.5714482665061951,0.9938519597053528,0.37085965275764465,0.6884061098098755,-0.5892614126205444,0.998286783695221,0.46342724561691284,0.818774938583374,-0.8362118601799011,0.9971063137054443,0.41116365790367126,0.8095170855522156,-0.8420169949531555,0.9987283945083618,0.6098231673240662,0.9366077184677124,-0.24986183643341064,0.9592828750610352,0.24691283702850342,0.9492700099945068,-0.32159683108329773,0.9938580989837646,0.6741495132446289,1.266697645187378,-0.11634143441915512,0.040350478142499924,0.17541354894638062,1.3033097982406616,-0.24167141318321228,0.34576350450515747,0.7073700428009033,1.4649332761764526,-0.41601595282554626,0.012254892848432064,0.20183250308036804,1.5218693017959595,-0.6434007287025452,0.08804787695407867
1,0.4620420038700104,0.7663841247558594,-0.8666294813156128,0.9979056119918823,0.49039992690086365,0.7225133776664734,-0.8339262008666992,0.9959757328033447,0.5046583414077759,0.725877583026886,-0.8342000842094421,0.9953638911247253,0.5178226828575134,0.7291966080665588,-0.8344578742980957,0.9944117665290833,0.4455377459526062,0.7034541368484497,-0.8369688987731934,0.9970483779907227,0.42812877893447876,0.6943542957305908,-0.8365225791931152,0.9973705410957336,0.41172513365745544,0.6879560351371765,-0.8368864059448242,0.9978633522987366,0.5280387997627258,0.7332059144973755,-0.47927483916282654,0.9930667281150818,0.38009536266326904,0.6890560388565063,-0.4895741939544678,0.9982556700706482,0.46947503089904785,0.818469226360321,-0.7296508550643921,0.9971925020217896,0.4202914834022522,0.8070650100708008,-0.7294950485229492,0.9988036751747131,0.6187463402748108,0.9339038729667664,-0.19797641038894653,0.9635413885116577,0.2545942962169647,0.9490281343460083,-0.2559407353401184,0.9946512579917908,0.7206519246101379,1.230104923248291,-0.1533513218164444,0.04119820147752762,0.17001478374004364,1.3001995086669922,-0.2375931441783905,0.35924363136291504,0.7444750070571899,1.4109224081039429,-0.5260904431343079,0.012727800756692886,0.20297005772590637,1.5224944353103638,-0.6848240494728088,0.09320298582315445
1,0.46553343534469604,0.7647547125816345,-0.7264823317527771,0.9942841529846191,0.49374786019325256,0.7214599847793579,-0.6872827410697937,0.989237904548645,0.5078814625740051,0.7248584032058716,-0.687678337097168,0.9872351884841919,0.5209081768989563,0.7282012701034546,-0.6881797313690186,0.9857966303825378,0.44775113463401794,0.7017398476600647,-0.6978988647460938,0.9929153919219971,0.42952340841293335,0.6929381489753723,-0.6975437998771667,0.9936225414276123,0.41275516152381897,0.6867525577545166,-0.6980799436569214,0.9952660799026489,0.5290957689285278,0.7335250377655029,-0.36650198698043823,0.9802238941192627,0.38112252950668335,0.6894075870513916,-0.4029983580112457,0.9957528710365295,0.4722411632537842,0.8169993162155151,-0.5964731574058533,0.991031289100647,0.42257803678512573,0.8057753443717957,-0.6077919006347656,0.9966068267822266,0.6086347699165344,0.9336973428726196,-0.128742977976799,0.9325019121170044,0.25684747099876404,0.9484193325042725,-0.21313878893852234,0.9913999438285828,0.6529847383499146,1.1942635774612427,-0.0025892413686960936,0.03713402524590492,0.1739937961101532,1.2926963567733765,-0.170365571975708,0.3659560978412628,0.6869792938232422,1.2656712532043457,-0.1484626829624176,0.015125872567296028,0.209931418299675,1.5077275037765503,-0.47636890411376953,0.09107815474271774
1,0.4372462332248688,0.7077056169509888,-0.7731747031211853,0.9978896975517273,0.4486559331417084,0.6572453379631042,-0.7380279302597046,0.9961342811584473,0.46398013830184937,0.6528264284133911,-0.7381826639175415,0.9954902529716492,0.4771832823753357,0.6485933661460876,-0.7380250096321106,0.9949156045913696,0.40446966886520386,0.6583601236343384,-0.7277181148529053,0.9973223805427551,0.3893308639526367,0.6598260998725891,-0.7271574139595032,0.9976093173027039,0.3761919140815735,0.66447913646698,-0.7274699807167053,0.9981677532196045,0.5080866813659668,0.6682307720184326,-0.4577590525150299,0.9928739070892334,0.36810535192489624,0.6902704834938049,-0.3883259892463684,0.9984567761421204,0.47529610991477966,0.7545425295829773,-0.6653897762298584,0.9968529343605042,0.41937047243118286,0.7648452520370483,-0.6459623575210571,0.9987807869911194,0.6708251237869263,0.9319614768028259,-0.20784533023834229,0.9633950591087341,0.2896423935890198,0.9592645764350891,-0.2333677113056183,0.9938580393791199,0.8437410593032837,1.1649444103240967,-0.5051871538162231,0.063754141330719,0.1928015500307083,1.3077309131622314,-0.2648029923439026,0.3027735948562622,0.8972482681274414,1.0250271558761597,-0.964113712310791,0.14375180006027222,0.1778811514377594,1.5605510473251343,-0.622626006603241,0.10951422899961472
1,0.3822346329689026,0.7162474393844604,-0.5332744121551514,0.9985914826393127,0.3821850121021271,0.662829577922821,-0.5215523838996887,0.9974059462547302,0.39425259828567505,0.6557910442352295,-0.5213982462882996,0.9969945549964905,0.4066939353942871,0.6476202011108398,-0.5213673710823059,0.9966098666191101,0.34788867831230164,0.6958180069923401,-0.49208101630210876,0.9981899857521057,0.3351749777793884,0.7087571024894714,-0.4912009835243225,0.9983810782432556,0.3234418034553528,0.7207649946212769,-0.49149760603904724,0.9987391829490662,0.44446659088134766,0.6529820561408997,-0.3553808331489563,0.9952834248542786,0.32473868131637573,0.7371695637702942,-0.18610264360904694,0.9989442825317383,0.43474531173706055,0.7486286163330078,-0.46434512734413147,0.9979036450386047,0.3810103237628937,0.7824811935424805,-0.41759949922561646,0.9991613626480103,0.6769546270370483,0.9101420044898987,-0.23090144991874695,0.9754108190536499,0.2902032732963562,0.9679147601127625,-0.10978510230779648,0.9955863356590271,0.8358460664749146,1.2295434474945068,-0.37987738847732544,0.08659803867340088,0.22417159378528595,1.3488441705703735,-0.10404646396636963,0.2358364313840866,0.8981634378433228,1.1904314756393433,-0.5973397493362427,0.17329083383083344,0.22080779075622559,1.621006727218628,-0.34775295853614807,0.08927810937166214
1,0.3535563051700592,0.7215296030044556,-0.5125665664672852,0.9991389513015747,0.36044296622276306,0.6641066670417786,-0.5107169151306152,0.9984140992164612,0.3729700446128845,0.6531080603599548,-0.5107765793800354,0.9981802105903625,0.38607877492904663,0.6428329944610596,-0.5108820199966431,0.9979510307312012,0.3239194452762604,0.6992980241775513,-0.46601349115371704,0.9988691210746765,0.31115561723709106,0.7103671431541443,-0.4651360511779785,0.9989792108535767,0.2999042868614197,0.7208824753761292,-0.465481698513031,0.9991820454597473,0.4271436333656311,0.648665726184845,-0.3759036958217621,0.9971789121627808,0.3077640235424042,0.7316820025444031,-0.1393035352230072,0.9993209838867188,0.40020260214805603,0.7434488534927368,-0.4560201168060303,0.9987252354621887,0.3526343107223511,0.7871447801589966,-0.3888391852378845,0.9994434714317322,0.6705893874168396,0.9055342078208923,-0.26186680793762207,0.9848041534423828,0.2826540470123291,0.9682570099830627,-0.0684511810541153,0.9967626929283142,0.8186298608779907,1.2258312702178955,-0.38647064566612244,0.09690431505441666,0.2193162441253662,1.344756007194519,0.0031047759111970663,0.17508287727832794,0.8845723271369934,1.2752622365951538,-0.5486910939216614,0.1565890908241272,0.20805153250694275,1.62587308883667,-0.22362753748893738,0.07084223628044128
1,0.35069918632507324,0.727103590965271,-0.5389022827148438,0.999457061290741,0.3572435677051544,0.6679283380508423,-0.5499911904335022,0.9989706873893738,0.37003183364868164,0.6553260087966919,-0.5497002601623535,0.9988842606544495,0.38376542925834656,0.644137442111969,-0.5501609444618225,0.9987539052963257,0.32198911905288696,0.7021884322166443,-0.4995039403438568,0.9991938471794128,0.3098612129688263,0.7127364277839661,-0.4987584054470062,0.999254584312439,0.299079030752182,0.7227538228034973,-0.49909287691116333,0.9993278384208679,0.4268008768558502,0.6497519612312317,-0.45617803931236267,0.9983883500099182,0.30659279227256775,0.7315961122512817,-0.19231513142585754,0.9994722604751587,0.39741867780685425,0.746051549911499,-0.49139919877052307,0.9992358684539795,0.350670725107193,0.7907792925834656,-0.41859883069992065,0.9995586276054382,0.6634752154350281,0.8978759050369263,-0.33028191328048706,0.9911893010139465,0.2836442291736603,0.9682959318161011,-0.1123778373003006,0.9977027773857117,0.8034831285476685,1.22250235080719,-0.3334403932094574,0.12002697587013245,0.21608778834342957,1.3270783424377441,0.007591309957206249,0.12701848149299622,0.832673192024231,1.4585038423538208,-0.38067734241485596,0.10563378036022186,0.22034697234630585,1.6049435138702393,-0.2117922008037567,0.05428429692983627
1,0.3494652807712555,0.7291680574417114,-0.4995500147342682,0.9996287822723389,0.3546883463859558,0.6699808239936829,-0.5083259344100952,0.9992914199829102,0.3668007254600525,0.6572023034095764,-0.5081464052200317,0.9992603659629822,0.3795190751552582,0.6452423334121704,-0.5084611773490906,0.9991788864135742,0.3204919695854187,0.7035362124443054,-0.45897626876831055,0.9994113445281982,0.3088234066963196,0.713890016078949,-0.4582081735134125,0.9994494915008545,0.29854753613471985,0.7236171364784241,-0.45846644043922424,0.9994756579399109,0.4211147725582123,0.6494159698486328,-0.4101547598838806,0.9989843368530273,0.3073938488960266,0.7311230301856995,-0.15692083537578583,0.9995909929275513,0.3955434262752533,0.7477785348892212,-0.45517387986183167,0.9994908571243286,0.3512659966945648,0.7911909818649292,-0.38167887926101685,0.9996428489685059,0.6578871607780457,0.8968333005905151,-0.2862306237220764,0.9942636489868164,0.28473466634750366,0.9657227396965027,-0.10577728599309921,0.998138427734375,0.7966233491897583,1.1959784030914307,-0.30049675703048706,0.13733899593353271,0.2204878032207489,1.3169037103652954,-0.02105453982949257,0.10479617863893509,0.8550141453742981,1.4062728881835938,-0.37965109944343567,0.09152121841907501,0.22083869576454163,1.5856562852859497,-0.27728837728500366,0.048441290855407715
1,0.34549805521965027,0.7316599488258362,-0.49806541204452515,0.9997168183326721,0.35097211599349976,0.6727979183197021,-0.5135291814804077,0.9994599223136902,0.36337122321128845,0.6601554155349731,-0.5134442448616028,0.9994695782661438,0.37600821256637573,0.6475692391395569,-0.5137555599212646,0.999413013458252,0.3164398670196533,0.7060155272483826,-0.4609518051147461,0.9995083808898926,0.30498960614204407,0.716417133808136,-0.4601723253726959,0.9995361566543579,0.29534274339675903,0.725624144077301,-0.4604438841342926,0.9995225071907043,0.41788560152053833,0.6486265659332275,-0.43169277906417847,0.9993300437927246,0.30690261721611023,0.7306122183799744,-0.16423091292381287,0.9996391534805298,0.39221054315567017,0.7498752474784851,-0.4586822986602783,0.9996244311332703,0.34958046674728394,0.7911806702613831,-0.3807200789451599,0.999654233455658,0.6523488759994507,0.8934898972511292,-0.31444329023361206,0.9961317181587219,0.2811592221260071,0.9653176069259644,-0.10984136164188385,0.9983090162277222,0.7964087724685669,1.1948294639587402,-0.3197396397590637,0.14499469101428986,0.21215882897377014,1.3193552494049072,0.013641606085002422,0.08953860402107239,0.8637667894363403,1.404675006866455,-0.3943063020706177,0.08923868089914322,0.2108350545167923,1.588329553604126,-0.1934029906988144,0.04416252672672272
1,0.344535768032074,0.7289514541625977,-0.5085288286209106,0.9997946619987488,0.35055387020111084,0.6700782179832458,-0.5201571583747864,0.9996109008789062,0.3630196750164032,0.6574733257293701,-0.5199752449989319,0.9996326565742493,0.3758485019207001,0.6450001001358032,-0.520278811454773,0.9995967745780945,0.314986914396286,0.7039209008216858,-0.46990829706192017,0.999627411365509,0.30314189195632935,0.7149316072463989,-0.46908044815063477,0.9996446371078491,0.2933633029460907,0.7247066497802734,-0.46932339668273926,0.9996204376220703,0.4174639582633972,0.6473888158798218,-0.4256739020347595,0.9995644688606262,0.3058087229728699,0.7302535772323608,-0.16799208521842957,0.9997172355651855,0.39180827140808105,0.7482253313064575,-0.4640131890773773,0.9997353553771973,0.3486667275428772,0.789077639579773,-0.3892880976200104,0.9997184872627258,0.6520489454269409,0.8906315565109253,-0.29666560888290405,0.9973093867301941,0.28011465072631836,0.9650022387504578,-0.10451676696538925,0.9984716773033142,0.7947331666946411,1.2080955505371094,-0.3084438145160675,0.14416946470737457,0.20687854290008545,1.3209682703018188,-0.00868869200348854,0.08008262515068054,0.8559447526931763,1.4259859323501587,-0.3872286379337311,0.08863318711519241,0.20766624808311462,1.5887788534164429,-0.2686713933944702,0.040814660489559174
1,0.3440815806388855,0.7299221158027649,-0.5082542896270752,0.9998520612716675,0.34963351488113403,0.6711825132369995,-0.5149667859077454,0.999711811542511,0.362136572599411,0.6588956117630005,-0.5148730874061584,0.9997595548629761,0.37517768144607544,0.6461966037750244,-0.5151503086090088,0.9997357726097107,0.31404268741607666,0.703594446182251,-0.46304941177368164,0.9996917247772217,0.30215105414390564,0.7143955230712891,-0.46219390630722046,0.999710202217102,0.2923308312892914,0.7239058613777161,-0.4624968469142914,0.9996637105941772,0.41776174306869507,0.6458499431610107,-0.4141683578491211,0.9997599124908447,0.30545762181282043,0.7284941077232361,-0.14885500073432922,0.9997535347938538,0.39219778776168823,0.7482373118400574,-0.4621637463569641,0.9998207688331604,0.3480587601661682,0.7889688014984131,-0.38549116253852844,0.9997530579566956,0.6523689031600952,0.8915016055107117,-0.30213215947151184,0.9983463883399963,0.27913913130760193,0.9642267823219299,-0.09214765578508377,0.9986529350280762,0.7881076335906982,1.2442938089370728,-0.33063051104545593,0.141692116856575,0.21044114232063293,1.3270343542099,-0.05092950910329819,0.0774381086230278,0.8232158422470093,1.5368326902389526,-0.4288714528083801,0.07630708813667297,0.20410147309303284,1.5975109338760376,-0.34464892745018005,0.036061301827430725
1,0.4112422466278076,0.7293080687522888,-0.6353247761726379,0.9998970031738281,0.43324270844459534,0.6708163619041443,-0.614744246006012,0.9997892379760742,0.4511268138885498,0.6625350117683411,-0.6147984862327576,0.9998300671577454,0.46749347448349,0.6557568311691284,-0.6148847341537476,0.9998084306716919,0.3841594457626343,0.6876429319381714,-0.5968223214149475,0.9997743964195251,0.3712169826030731,0.6913235783576965,-0.5958212614059448,0.9997920393943787,0.36013108491897583,0.6954606175422668,-0.5960303544998169,0.9997562766075134,0.4935299754142761,0.6618694067001343,-0.3667580485343933,0.999838650226593,0.3504399061203003,0.7124941945075989,-0.25415363907814026,0.999825119972229,0.4523514211177826,0.7730258703231812,-0.5315052270889282,0.9998717308044434,0.39106959104537964,0.7903317213058472,-0.5018153786659241,0.9998258948326111,0.6690369844436646,0.9207099080085754,-0.1572563350200653,0.9985133409500122,0.279174268245697,0.9615917801856995,-0.09880982339382172,0.9989302158355713,0.791868269443512,1.240858554840088,-0.35110780596733093,0.12176955491304398,0.20683130621910095,1.3197485208511353,-0.1091722697019577,0.13191811740398407,0.874749481678009,1.20780348777771,-0.814784049987793,0.10333365201950073,0.21026870608329773,1.602906346321106,-0.5292516946792603,0.0511149987578392
1,0.46044808626174927,0.7665529251098633,-0.6130182147026062,0.9999347925186157,0.48955973982810974,0.7188349366188049,-0.5989731550216675,0.9998669624328613,0.5035969614982605,0.721164882183075,-0.5989051461219788,0.9998906254768372,0.5180262327194214,0.7233210206031799,-0.5988328456878662,0.9998766183853149,0.4444130063056946,0.7042127847671509,-0.5830852389335632,0.9998579025268555,0.42769598960876465,0.6961788535118103,-0.5821481943130493,0.9998667240142822,0.4143149256706238,0.6960508823394775,-0.5823028087615967,0.9998456835746765,0.5448631048202515,0.7274500131607056,-0.3392946124076843,0.9998952150344849,0.3981606662273407,0.7045257091522217,-0.24725238978862762,0.9998906850814819,0.48247259855270386,0.8210522532463074,-0.49837327003479004,0.9999163746833801,0.4257621169090271,0.8149171471595764,-0.4782802164554596,0.9998912811279297,0.661853551864624,0.9504598379135132,-0.14692839980125427,0.998765766620636,0.2819794714450836,0.9355401992797852,-0.033512406051158905,0.9991661310195923,0.810431182384491,1.2077058553695679,-0.4458010196685791,0.18927378952503204,0.20053501427173615,1.2648755311965942,0.05850214511156082,0.23110511898994446,0.8992122411727905,1.1335419416427612,-0.9406411051750183,0.32919833064079285,0.17806796729564667,1.5689880847930908,-0.28386691212654114,0.13428817689418793
2,0.2435579001903534,0.5111410021781921,-1.921588659286499,0.9994661808013916,0.31285327672958374,0.3768765330314636,-1.869285225868225,0.999468982219696,0.3533492684364319,0.3767103850841522,-1.8697624206542969,0.9995036125183105,0.38403284549713135,0.37815195322036743,-1.8708213567733765,0.9994683265686035,0.18941739201545715,0.3757646381855011,-1.8209559917449951,0.9993160963058472,0.15784966945648193,0.37403973937034607,-1.8198074102401733,0.999284565448761,0.1299598515033722,0.3743724226951599,-1.8197752237319946,0.9991015791893005,0.44243088364601135,0.41493332386016846,-1.249725580215454,0.999697744846344,0.11444582790136337,0.4124566316604614,-0.9885691404342651,0.9992125034332275,0.32695287466049194,0.633236289024353,-1.6730207204818726,0.9995387196540833,0.18422630429267883,0.6376789808273315,-1.6008936166763306,0.9992644786834717,0.7731552720069885,0.9453527927398682,-0.9084632992744446,0.9887955784797668,0.042435042560100555,0.888856828212738,-0.40417155623435974,0.9705748558044434,1.0925508737564087,1.5090841054916382,-1.0687618255615234,0.16548624634742737,-0.10734747350215912,1.53791081905365,-0.36836159229278564,0.17117954790592194,1.0137218236923218,2.010730266571045,-1.4933292865753174,0.0649309977889061,0.0014946602750569582,1.7018908262252808,-1.396894097328186,0.18438003957271576
2,0.24412629008293152,0.5017427206039429,-2.1982734203338623,0.9995386600494385,0.3129544258117676,0.37277108430862427,-2.126436471939087,0.9995275735855103,0.35392826795578003,0.374245285987854,-2.1269822120666504,0.9995731115341187,0.38498643040657043,0.37679147720336914,-2.1278929710388184,0.9995442628860474,0.1895151436328888,0.36626142263412476,-2.084604501724243,0.9993852972984314,0.15787342190742493,0.36431774497032166,-2.0835044384002686,0.9993574619293213,0.12994970381259918,0.3644883334636688,-2.083265781402588,0.9991620182991028,0.44355350732803345,0.41681307554244995,-1.4356575012207031,0.9997462630271912,0.11328659951686859,0.41175469756126404,-1.1751928329467773,0.9992378354072571,0.32659396529197693,0.6310940980911255,-1.9119094610214233,0.9996641874313354,0.18350674211978912,0.6328394412994385,-1.8485429286956787,0.9994004368782043,0.77254718542099,0.9575632810592651,-1.1180212497711182,0.991475522518158,-0.03520561382174492,0.9575666189193726,-0.5464417338371277,0.9730378985404968,1.0838453769683838,1.510757327079773,-1.3263967037200928,0.17615315318107605,-0.16942629218101501,1.549584150314331,-1.0289965867996216,0.12802061438560486,1.008849859237671,2.0318148136138916,-1.7904220819473267,0.06888410449028015,-0.018753862008452415,1.3379311561584473,-2.504756450653076,0.16396284103393555
2,0.2459852248430252,0.5010055303573608,-2.1653494834899902,0.9996132254600525,0.31482669711112976,0.3710022270679474,-2.0956850051879883,0.9995929598808289,0.356126993894577,0.3721568286418915,-2.095953941345215,0.9996341466903687,0.3868170976638794,0.3748062551021576,-2.096853494644165,0.9996144771575928,0.18995341658592224,0.3653651773929596,-2.058274745941162,0.9994754791259766,0.15831096470355988,0.36315402388572693,-2.056880474090576,0.9994462728500366,0.1304631531238556,0.36283689737319946,-2.0566697120666504,0.9992853999137878,0.44634366035461426,0.4157519042491913,-1.41401207447052,0.9997782111167908,0.11367683112621307,0.40706127882003784,-1.1902611255645752,0.9993374347686768,0.3285209536552429,0.6308025121688843,-1.8927466869354248,0.9997667074203491,0.18304486572742462,0.6319068670272827,-1.8317089080810547,0.9995667934417725,0.7818739414215088,0.9671241641044617,-1.0462119579315186,0.9937021136283875,0.012790871784090996,0.9270201921463013,-0.5862630605697632,0.9793593883514404,1.0842708349227905,1.5746880769729614,-1.193406105041504,0.16001227498054504,-0.13574175536632538,1.6653590202331543,-0.5934609770774841,0.09133677929639816,0.9985241889953613,2.0921285152435303,-1.7399070262908936,0.06404894590377808,0.006659930106252432,1.960623860359192,-1.808951735496521,0.11232757568359375
2,0.24699489772319794,0.5009134411811829,-2.1023762226104736,0.9996308088302612,0.3152316212654114,0.37080147862434387,-2.0288922786712646,0.9996063113212585,0.3563080430030823,0.37181228399276733,-2.029448986053467,0.9996568560600281,0.38709452748298645,0.37459060549736023,-2.0302670001983643,0.9996355772018433,0.19015677273273468,0.36581677198410034,-1.992894172668457,0.9994772672653198,0.15831124782562256,0.3635704815387726,-1.9919010400772095,0.9994567036628723,0.13057057559490204,0.3632713556289673,-1.991599440574646,0.9992808699607849,0.44631466269493103,0.4154113233089447,-1.3100913763046265,0.999799907207489,0.11371548473834991,0.40580499172210693,-1.1040246486663818,0.999318540096283,0.32898107171058655,0.6294040679931641,-1.8209606409072876,0.9997968077659607,0.18303129076957703,0.6302878260612488,-1.7648378610610962,0.9995748400688171,0.7809901237487793,0.9675878286361694,-1.0002180337905884,0.9943654537200928,-0.006995712872594595,0.9435380101203918,-0.5440002083778381,0.9787840843200684,1.0667098760604858,1.5331804752349854,-1.2966355085372925,0.14889609813690186,-0.1643129289150238,1.5748381614685059,-1.0343372821807861,0.08918764442205429,0.9997173547744751,2.012503147125244,-1.824097990989685,0.06662857532501221,-0.008894416503608227,1.2714483737945557,-2.471687078475952,0.1426943987607956
2,0.250967413187027,0.5020003318786621,-2.147379159927368,0.9994511604309082,0.31703123450279236,0.3740943968296051,-2.0608692169189453,0.9994319677352905,0.3576951026916504,0.3751009404659271,-2.0617198944091797,0.9995116591453552,0.3880697786808014,0.37793153524398804,-2.0626754760742188,0.9994434118270874,0.19275188446044922,0.3706890046596527,-2.0417799949645996,0.9992635250091553,0.1602908968925476,0.3689473569393158,-2.0406248569488525,0.999283492565155,0.1328268200159073,0.36995020508766174,-2.040592670440674,0.9990312457084656,0.44593220949172974,0.4184471666812897,-1.3016425371170044,0.9997173547744751,0.11148613691329956,0.4151635468006134,-1.1563628911972046,0.9991047382354736,0.33044731616973877,0.6279780268669128,-1.8485784530639648,0.9996721744537354,0.18635107576847076,0.6298345327377319,-1.8130207061767578,0.9993259906768799,0.7625795006752014,0.9621817469596863,-0.9233824610710144,0.9908075928688049,-0.05633580684661865,1.007545828819275,-0.5649791359901428,0.967415988445282,1.0851640701293945,1.4384806156158447,-1.275837779045105,0.12631681561470032,-0.18972304463386536,1.551521897315979,-0.8546208143234253,0.0907227098941803,1.0532267093658447,1.884597659111023,-1.8954708576202393,0.05677364766597748,-0.03600209951400757,1.3811228275299072,-2.0787079334259033,0.16237449645996094
2,0.25131872296333313,0.506475031375885,-2.1447229385375977,0.9995429515838623,0.3148171305656433,0.37513700127601624,-2.068005084991455,0.9995315670967102,0.35488900542259216,0.37515193223953247,-2.068321704864502,0.9996005892753601,0.385977178812027,0.37634310126304626,-2.0691254138946533,0.9995459914207458,0.19355162978172302,0.37281334400177,-2.026139259338379,0.9993921518325806,0.16174563765525818,0.3703118860721588,-2.0244083404541016,0.9994096755981445,0.13534970581531525,0.3703140914440155,-2.023878574371338,0.9992089867591858,0.4442459046840668,0.41267240047454834,-1.3377455472946167,0.9997708797454834,0.11635091155767441,0.41224974393844604,-1.0877983570098877,0.9992826581001282,0.33133208751678467,0.6295186281204224,-1.8566316366195679,0.9997497200965881,0.18855544924736023,0.6320288181304932,-1.7888702154159546,0.9994814991950989,0.7811856269836426,0.9606518149375916,-1.0264413356781006,0.9929978847503662,0.0056183598935604095,0.9285767078399658,-0.4914485812187195,0.9741581678390503,1.0890926122665405,1.516323208808899,-1.3744165897369385,0.13482461869716644,-0.20881381630897522,1.658334732055664,-1.1255650520324707,0.11255764961242676,1.019744634628296,2.0257022380828857,-1.9393678903579712,0.07438555359840393,-0.03914758935570717,1.2504947185516357,-2.693289279937744,0.20721149444580078
2,0.24663381278514862,0.5154896378517151,-2.1630687713623047,0.9993599057197571,0.31200307607650757,0.37935885787010193,-2.091780185699463,0.9993096590042114,0.3524816632270813,0.37641510367393494,-2.0923948287963867,0.9994383454322815,0.38462382555007935,0.37495267391204834,-2.0932774543762207,0.99935382604599,0.19078996777534485,0.3819437325000763,-2.0588295459747314,0.999092161655426,0.16041457653045654,0.3788038492202759,-2.0580058097839355,0.999137282371521,0.13441155850887299,0.3780292272567749,-2.0580592155456543,0.9988548159599304,0.4446665644645691,0.40664905309677124,-1.3936772346496582,0.999656617641449,0.11935560405254364,0.41216081380844116,-1.2090239524841309,0.998945415019989,0.3298998475074768,0.6389274001121521,-1.8811715841293335,0.9996217489242554,0.18763071298599243,0.6433233022689819,-1.8313850164413452,0.9992837905883789,0.778957724571228,0.9679482579231262,-0.974199116230011,0.9921727776527405,-0.018569020554423332,0.95166015625,-0.553436815738678,0.9733419418334961,1.0322458744049072,1.564214825630188,-1.1032475233078003,0.11688758432865143,-0.16920454800128937,1.634159803390503,-0.5569506883621216,0.09909291565418243,0.9392625689506531,2.016977310180664,-1.5832843780517578,0.06202365458011627,0.009613134898245335,1.7147026062011719,-1.6510136127471924,0.1725604087114334
2,0.24621915817260742,0.5127736926078796,-2.0435893535614014,0.9995014071464539,0.3104744255542755,0.3796283006668091,-1.9756906032562256,0.999467670917511,0.34899139404296875,0.3771667778491974,-1.9765135049819946,0.9995595812797546,0.3821185827255249,0.3764133155345917,-1.9779077768325806,0.9995109438896179,0.19243666529655457,0.3815672695636749,-1.9208749532699585,0.9993001222610474,0.16286209225654602,0.378670871257782,-1.9192625284194946,0.9993055462837219,0.13804341852664948,0.3782816529273987,-1.9191844463348389,0.9990882277488708,0.4416810870170593,0.4173474907875061,-1.2975729703903198,0.9997367858886719,0.12334849685430527,0.41604772210121155,-0.9958756566047668,0.9991917014122009,0.32544758915901184,0.6361855864524841,-1.7733190059661865,0.9997258186340332,0.1875283271074295,0.6366885304450989,-1.6902029514312744,0.9994856715202332,0.7560139298439026,0.9507278203964233,-0.9479548335075378,0.9943808317184448,0.02331598848104477,0.9297579526901245,-0.3004818558692932,0.9788944721221924,1.0374767780303955,1.5415656566619873,-1.0613305568695068,0.1524706333875656,-0.13037852942943573,1.6379528045654297,-0.12652961909770966,0.0800376906991005,0.9946050643920898,2.0838704109191895,-1.5593371391296387,0.060767192393541336,-0.008105093613266945,2.044973850250244,-1.3301441669464111,0.10452035069465637
2,0.48470205068588257,0.6218151450157166,-3.8644566535949707,0.9993293881416321,0.5645376443862915,0.4572085440158844,-3.916048526763916,0.999120831489563,0.6099137663841248,0.45057693123817444,-3.914929151535034,0.9989200830459595,0.6477116346359253,0.4452628195285797,-3.9149277210235596,0.998856782913208,0.4092080593109131,0.4621409773826599,-3.8971219062805176,0.9993593692779541,0.36989229917526245,0.45879098773002625,-3.8969149589538574,0.999265193939209,0.3385739028453827,0.4546525180339813,-3.896474838256836,0.9992936253547668,0.7318050861358643,0.44069012999534607,-3.3812096118927,0.9988202452659607,0.2943112254142761,0.44389480352401733,-3.2570388317108154,0.9995613098144531,0.5782593488693237,0.7566488981246948,-3.589437961578369,0.9983038306236267,0.412771075963974,0.750045120716095,-3.5539498329162598,0.9990154504776001,0.9098615646362305,0.8588346838951111,-2.372218132019043,0.9756984114646912,0.07900658249855042,0.8115606307983398,-2.3144514560699463,0.9893341064453125,1.1437442302703857,1.2746554613113403,-1.8774627447128296,0.13549737632274628,-0.07764138281345367,1.5902305841445923,-1.0875791311264038,0.18296556174755096,1.0073931217193604,1.2943798303604126,-1.6196839809417725,0.09101830422878265,0.11711796373128891,1.9850029945373535,-0.30835679173469543,0.0471968837082386
2,0.49379149079322815,0.6395063400268555,-3.7844645977020264,0.9990181922912598,0.5665913820266724,0.48678165674209595,-3.807297945022583,0.998736560344696,0.6108827590942383,0.4795437455177307,-3.806666612625122,0.9984037280082703,0.6475623250007629,0.4717130959033966,-3.807223081588745,0.9983476996421814,0.41202670335769653,0.48713600635528564,-3.795961856842041,0.9991874694824219,0.3711957037448883,0.48299068212509155,-3.795527935028076,0.9990813136100769,0.34079086780548096,0.47954070568084717,-3.795278549194336,0.9991692900657654,0.7282485961914062,0.4567441940307617,-3.232381820678711,0.998330295085907,0.2949645221233368,0.47545844316482544,-3.123314380645752,0.9995104670524597,0.5789235830307007,0.7668265104293823,-3.476422071456909,0.997515082359314,0.41971355676651,0.7666064500808716,-3.4602437019348145,0.9986342191696167,0.9001272320747375,0.8276099562644958,-2.290783405303955,0.9723355174064636,0.08703383803367615,0.8295609951019287,-2.145158529281616,0.9909802675247192,1.11461341381073,1.3139121532440186,-1.6375372409820557,0.11208581924438477,-0.06427992135286331,1.5556460618972778,-1.3611491918563843,0.1944621056318283,0.9326753616333008,1.3357793092727661,-1.0425156354904175,0.05909444019198418,0.13305412232875824,1.904855728149414,-1.2282181978225708,0.03882000222802162
2,0.49554362893104553,0.6436382532119751,-3.6228065490722656,0.998883068561554,0.570248007774353,0.4947436451911926,-3.6754703521728516,0.9985179901123047,0.6138729453086853,0.48797523975372314,-3.674708843231201,0.9981397986412048,0.650454580783844,0.48094579577445984,-3.675370454788208,0.9981814622879028,0.4121161997318268,0.49371597170829773,-3.661328077316284,0.9990249276161194,0.37020936608314514,0.4897017180919647,-3.6606898307800293,0.9988685846328735,0.3382904827594757,0.4865172803401947,-3.660256862640381,0.9990012049674988,0.7339003682136536,0.45984262228012085,-3.1284334659576416,0.9981594085693359,0.29238346219062805,0.470351904630661,-2.997565746307373,0.9993748664855957,0.5797982811927795,0.7698624134063721,-3.3587310314178467,0.997862696647644,0.4228689670562744,0.7711862921714783,-3.3309693336486816,0.9987308382987976,0.9064571261405945,0.820791482925415,-2.2597899436950684,0.979488730430603,0.0929318368434906,0.8167864680290222,-2.014096975326538,0.9936352372169495,1.0355582237243652,1.3103224039077759,-1.1956764459609985,0.11449648439884186,-0.04402278736233711,1.5396836996078491,-0.946551501750946,0.23495706915855408,1.0105793476104736,1.8093953132629395,-0.3144914507865906,0.03481808677315712,0.13452452421188354,1.966386318206787,-0.2835026681423187,0.03579022362828255
2,0.5000783801078796,0.6471508145332336,-3.690476894378662,0.9990389943122864,0.5747016072273254,0.4960522949695587,-3.7520782947540283,0.998689591884613,0.6172274351119995,0.4904715120792389,-3.7511909008026123,0.9983408451080322,0.6540829539299011,0.48514842987060547,-3.7520675659179688,0.9984408020973206,0.41589412093162537,0.49350541830062866,-3.7360095977783203,0.9991136193275452,0.37186992168426514,0.4905650019645691,-3.7351417541503906,0.9989350438117981,0.3387300372123718,0.4875807762145996,-3.7345995903015137,0.9990681409835815,0.7389992475509644,0.462830513715744,-3.24107027053833,0.998410701751709,0.2915021479129791,0.4671788215637207,-3.124915838241577,0.9993922710418701,0.5823196172714233,0.7747658491134644,-3.4240965843200684,0.9983866810798645,0.42338070273399353,0.7719224095344543,-3.3930134773254395,0.9989922046661377,0.9097887873649597,0.8223564028739929,-2.3609375953674316,0.985298216342926,0.0879758670926094,0.8027495741844177,-2.1367270946502686,0.9953514337539673,1.1357753276824951,1.4416910409927368,-1.449859857559204,0.12729786336421967,-0.07111866027116776,1.5196000337600708,-1.2225749492645264,0.24260590970516205,1.0363839864730835,1.9812464714050293,-0.747281014919281,0.0235932357609272,0.09338625520467758,1.9468777179718018,-0.9706160426139832,0.0343545638024807
2,0.4743722975254059,0.6483728885650635,-4.568793296813965,0.9991687536239624,0.557362973690033,0.4953501522541046,-4.614902496337891,0.9989048838615417,0.6043863296508789,0.49165788292884827,-4.614161014556885,0.9986106157302856,0.6421410441398621,0.48741415143013,-4.615014553070068,0.9986791014671326,0.3925747275352478,0.49272122979164124,-4.587226390838623,0.9992607235908508,0.35555094480514526,0.4906800389289856,-4.5876617431640625,0.999110221862793,0.32480961084365845,0.48902586102485657,-4.587383270263672,0.9992225170135498,0.7320250272750854,0.4647628366947174,-3.941689968109131,0.9986802339553833,0.28647565841674805,0.46971818804740906,-3.7810585498809814,0.9995039701461792,0.5762089490890503,0.783309280872345,-4.235243797302246,0.9986538887023926,0.41030970215797424,0.7778696417808533,-4.1936564445495605,0.9991533160209656,0.9205268025398254,0.8457611203193665,-2.884787082672119,0.9855590462684631,0.09061853587627411,0.8069553971290588,-2.573369026184082,0.996232807636261,1.1551074981689453,1.4911776781082153,-2.725816011428833,0.11159659177064896,-0.049297742545604706,1.5890530347824097,-1.6787643432617188,0.21866056323051453,1.0047752857208252,1.6581823825836182,-2.9528872966766357,0.017583724111318588,0.190280944108963,1.8280960321426392,-1.4213413000106812,0.03641962260007858
2,0.48169857263565063,0.6497734189033508,-3.57475209236145,0.9993269443511963,0.5647566318511963,0.49721401929855347,-3.6318442821502686,0.9991222620010376,0.6103383302688599,0.4928654134273529,-3.6307499408721924,0.9988686442375183,0.6479681730270386,0.4877023696899414,-3.6308987140655518,0.9989133477210999,0.39836636185646057,0.49438875913619995,-3.6118247509002686,0.9994227886199951,0.3583093285560608,0.4919009804725647,-3.611177921295166,0.9993100762367249,0.3254796266555786,0.48867660760879517,-3.6106185913085938,0.9993999600410461,0.7329885959625244,0.46583762764930725,-3.141618251800537,0.9989283084869385,0.2824375629425049,0.46670645475387573,-3.0067644119262695,0.9996106624603271,0.5794281959533691,0.7845820784568787,-3.319645404815674,0.9987552165985107,0.41158056259155273,0.7793020606040955,-3.283356189727783,0.9992163181304932,0.9247146844863892,0.8568718433380127,-2.2706727981567383,0.9849148988723755,0.08645431697368622,0.8314878344535828,-2.0814120769500732,0.9965680837631226,1.152571678161621,1.451889157295227,-1.37232506275177,0.11431332677602768,-0.05825323984026909,1.592002034187317,-1.058846354484558,0.2214297354221344,1.0134243965148926,1.7841287851333618,-0.6230606436729431,0.01389450952410698,0.12390045076608658,1.946743369102478,-0.5823783278465271,0.03892581909894943
2,0.5028380751609802,0.6563408970832825,-4.200037002563477,0.9992309808731079,0.5773014426231384,0.49850544333457947,-4.244381904602051,0.9989733695983887,0.619531512260437,0.4924573600292206,-4.243356704711914,0.9986745715141296,0.6574453115463257,0.48572155833244324,-4.244113922119141,0.9987049102783203,0.41542378067970276,0.49769774079322815,-4.239596843719482,0.999350368976593,0.3686463534832001,0.495041161775589,-4.239306926727295,0.9992478489875793,0.3342417776584625,0.4911307394504547,-4.238955974578857,0.9993516206741333,0.7374941110610962,0.4518440067768097,-3.6498615741729736,0.9987108707427979,0.2832261025905609,0.47280067205429077,-3.5990543365478516,0.999577522277832,0.5859315395355225,0.7857904434204102,-3.899095058441162,0.9985962510108948,0.42594462633132935,0.7872839570045471,-3.887328624725342,0.9991172552108765,0.9200571775436401,0.8402440547943115,-2.6199867725372314,0.9840604662895203,0.07889466732740402,0.8497132658958435,-2.5654428005218506,0.9966394305229187,1.0521845817565918,1.2823050022125244,-1.5278128385543823,0.10401760786771774,-0.09991709142923355,1.6241031885147095,-1.8679335117340088,0.24051013588905334,1.0247151851654053,1.8176445960998535,-0.593704104423523,0.011595937423408031,0.12701210379600525,1.9808920621871948,-1.7731378078460693,0.04119405895471573
2,0.49402180314064026,0.65500807762146,-3.7598109245300293,0.9992722868919373,0.5702630281448364,0.4972287118434906,-3.8047451972961426,0.99908047914505,0.6124524474143982,0.49090930819511414,-3.803959369659424,0.9988080263137817,0.6488571166992188,0.48474085330963135,-3.8044192790985107,0.9988154768943787,0.4101177155971527,0.4975094795227051,-3.797776699066162,0.999410092830658,0.36594128608703613,0.49469125270843506,-3.7972609996795654,0.9993249773979187,0.3323005735874176,0.49044352769851685,-3.7968831062316895,0.9994109869003296,0.7308779954910278,0.4638718366622925,-3.258734941482544,0.9988088607788086,0.28316932916641235,0.4765462875366211,-3.195077657699585,0.9996058940887451,0.5817487239837646,0.7864493727684021,-3.483081102371216,0.9985694885253906,0.41817617416381836,0.7856266498565674,-3.4675018787384033,0.9990774393081665,0.9146458506584167,0.844147264957428,-2.3131651878356934,0.9812157154083252,0.08594853430986404,0.8525167107582092,-2.2153098583221436,0.9958600997924805,1.129137396812439,1.4143073558807373,-1.2818377017974854,0.10021527856588364,-0.07332126796245575,1.6087112426757812,-1.2088489532470703,0.24515056610107422,1.038881540298462,1.8109132051467896,-0.5654123425483704,0.011366567574441433,0.13570359349250793,1.9083467721939087,-0.787857174873352,0.04532301053404808
2,0.49885568022727966,0.6536458134651184,-4.5659918785095215,0.9993446469306946,0.5724390745162964,0.4954749047756195,-4.603669166564941,0.9992042779922485,0.6139428615570068,0.487733393907547,-4.6030683517456055,0.9989666938781738,0.6495330929756165,0.4799812138080597,-4.604098320007324,0.9989773631095886,0.4155115485191345,0.4979080259799957,-4.590508937835693,0.9994750618934631,0.36974015831947327,0.495273232460022,-4.590890884399414,0.9994004368782043,0.336103618144989,0.4908417761325836,-4.590749263763428,0.9994742274284363,0.7246630787849426,0.4591483771800995,-3.9107537269592285,0.9989956021308899,0.28163695335388184,0.4741109311580658,-3.8352363109588623,0.9996510744094849,0.5806484222412109,0.7843934893608093,-4.226876258850098,0.9988436698913574,0.4192872643470764,0.7836610078811646,-4.208585739135742,0.9992676377296448,0.906420111656189,0.823745608329773,-2.798074722290039,0.9836217164993286,0.08784276247024536,0.8386121988296509,-2.613290309906006,0.9961196780204773,1.1522479057312012,1.4053657054901123,-2.0375609397888184,0.10620087385177612,-0.06627988070249557,1.586285948753357,-1.9655300378799438,0.2345028668642044,1.0748984813690186,1.7470842599868774,-1.6149688959121704,0.010123624466359615,0.16270965337753296,1.711243987083435,-1.9953492879867554,0.045427266508340836
2,0.4976347088813782,0.6470403075218201,-4.575296878814697,0.9994078278541565,0.5698599815368652,0.48880502581596375,-4.612238883972168,0.9993330836296082,0.6118823885917664,0.48155656456947327,-4.611487865447998,0.9991317391395569,0.6475672721862793,0.4744061827659607,-4.612180709838867,0.9991008043289185,0.41348060965538025,0.4929483234882355,-4.5947747230529785,0.9995606541633606,0.3680640161037445,0.48905766010284424,-4.595099449157715,0.9994988441467285,0.33345478773117065,0.4840361773967743,-4.594764232635498,0.9995503425598145,0.7227338552474976,0.45488035678863525,-3.9029788970947266,0.9991325736045837,0.27612635493278503,0.4629727602005005,-3.804997205734253,0.999708890914917,0.5789385437965393,0.7783671021461487,-4.227689266204834,0.998791515827179,0.41642895340919495,0.7755805253982544,-4.203787326812744,0.9992538690567017,0.8977328538894653,0.8282449841499329,-2.7972521781921387,0.9772894978523254,0.08748776465654373,0.8328615427017212,-2.5917088985443115,0.9951149821281433,1.1442021131515503,1.3934375047683716,-2.446321964263916,0.08968155831098557,-0.09121964871883392,1.5870721340179443,-2.136960983276367,0.20701272785663605,0.9748942255973816,1.4174784421920776,-2.3241360187530518,0.01203406322747469,0.20446331799030304,1.4432317018508911,-2.26572847366333,0.0597115196287632
2,0.49958983063697815,0.6513835191726685,-4.825033664703369,0.9994690418243408,0.5763866305351257,0.49295419454574585,-4.839255332946777,0.9994623064994812,0.6185411214828491,0.48600926995277405,-4.83858585357666,0.9992856979370117,0.6552305817604065,0.47882071137428284,-4.839254379272461,0.9992339015007019,0.4176177382469177,0.4951878488063812,-4.820942401885986,0.9996489882469177,0.371934175491333,0.49049240350723267,-4.821614742279053,0.9995997548103333,0.337505042552948,0.48522841930389404,-4.821386814117432,0.9996383786201477,0.7283283472061157,0.45923715829849243,-4.047821998596191,0.9992848634719849,0.2809324562549591,0.4708369970321655,-3.9528472423553467,0.9997618794441223,0.582088828086853,0.7833061814308167,-4.447676181793213,0.9986648559570312,0.421301931142807,0.7799999713897705,-4.424622535705566,0.9991662502288818,0.890045166015625,0.8233489990234375,-2.898786783218384,0.9701488614082336,0.10290217399597168,0.837376594543457,-2.7141530513763428,0.993273913860321,1.1277469396591187,1.2526990175247192,-2.7858786582946777,0.09379786998033524,-0.025078048929572105,1.5908459424972534,-2.5955309867858887,0.20671126246452332,0.9763558506965637,1.165795922279358,-2.694810390472412,0.01581476628780365,0.26378968358039856,1.2913392782211304,-2.8970541954040527,0.08102283626794815
2,0.5859367251396179,0.5565014481544495,-0.872602641582489,0.9999129176139832,0.6337310075759888,0.4983305037021637,-0.8263699412345886,0.9997259378433228,0.6545853614807129,0.5043075680732727,-0.825771689414978,0.9997712969779968,0.6728804707527161,0.5108601450920105,-0.8252849578857422,0.9996087551116943,0.5635582804679871,0.483006089925766,-0.8212814331054688,0.9998237490653992,0.5408787727355957,0.4797411561012268,-0.820219874382019,0.9998728632926941,0.5207628011703491,0.478486031293869,-0.8208874464035034,0.999844491481781,0.6963819861412048,0.5440009832382202,-0.46327918767929077,0.9995721578598022,0.49429622292518616,0.5026288032531738,-0.4453842043876648,0.9999407529830933,0.6210054159164429,0.6393669843673706,-0.7348900437355042,0.9996865391731262,0.5365877747535706,0.6308345198631287,-0.7299088835716248,0.9999117255210876,0.7630539536476135,0.9074625372886658,-0.1721392124891281,0.9926261901855469,0.2986724376678467,0.8179668188095093,-0.3085937798023224,0.9994052648544312,0.7866403460502625,1.4040743112564087,-0.24496087431907654,0.10159538686275482,0.08725569397211075,1.2533478736877441,-0.4640161097049713,0.27867525815963745,0.7042851448059082,1.1037756204605103,-0.44148096442222595,0.5505826473236084,0.13803601264953613,1.6445872783660889,-0.9244878888130188,0.36267679929733276
2,0.5877404808998108,0.557316243648529,-0.9247159957885742,0.9999023675918579,0.633653998374939,0.4981919527053833,-0.8807581067085266,0.9997194409370422,0.6535911560058594,0.5039947628974915,-0.8802365064620972,0.9997588992118835,0.6713836789131165,0.5103012323379517,-0.879731297492981,0.9996029734611511,0.5647472739219666,0.48318442702293396,-0.8809562921524048,0.9998154044151306,0.5413579940795898,0.47992390394210815,-0.8799195289611816,0.9998624324798584,0.5209599733352661,0.478601336479187,-0.8805378079414368,0.999837338924408,0.6934583783149719,0.5436417460441589,-0.5202121138572693,0.999570906162262,0.49418216943740845,0.5031856894493103,-0.5130103826522827,0.9999372959136963,0.621619701385498,0.639999270439148,-0.7834224700927734,0.9996920824050903,0.5381245017051697,0.6319191455841064,-0.783673882484436,0.999911904335022,0.7652677297592163,0.9064732789993286,-0.23467662930488586,0.9931655526161194,0.29791349172592163,0.8167701959609985,-0.34125930070877075,0.9994633793830872,0.8021271824836731,1.4027000665664673,-0.41460949182510376,0.10329457372426987,0.08414851874113083,1.254575252532959,-0.5104464888572693,0.33062297105789185,0.7170988321304321,1.1072518825531006,-0.7243975400924683,0.4995110034942627,0.1366043984889984,1.628722071647644,-1.020199179649353,0.35752230882644653
2,0.5885300040245056,0.5603577494621277,-1.0139037370681763,0.9999105334281921,0.6338244080543518,0.4993133544921875,-0.9554630517959595,0.9997517466545105,0.6532841920852661,0.5046173930168152,-0.9549910426139832,0.9997879862785339,0.6711760759353638,0.5106649994850159,-0.9542738795280457,0.9996553063392639,0.5655113458633423,0.4843779504299164,-0.9584225416183472,0.9998300075531006,0.541826605796814,0.480615496635437,-0.9573811292648315,0.9998686909675598,0.5212279558181763,0.47871384024620056,-0.9579688906669617,0.999843955039978,0.6926766037940979,0.5439643859863281,-0.5439243912696838,0.9996232390403748,0.4935837686061859,0.5029959082603455,-0.55814129114151,0.9999394416809082,0.6214836239814758,0.6421003341674805,-0.856266975402832,0.9997122287750244,0.5390029549598694,0.6340029239654541,-0.8619751930236816,0.9999164938926697,0.7670625448226929,0.9092143774032593,-0.2507857084274292,0.9936488270759583,0.29357194900512695,0.8214444518089294,-0.3531588315963745,0.9993367195129395,0.7735894322395325,1.432460069656372,-0.46854066848754883,0.1169431135058403,0.07307806611061096,1.2860811948776245,-0.4893770217895508,0.2982290983200073,0.6537145376205444,0.9691725969314575,-0.8304910659790039,0.5838790535926819,0.1276850402355194,1.6762341260910034,-1.0015431642532349,0.3410159945487976
2,0.5894788503646851,0.5604062676429749,-0.9304585456848145,0.999938428401947,0.6342459917068481,0.49897193908691406,-0.8814020156860352,0.9998369812965393,0.65350341796875,0.504075825214386,-0.8807955980300903,0.9998572468757629,0.6719248294830322,0.5101330876350403,-0.8802886009216309,0.9997754693031311,0.56756991147995,0.4849188029766083,-0.8732094764709473,0.999885082244873,0.5442282557487488,0.48142293095588684,-0.8720606565475464,0.9999048113822937,0.5238840579986572,0.4797010123729706,-0.8725932240486145,0.9998890161514282,0.6939325332641602,0.5444661378860474,-0.49837684631347656,0.9997545480728149,0.49521374702453613,0.5049412846565247,-0.45852842926979065,0.9999546408653259,0.6219745874404907,0.6414646506309509,-0.7836991548538208,0.9997931718826294,0.5409851670265198,0.6329368948936462,-0.7741893529891968,0.9999374747276306,0.7779973745346069,0.910369873046875,-0.2577621042728424,0.994333028793335,0.30234742164611816,0.8120788335800171,-0.28108489513397217,0.9993369579315186,0.7699258327484131,1.416471242904663,-0.46089333295822144,0.14968673884868622,0.09589771926403046,1.2466659545898438,-0.4738810956478119,0.2863278090953827,0.6276034116744995,0.9016768932342529,-0.7196918725967407,0.6833053827285767,0.16645660996437073,1.6128100156784058,-1.0718300342559814,0.3391818106174469
2,0.5902978181838989,0.5613166093826294,-0.9050246477127075,0.9999399781227112,0.6349940299987793,0.5004962086677551,-0.8560096621513367,0.99985271692276,0.6538695693016052,0.5054304599761963,-0.8554296493530273,0.9998650550842285,0.6723695993423462,0.5113651752471924,-0.855148434638977,0.9997988939285278,0.568550705909729,0.48633620142936707,-0.8519122004508972,0.9998961687088013,0.5449923276901245,0.4826198220252991,-0.850767970085144,0.9999096393585205,0.524541437625885,0.4806953966617584,-0.8513917922973633,0.9999001622200012,0.6943097710609436,0.5449517369270325,-0.4689171314239502,0.9997808933258057,0.495474636554718,0.5050107836723328,-0.44473832845687866,0.999956488609314,0.621983528137207,0.6416065096855164,-0.7580689787864685,0.9998122453689575,0.5416547656059265,0.632768452167511,-0.7519584894180298,0.9999415278434753,0.7705079317092896,0.9086205363273621,-0.2167375534772873,0.9943772554397583,0.3025051951408386,0.8119946718215942,-0.28567129373550415,0.9993688464164734,0.7820132970809937,1.398669958114624,-0.3584752678871155,0.1571977734565735,0.10201036930084229,1.2693501710891724,-0.4642506241798401,0.3314271569252014,0.7027488350868225,1.0272316932678223,-0.5979339480400085,0.6609501242637634,0.18426825106143951,1.6162340641021729,-0.9958552122116089,0.3431299924850464
2,0.5943354368209839,0.5617351531982422,-0.8921964764595032,0.9999405741691589,0.6374844312667847,0.5013192892074585,-0.8446963429450989,0.9998584389686584,0.6553725004196167,0.5060104131698608,-0.8440709114074707,0.9998648762702942,0.6737780570983887,0.5119494199752808,-0.8436616659164429,0.9998078346252441,0.5730355978012085,0.48735272884368896,-0.8384149670600891,0.9999009370803833,0.5487815141677856,0.4833870232105255,-0.8372753262519836,0.9999101758003235,0.5277884006500244,0.4812367856502533,-0.8378604054450989,0.9999045133590698,0.6943899393081665,0.5456716418266296,-0.46941643953323364,0.9997920989990234,0.4963501989841461,0.5054428577423096,-0.43791595101356506,0.9999563097953796,0.6241953372955322,0.6412487626075745,-0.747776985168457,0.9998223781585693,0.545493483543396,0.6320388317108154,-0.740661084651947,0.9999427199363708,0.7740026116371155,0.9036706686019897,-0.20048773288726807,0.994518518447876,0.30550795793533325,0.8101974725723267,-0.28906330466270447,0.9993966817855835,0.7899116277694702,1.376710295677185,-0.3300968110561371,0.1532566249370575,0.10037939250469208,1.2598024606704712,-0.4699058532714844,0.3473628759384155,0.6838362812995911,0.950442910194397,-0.5713068842887878,0.6164758205413818,0.16281220316886902,1.6041455268859863,-1.0339045524597168,0.3200370967388153
2,0.5957220196723938,0.5621179938316345,-0.9123795628547668,0.999930739402771,0.6381365656852722,0.5008760690689087,-0.8670547604560852,0.9998215436935425,0.6569522023200989,0.5057957768440247,-0.866602897644043,0.9998331069946289,0.6764340996742249,0.5122665166854858,-0.866142749786377,0.9997654557228088,0.5697115659713745,0.485967755317688,-0.8623228073120117,0.999871551990509,0.5456150770187378,0.4818832576274872,-0.8612877726554871,0.9998802542686462,0.5245886445045471,0.47979018092155457,-0.8618027567863464,0.9998732805252075,0.6958492994308472,0.5445106625556946,-0.5070599913597107,0.9997305274009705,0.49412551522254944,0.505066454410553,-0.4735209047794342,0.9999398589134216,0.6291413903236389,0.6415500640869141,-0.7725260853767395,0.9997729659080505,0.5485235452651978,0.6318140029907227,-0.7651727199554443,0.999927818775177,0.803349494934082,0.8989156484603882,-0.2980477213859558,0.9932996034622192,0.29826104640960693,0.8197063207626343,-0.2658783197402954,0.9991587996482849,0.8367087244987488,1.373164415359497,-0.6162987947463989,0.160330668091774,0.1033727154135704,1.2704836130142212,-0.326090008020401,0.2815721333026886,0.7095138430595398,0.958733856678009,-1.0015097856521606,0.5867858529090881,0.16720320284366608,1.6328257322311401,-0.7849823236465454,0.26413339376449585
2,0.6237493753433228,0.6948144435882568,-2.399202346801758,0.9999933242797852,0.6746543645858765,0.6106740832328796,-2.3993117809295654,0.999983012676239,0.6974340677261353,0.6139377951622009,-2.398010015487671,0.9999884366989136,0.718896746635437,0.6171181797981262,-2.3970351219177246,0.9999780058860779,0.5937048196792603,0.5956742167472839,-2.3820672035217285,0.9999849796295166,0.5683141946792603,0.5903173685073853,-2.3811707496643066,0.9999868273735046,0.5468365550041199,0.5866138339042664,-2.380760669708252,0.9999756813049316,0.7649709582328796,0.6277531981468201,-1.9830658435821533,0.9999836087226868,0.5223403573036194,0.5838906168937683,-1.8978745937347412,0.9999944567680359,0.6583796143531799,0.7838757634162903,-2.206988573074341,0.9999624490737915,0.571296215057373,0.7629983425140381,-2.1846659183502197,0.9999819993972778,0.8754510879516602,0.8969650268554688,-1.4135545492172241,0.9989662766456604,0.35115647315979004,0.8127681612968445,-1.1778219938278198,0.999480128288269,0.9980506896972656,1.3900730609893799,-1.7410802841186523,0.77861487865448,0.16676509380340576,1.083456039428711,-0.5911421179771423,0.26770371198654175,0.8471183776855469,0.8513457775115967,-2.1866090297698975,0.988063395023346,0.15516772866249084,1.6022330522537231,-0.501022219657898,0.4429875910282135
1,0.630163848400116,0.6927703022956848,-2.2552285194396973,0.9999964237213135,0.6810299754142761,0.6072731614112854,-2.2520809173583984,0.9999899864196777,0.7033833265304565,0.6107984185218811,-2.2507996559143066,0.9999935626983643,0.7254800200462341,0.6146084666252136,-2.249748706817627,0.9999862313270569,0.5992069244384766,0.5932794213294983,-2.238072395324707,0.9999909400939941,0.5731619000434875,0.5885152816772461,-2.237083911895752,0.9999924302101135,0.5507946610450745,0.5850199460983276,-2.2366809844970703,0.999984085559845,0.7691709995269775,0.6262839436531067,-1.855434775352478,0.9999904632568359,0.5249165892601013,0.5825796127319336,-1.7868534326553345,0.9999968409538269,0.6632622480392456,0.7822718024253845,-2.0725574493408203,0.9999746084213257,0.5764390826225281,0.7635335922241211,-2.055359125137329,0.9999886751174927,0.8796247243881226,0.9074269533157349,-1.3214138746261597,0.9991324543952942,0.3414982259273529,0.8270625472068787,-1.1109662055969238,0.9995495080947876,0.983384907245636,1.405324935913086,-1.6384443044662476,0.760329008102417,0.098384328186512,1.2231734991073608,-0.5685386657714844,0.20589584112167358,0.846794605255127,0.8447092771530151,-2.060159206390381,0.9925200939178467,0.13306456804275513,1.6244614124298096,-0.5408623218536377,0.44175949692726135
1,0.6302549839019775,0.6920149922370911,-2.260390281677246,0.9999966025352478,0.6813873052597046,0.6074734330177307,-2.2592806816101074,0.9999900460243225,0.7037587761878967,0.6109806299209595,-2.2579784393310547,0.999993622303009,0.7256297469139099,0.6146965026855469,-2.256979465484619,0.9999861717224121,0.6001796722412109,0.5935068130493164,-2.2496886253356934,0.9999911785125732,0.5741437673568726,0.5886953473091125,-2.2487025260925293,0.9999927282333374,0.551490068435669,0.5850722193717957,-2.24831223487854,0.9999846816062927,0.7692395448684692,0.6264725923538208,-1.854972243309021,0.9999905824661255,0.5254577398300171,0.5821437239646912,-1.80622136592865,0.9999971389770508,0.6633367538452148,0.7817280888557434,-2.0729830265045166,0.9999750256538391,0.576604962348938,0.7628339529037476,-2.0620436668395996,0.9999894499778748,0.8783550262451172,0.9103487730026245,-1.3212437629699707,0.9991316795349121,0.33835887908935547,0.827601432800293,-1.1016522645950317,0.9995756149291992,0.9867865443229675,1.403161883354187,-1.6212841272354126,0.7500767707824707,0.13662166893482208,1.1228792667388916,-0.42356109619140625,0.19989897310733795,0.8458545804023743,0.8426880240440369,-2.0336530208587646,0.9920914769172668,0.12460515648126602,1.6249964237213135,-0.18269509077072144,0.43251681327819824
1,0.6299432516098022,0.6924595236778259,-2.1381869316101074,0.9999963045120239,0.6809807419776917,0.6078933477401733,-2.139681816101074,0.9999896883964539,0.703512966632843,0.6113623976707458,-2.13840913772583,0.9999933242797852,0.7251712083816528,0.6149621605873108,-2.1374716758728027,0.999985933303833,0.5997859239578247,0.5940486788749695,-2.124450206756592,0.9999908208847046,0.5739924907684326,0.5893075466156006,-2.1234068870544434,0.9999921917915344,0.5517193675041199,0.5857313275337219,-2.1230673789978027,0.9999843835830688,0.7694299221038818,0.6266762614250183,-1.7561060190200806,0.9999904632568359,0.5261549949645996,0.5830808877944946,-1.690758466720581,0.9999970197677612,0.6642986536026001,0.7818742990493774,-1.9638748168945312,0.9999755620956421,0.5771247148513794,0.7632205486297607,-1.9457191228866577,0.9999896883964539,0.8790749311447144,0.9070224165916443,-1.2528010606765747,0.9991649389266968,0.3468354344367981,0.8241212964057922,-1.032630205154419,0.9995829463005066,0.9889981150627136,1.3819760084152222,-1.5492044687271118,0.7592255473136902,0.15757298469543457,1.076873540878296,-0.4381731152534485,0.21277841925621033,0.8460041284561157,0.8381208181381226,-1.8637412786483765,0.9914295673370361,0.12923863530158997,1.592867374420166,-0.26050299406051636,0.42291465401649475
1,0.6305152177810669,0.6948922276496887,-2.128561496734619,0.9999955892562866,0.681252121925354,0.6117233037948608,-2.1458823680877686,0.9999882578849792,0.7036325931549072,0.6146875619888306,-2.1444804668426514,0.9999922513961792,0.7251376509666443,0.617753267288208,-2.14353609085083,0.9999843835830688,0.6005921959877014,0.5974044799804688,-2.123725175857544,0.9999895691871643,0.5748795866966248,0.5919594168663025,-2.1226606369018555,0.9999909400939941,0.5528136491775513,0.587946355342865,-2.122191905975342,0.9999825358390808,0.7696048617362976,0.6272605061531067,-1.8044735193252563,0.9999895691871643,0.528663694858551,0.5840328931808472,-1.70487380027771,0.9999966025352478,0.6646981239318848,0.7824341058731079,-1.960935354232788,0.9999738931655884,0.5783631801605225,0.7634413242340088,-1.9329277276992798,0.9999887943267822,0.8798108100891113,0.8940864205360413,-1.3018444776535034,0.9991893172264099,0.35811367630958557,0.8137603998184204,-1.0355966091156006,0.9996189475059509,0.9935141801834106,1.3849806785583496,-1.5637919902801514,0.7467471957206726,0.16613569855690002,1.062265396118164,-0.40769290924072266,0.21758821606636047,0.846660315990448,0.8435980677604675,-1.8646987676620483,0.9905475974082947,0.14255684614181519,1.5691074132919312,-0.2004585713148117,0.41019365191459656
1,0.6321333050727844,0.6949661374092102,-2.186657428741455,0.999995231628418,0.6827622056007385,0.611906111240387,-2.1877999305725098,0.9999872446060181,0.7052575349807739,0.6149423718452454,-2.1865317821502686,0.999991238117218,0.7265607118606567,0.6180095076560974,-2.185570001602173,0.9999828934669495,0.6011064648628235,0.5975005030632019,-2.181377649307251,0.9999887943267822,0.5747276544570923,0.5920697450637817,-2.180520534515381,0.9999901056289673,0.5526933670043945,0.588119626045227,-2.1800992488861084,0.9999812841415405,0.77079176902771,0.6276537179946899,-1.807206153869629,0.9999881386756897,0.5279088616371155,0.5851719975471497,-1.7550586462020874,0.9999962449073792,0.6654742956161499,0.7832815647125244,-2.006758689880371,0.9999712705612183,0.5785956978797913,0.7646172642707825,-1.9988667964935303,0.9999875426292419,0.8781853914260864,0.8892987966537476,-1.2788537740707397,0.9992069005966187,0.3546845316886902,0.8137801885604858,-1.1049246788024902,0.9996289610862732,1.0113584995269775,1.3834903240203857,-1.5850476026535034,0.7595823407173157,0.1584506630897522,1.073947787284851,-0.47232991456985474,0.22571268677711487,0.84754478931427,0.857206404209137,-1.967235803604126,0.9905745983123779,0.14155466854572296,1.592238187789917,-0.2864936888217926,0.4140068590641022
1,0.633069634437561,0.6962477564811707,-2.146801233291626,0.9999955296516418,0.6842895746231079,0.6129916310310364,-2.1447901725769043,0.9999873042106628,0.7063733339309692,0.6158773899078369,-2.1434693336486816,0.9999915361404419,0.727517306804657,0.6187655329704285,-2.142383337020874,0.9999827742576599,0.6027575731277466,0.5982828736305237,-2.134124994277954,0.9999889135360718,0.576244592666626,0.5925126671791077,-2.133147954940796,0.9999904036521912,0.5540614724159241,0.58832848072052,-2.13271164894104,0.9999814033508301,0.7717746496200562,0.6277958154678345,-1.7608764171600342,0.999987781047821,0.5288065671920776,0.5850598812103271,-1.7080196142196655,0.9999962449073792,0.6657681465148926,0.7837665677070618,-1.9686084985733032,0.9999697804450989,0.5779681205749512,0.7647616863250732,-1.9552236795425415,0.999987006187439,0.876743495464325,0.8847130537033081,-1.2398345470428467,0.9991422295570374,0.35727015137672424,0.8121280670166016,-1.0752408504486084,0.999606728553772,0.9939826726913452,1.3751646280288696,-1.5638896226882935,0.7630301713943481,0.16261926293373108,1.0736440420150757,-0.6266067028045654,0.23582765460014343,0.8514361381530762,0.8507566452026367,-1.973824143409729,0.9918374419212341,0.1477346271276474,1.5767184495925903,-0.6689119935035706,0.4633631110191345
0,0.4527246952056885,0.5006645917892456,-1.3274556398391724,0.9999151825904846,0.4996070861816406,0.4228489100933075,-1.2722067832946777,0.9997853636741638,0.5258275270462036,0.423053115606308,-1.272213101387024,0.9998027086257935,0.5451125502586365,0.4241214692592621,-1.2724355459213257,0.9997350573539734,0.41871222853660583,0.4234957993030548,-1.2680165767669678,0.999804675579071,0.3984512686729431,0.42415428161621094,-1.2668739557266235,0.9998321533203125,0.3806692361831665,0.42517074942588806,-1.2669956684112549,0.9998013377189636,0.5824393033981323,0.4413236379623413,-0.823583722114563,0.9998024106025696,0.35945969820022583,0.4464544355869293,-0.7752711772918701,0.9998615980148315,0.5060404539108276,0.5780001282691956,-1.1490778923034668,0.9999023675918579,0.40597230195999146,0.572064220905304,-1.13780677318573,0.9999183416366577,0.7693479657173157,0.8057831525802612,-0.4908405840396881,0.9974321722984314,0.21930928528308868,0.7836195826530457,-0.5045589208602905,0.9981471300125122,0.942877471446991,1.165791630744934,-0.49375033378601074,0.1759546399116516,0.1211717501282692,1.0961836576461792,-0.5130855441093445,0.19345423579216003,0.9749377965927124,1.5405653715133667,-0.8950812220573425,0.0950968861579895,0.11988744884729385,1.61461341381073,-1.1865304708480835,0.07467581331729889
0,0.4680735468864441,0.5009844899177551,-1.0988976955413818,0.9999504089355469,0.5114578604698181,0.42313727736473083,-1.0495655536651611,0.9998767375946045,0.5362510681152344,0.42351052165031433,-1.0495266914367676,0.9998869299888611,0.5544090270996094,0.4248420298099518,-1.0490950345993042,0.9998489618301392,0.43464237451553345,0.4229775071144104,-1.0441722869873047,0.9998851418495178,0.4123024046421051,0.42297613620758057,-1.0430717468261719,0.9998999238014221,0.397027850151062,0.4231787919998169,-1.0432721376419067,0.9998804330825806,0.5904651284217834,0.44362515211105347,-0.6298023462295532,0.9998877048492432,0.37170639634132385,0.4447380006313324,-0.5807713866233826,0.9999173879623413,0.5161316394805908,0.5789411664009094,-0.9357205629348755,0.9999411106109619,0.4212910532951355,0.5741158127784729,-0.9240433573722839,0.9999493360519409,0.7568074464797974,0.8141910433769226,-0.2993203401565552,0.9982195496559143,0.22474829852581024,0.7929590344429016,-0.31721746921539307,0.9979177713394165,0.9575405120849609,1.1347718238830566,-0.7798486948013306,0.20740236341953278,0.1282145082950592,1.1242215633392334,-0.3313996195793152,0.1578989028930664,0.9907503128051758,1.0138498544692993,-1.553179144859314,0.22857971489429474,0.10306107997894287,1.6177163124084473,-0.8070640563964844,0.0677264928817749
0,0.4949127733707428,0.46818020939826965,-1.1883163452148438,0.9996153116226196,0.5376237630844116,0.3917495906352997,-1.1404950618743896,0.9991424083709717,0.5598868131637573,0.3937535285949707,-1.1402562856674194,0.9993041157722473,0.578384280204773,0.39800357818603516,-1.1407744884490967,0.9991156458854675,0.4649474620819092,0.3844793736934662,-1.1360504627227783,0.9991582036018372,0.4427633285522461,0.38339707255363464,-1.1349895000457764,0.9993576407432556,0.4210556149482727,0.38360267877578735,-1.1351873874664307,0.9993160963058472,0.611274003982544,0.4201277196407318,-0.6757017374038696,0.9993568062782288,0.4007225036621094,0.40541377663612366,-0.6545562148094177,0.9995325207710266,0.5383205413818359,0.5493988394737244,-1.0039050579071045,0.9995868802070618,0.45030513405799866,0.5478612184524536,-0.9934690594673157,0.9995607733726501,0.7791825532913208,0.7823565006256104,-0.33450353145599365,0.9975023865699768,0.2511119544506073,0.7442016005516052,-0.4109099805355072,0.9990345239639282,0.9450551867485046,1.2027801275253296,-0.21139776706695557,0.2148306518793106,0.10609958320856094,1.007213830947876,-0.3475337624549866,0.3036113977432251,0.9712978601455688,1.6009068489074707,-0.5268968343734741,0.030409853905439377,0.0899738073348999,1.5504721403121948,-0.8854543566703796,0.06795497238636017
0,0.4971257746219635,0.4707389771938324,-1.1558456420898438,0.9997266530990601,0.5389543771743774,0.3957158625125885,-1.1165251731872559,0.9993956685066223,0.5608304738998413,0.39782944321632385,-1.1161752939224243,0.9995027184486389,0.5790686011314392,0.40143105387687683,-1.1166656017303467,0.9993747472763062,0.46742376685142517,0.3882802426815033,-1.1121290922164917,0.9994108080863953,0.4457675814628601,0.3867751657962799,-1.1110343933105469,0.9995437860488892,0.4240795969963074,0.3864414095878601,-1.111118197441101,0.9995151162147522,0.6118100881576538,0.4234928488731384,-0.6886361241340637,0.9995395541191101,0.40301603078842163,0.4077235758304596,-0.648861289024353,0.9996694922447205,0.540337324142456,0.5521019697189331,-0.9841917157173157,0.9997132420539856,0.4522969722747803,0.5501555800437927,-0.970862865447998,0.9996994733810425,0.7793646454811096,0.7819640040397644,-0.360358327627182,0.9981595277786255,0.2526310682296753,0.7441713213920593,-0.3977019786834717,0.9992446303367615,0.934217631816864,1.1816670894622803,-0.24699535965919495,0.24169239401817322,0.10605015605688095,1.0043491125106812,-0.3132014274597168,0.3204818069934845,0.9754165410995483,1.6049388647079468,-0.536994457244873,0.03284342586994171,0.08768217265605927,1.5499541759490967,-0.7990542650222778,0.07249636203050613
0,0.49654126167297363,0.47203224897384644,-1.0405001640319824,0.9998029470443726,0.538995623588562,0.39773136377334595,-1.0058891773223877,0.9995684623718262,0.5612241625785828,0.40010783076286316,-1.00544273853302,0.9996390342712402,0.579720139503479,0.4037248194217682,-1.0058513879776,0.9995518922805786,0.46705174446105957,0.38947227597236633,-0.9922113418579102,0.9995819330215454,0.4453844428062439,0.3874538540840149,-0.9911258816719055,0.9996703267097473,0.4238528609275818,0.3867505192756653,-0.9912044405937195,0.9996503591537476,0.612718403339386,0.4256996214389801,-0.6110464334487915,0.999665379524231,0.40353506803512573,0.40795403718948364,-0.5307381749153137,0.9997621178627014,0.5401301383972168,0.554121196269989,-0.8813417553901672,0.999798595905304,0.4518631398677826,0.5504884719848633,-0.8573797345161438,0.9997919201850891,0.7806488275527954,0.780948281288147,-0.32694682478904724,0.9986121654510498,0.25412601232528687,0.7448745369911194,-0.314832866191864,0.999376654624939,0.9361683130264282,1.2114323377609253,-0.25195908546447754,0.2829216420650482,0.10562344640493393,0.9943441152572632,-0.3662264347076416,0.33022990822792053,0.9633207321166992,1.6162264347076416,-0.5189124345779419,0.03662022203207016,0.0932372435927391,1.516656756401062,-0.9970270991325378,0.07463212311267853
0,0.4962271749973297,0.4710046947002411,-0.928978443145752,0.9998626112937927,0.5389193892478943,0.3958934545516968,-0.8657086491584778,0.9997008442878723,0.5616146922111511,0.3978060185909271,-0.8655632138252258,0.9997475743293762,0.5802003741264343,0.40143728256225586,-0.8660427331924438,0.9996895790100098,0.466803640127182,0.3884541690349579,-0.8461878895759583,0.9997106194496155,0.4450228214263916,0.3867035508155823,-0.8447314500808716,0.9997686147689819,0.42364367842674255,0.38621699810028076,-0.8448145985603333,0.9997548460960388,0.6134092211723328,0.4243752360343933,-0.4634186625480652,0.9997662901878357,0.4035312235355377,0.40788426995277405,-0.41373029351234436,0.9998331069946289,0.5405364036560059,0.5536089539527893,-0.7641851305961609,0.9998603463172913,0.45160189270973206,0.5499696135520935,-0.7304959893226624,0.9998570084571838,0.7831572890281677,0.7838255763053894,-0.20856526494026184,0.9989349246025085,0.2523581385612488,0.7510117292404175,-0.23528864979743958,0.9994736313819885,1.0041780471801758,1.2482713460922241,-0.38160303235054016,0.283731073141098,0.10907214879989624,1.0167843103408813,-0.24211731553077698,0.29395586252212524,0.9842482805252075,1.4813154935836792,-0.8049094080924988,0.0765024945139885,0.1002890095114708,1.5691131353378296,-0.7176626920700073,0.0738002359867096
0,0.4984951615333557,0.46956413984298706,-1.1028640270233154,0.9998990893363953,0.5407370924949646,0.3934670090675354,-1.054621696472168,0.9997814893722534,0.5631033778190613,0.39465489983558655,-1.0542998313903809,0.9998133778572083,0.5815024971961975,0.3981601595878601,-1.0546929836273193,0.9997731447219849,0.4679049551486969,0.387448251247406,-1.0460422039031982,0.9997896552085876,0.44575077295303345,0.38613229990005493,-1.0447688102722168,0.9998287558555603,0.42405518889427185,0.38593021035194397,-1.044793725013733,0.9998179078102112,0.6137351989746094,0.4220084249973297,-0.6256720423698425,0.9998263120651245,0.40364065766334534,0.4080100655555725,-0.5628136396408081,0.9998757243156433,0.5424202680587769,0.552588701248169,-0.9353197813034058,0.9998985528945923,0.4526151120662689,0.5493986010551453,-0.917077898979187,0.9998974800109863,0.7864024639129639,0.7841393947601318,-0.33207038044929504,0.9991504549980164,0.2512516379356384,0.7595871090888977,-0.3322555124759674,0.9995309114456177,0.9861999750137329,1.2359154224395752,-0.30989375710487366,0.2639821171760559,0.11366357654333115,1.0307761430740356,-0.32117846608161926,0.2802544832229614,0.979686439037323,1.6109105348587036,-0.6305708289146423,0.060584116727113724,0.10947294533252716,1.5738164186477661,-0.9084538221359253,0.06747417151927948
0,0.4998439848423004,0.469035267829895,-1.160230040550232,0.9999222755432129,0.5418669581413269,0.39255601167678833,-1.1116650104522705,0.9998338222503662,0.5638211369514465,0.3936910629272461,-1.1113959550857544,0.999855637550354,0.5818260908126831,0.3971077501773834,-1.111730694770813,0.9998265504837036,0.4689595699310303,0.38681188225746155,-1.1025407314300537,0.999840259552002,0.4465901851654053,0.38552746176719666,-1.1013989448547363,0.9998673796653748,0.42460232973098755,0.3854016363620758,-1.1015232801437378,0.9998583197593689,0.6137406229972839,0.42161497473716736,-0.673134982585907,0.9998650550842285,0.4037363529205322,0.4079001545906067,-0.6076134443283081,0.9999030232429504,0.543087363243103,0.552393913269043,-0.9868448972702026,0.999923586845398,0.45322734117507935,0.5491886734962463,-0.9678864479064941,0.999923825263977,0.7880629897117615,0.7893193960189819,-0.3608821928501129,0.9992784857749939,0.2491666078567505,0.7620229125022888,-0.37163469195365906,0.9995421767234802,0.9797417521476746,1.2406717538833618,-0.32804587483406067,0.25620928406715393,0.11590903997421265,1.0364681482315063,-0.3967527747154236,0.27056050300598145,0.9779831767082214,1.6308201551437378,-0.7124289274215698,0.0499565452337265,0.11286332458257675,1.5821841955184937,-1.0863999128341675,0.062391914427280426
0,0.5007172226905823,0.468942791223526,-1.0819181203842163,0.9999403357505798,0.5429158806800842,0.3923361599445343,-1.03590989112854,0.9998753070831299,0.5646086931228638,0.39346054196357727,-1.0356121063232422,0.9998887777328491,0.5826659202575684,0.39685022830963135,-1.0360292196273804,0.9998689293861389,0.4695557951927185,0.38684308528900146,-1.0286132097244263,0.9998806715011597,0.4470260739326477,0.3856000006198883,-1.0275168418884277,0.9998977184295654,0.42497649788856506,0.3855568468570709,-1.0276567935943604,0.9998908042907715,0.6137284636497498,0.4212707281112671,-0.6091874241828918,0.999896228313446,0.4039974808692932,0.40809687972068787,-0.5560879707336426,0.9999253749847412,0.5442521572113037,0.5523595213890076,-0.9124749302864075,0.9999430179595947,0.45356813073158264,0.5491525530815125,-0.8966404795646667,0.9999449253082275,0.7831238508224487,0.7904500365257263,-0.2957451343536377,0.999372124671936,0.24740540981292725,0.7623067498207092,-0.3419138491153717,0.9995372891426086,0.9738945960998535,1.251071810722351,-0.28024527430534363,0.23855572938919067,0.11709139496088028,1.038399338722229,-0.36922967433929443,0.2462422251701355,0.9863068461418152,1.622145414352417,-0.6448174118995667,0.04286046698689461,0.11137129366397858,1.585644245147705,-1.0058014392852783,0.05797656252980232
0,0.5010431408882141,0.4675731360912323,-1.0612984895706177,0.9999547600746155,0.5431429147720337,0.39121609926223755,-1.009112000465393,0.9999086856842041,0.564907431602478,0.39231911301612854,-1.0088212490081787,0.9999163746833801,0.5833190083503723,0.3959824740886688,-1.0092636346817017,0.999904453754425,0.46955281496047974,0.3859139084815979,-0.9996176958084106,0.9999120831489563,0.4469675123691559,0.3848736584186554,-0.9984132051467896,0.999921441078186,0.4249390959739685,0.38494616746902466,-0.9985340237617493,0.9999171495437622,0.6138782501220703,0.4208836257457733,-0.5703533887863159,0.9999226331710815,0.4036591053009033,0.40787145495414734,-0.5044152140617371,0.9999425411224365,0.5448964834213257,0.5513406991958618,-0.8907110095024109,0.9999570846557617,0.45362576842308044,0.5478084087371826,-0.871597409248352,0.9999587535858154,0.7804444432258606,0.7885105609893799,-0.26976895332336426,0.9994555711746216,0.2457817792892456,0.7629439830780029,-0.2898320257663727,0.9995225667953491,0.9725119471549988,1.2629393339157104,-0.24763557314872742,0.22406543791294098,0.11346864700317383,1.0381778478622437,-0.31933721899986267,0.22199362516403198,0.9851114153862,1.5948848724365234,-0.5883960127830505,0.041124649345874786,0.09919897466897964,1.5902729034423828,-0.9479022026062012,0.05277018994092941
0,0.4976229667663574,0.47161865234375,-0.9893795251846313,0.9999724626541138,0.5406625866889954,0.39643150568008423,-0.9538084864616394,0.9999460577964783,0.5638654232025146,0.39761286973953247,-0.9533303380012512,0.9999479055404663,0.5820959806442261,0.40050169825553894,-0.9535943865776062,0.9999437928199768,0.46698468923568726,0.39011797308921814,-0.9395709037780762,0.9999482035636902,0.44410571455955505,0.38860294222831726,-0.9383300542831421,0.9999498724937439,0.423001766204834,0.38839319348335266,-0.9383331537246704,0.999947726726532,0.6137399077415466,0.42287978529930115,-0.5810974836349487,0.9999517798423767,0.4023323059082031,0.4094497859477997,-0.49629420042037964,0.9999622106552124,0.5425346493721008,0.5561888813972473,-0.8393573760986328,0.999973714351654,0.44917839765548706,0.5520451068878174,-0.81451416015625,0.9999754428863525,0.7833324074745178,0.7890161871910095,-0.30868446826934814,0.9995488524436951,0.24670998752117157,0.7599071860313416,-0.30600833892822266,0.9995735883712769,0.96400386095047,1.2669470310211182,-0.27738475799560547,0.2244802713394165,0.12119390070438385,1.0368930101394653,-0.3163606524467468,0.20134267210960388,0.9722210168838501,1.648382306098938,-0.5509258508682251,0.04282616823911667,0.11140193045139313,1.5836488008499146,-0.9005139470100403,0.05552064999938011
0,0.4966455101966858,0.4734090566635132,-0.9992508888244629,0.9999769330024719,0.5393112897872925,0.39796555042266846,-0.9626966714859009,0.9999549388885498,0.5630724430084229,0.399015337228775,-0.9622278213500977,0.9999555945396423,0.5811055898666382,0.40156808495521545,-0.9624083638191223,0.9999530911445618,0.4663180410861969,0.39201268553733826,-0.945589542388916,0.9999570250511169,0.4436907172203064,0.3906005322933197,-0.9443583488464355,0.9999571442604065,0.4227604269981384,0.39045342803001404,-0.9443729519844055,0.9999557137489319,0.6133775115013123,0.4233202636241913,-0.5938214063644409,0.999958872795105,0.4023033678531647,0.4105595648288727,-0.4917069375514984,0.999967634677887,0.5419584512710571,0.5573422312736511,-0.8458941578865051,0.9999774098396301,0.44847947359085083,0.5536259412765503,-0.8201363682746887,0.9999793171882629,0.7830772995948792,0.7892075777053833,-0.32580873370170593,0.9995519518852234,0.24687841534614563,0.7586960196495056,-0.3051147758960724,0.9995892643928528,0.9638266563415527,1.2701208591461182,-0.29705238342285156,0.20922404527664185,0.12178299576044083,1.0391831398010254,-0.31874728202819824,0.1822207272052765,0.973283588886261,1.6538302898406982,-0.5596789121627808,0.04178865998983383,0.11217163503170013,1.590678095817566,-0.9211104512214661,0.05438005179166794
0,0.4954231381416321,0.4802808165550232,-1.0904059410095215,0.9999721050262451,0.537446141242981,0.4020750820636749,-1.0482913255691528,0.9999449253082275,0.5612717866897583,0.402541846036911,-1.0479402542114258,0.9999451041221619,0.5790809392929077,0.40406399965286255,-1.0482652187347412,0.9999417662620544,0.4647744297981262,0.40078556537628174,-1.0359337329864502,0.9999486207962036,0.442210853099823,0.4002930521965027,-1.034660816192627,0.9999479651451111,0.4219961166381836,0.4004150927066803,-1.0346382856369019,0.9999467134475708,0.6111835241317749,0.4240989685058594,-0.6438885927200317,0.9999483227729797,0.402385413646698,0.41525372862815857,-0.5327102541923523,0.9999619722366333,0.5412522554397583,0.5604754090309143,-0.9211190342903137,0.999972939491272,0.44837507605552673,0.5613448023796082,-0.899786651134491,0.9999763369560242,0.7818531394004822,0.7865672707557678,-0.34349334239959717,0.9994089603424072,0.251301109790802,0.7505442500114441,-0.2805902361869812,0.9995745420455933,0.9499659538269043,1.2407557964324951,-0.2967534065246582,0.19174844026565552,0.11581994593143463,1.0140284299850464,-0.2875182032585144,0.19042618572711945,0.9629631042480469,1.5634077787399292,-0.5907807946205139,0.03943371772766113,0.1059238463640213,1.5365867614746094,-0.872212290763855,0.061468612402677536
0,0.49031195044517517,0.4818355441093445,-1.0283547639846802,0.9999700784683228,0.5326153635978699,0.4023035764694214,-0.9962140917778015,0.9999408721923828,0.5571467280387878,0.40231677889823914,-0.9957771301269531,0.9999421238899231,0.5756276845932007,0.403302937746048,-0.9962167739868164,0.9999377131462097,0.4603179395198822,0.40240368247032166,-0.9768484830856323,0.9999441504478455,0.43752217292785645,0.40185546875,-0.975713849067688,0.9999444484710693,0.4198697507381439,0.4020969569683075,-0.9757533073425293,0.9999423027038574,0.6078677773475647,0.4234381914138794,-0.6209243535995483,0.9999460577964783,0.4017619490623474,0.4163755178451538,-0.5098538994789124,0.9999597072601318,0.5370725989341736,0.5607346296310425,-0.8764883279800415,0.9999722242355347,0.4454835057258606,0.5603986382484436,-0.8445097208023071,0.9999757409095764,0.7819011807441711,0.788905680179596,-0.34247589111328125,0.9994534254074097,0.2515779733657837,0.7490783333778381,-0.2881253957748413,0.9996006488800049,0.9471372365951538,1.257447361946106,-0.3082343637943268,0.20810604095458984,0.10862728208303452,1.0025547742843628,-0.2887978255748749,0.2051723599433899,0.9520424604415894,1.6333144903182983,-0.5923218727111816,0.03867596015334129,0.0742238238453865,1.5455046892166138,-0.8473736643791199,0.06058451905846596
0,0.48221057653427124,0.5161296725273132,-1.4798636436462402,0.9990144371986389,0.5120214223861694,0.4371930956840515,-1.4034758806228638,0.9988609552383423,0.5332478880882263,0.4376450777053833,-1.404068112373352,0.9987468719482422,0.5513794422149658,0.43792954087257385,-1.4042327404022217,0.9986793994903564,0.4443579614162445,0.4357939064502716,-1.4010051488876343,0.9987784028053284,0.4213503897190094,0.4363570511341095,-1.401158094406128,0.9986649751663208,0.4027392268180847,0.43773728609085083,-1.4016895294189453,0.9987215399742126,0.5832752585411072,0.46855872869491577,-0.8093633651733398,0.9989772439002991,0.37714365124702454,0.4713520109653473,-0.7917609214782715,0.9985668063163757,0.5240386724472046,0.5989970564842224,-1.2471110820770264,0.9991065859794617,0.4429641366004944,0.5974060297012329,-1.2437286376953125,0.9990216493606567,0.7459846138954163,0.8211426138877869,-0.43671512603759766,0.9852555394172668,0.23012594878673553,0.8455862402915955,-0.328904926776886,0.96510910987854,0.8856877088546753,1.2019789218902588,-0.6584179401397705,0.2516186833381653,0.06120987609028816,1.1717697381973267,-0.7191310524940491,0.29055309295654297,0.8333953022956848,1.4267481565475464,-1.4551090002059937,0.09047340601682663,0.13128778338432312,0.9861555695533752,-1.9100978374481201,0.17848624289035797
0,0.4830305576324463,0.5164788365364075,-1.4325627088546753,0.9989602565765381,0.5136374235153198,0.4373057782649994,-1.3577338457107544,0.9988153576850891,0.534602701663971,0.439155250787735,-1.3583264350891113,0.9987168312072754,0.5526127219200134,0.4406776428222656,-1.3584518432617188,0.9986220598220825,0.44495028257369995,0.432821661233902,-1.3562036752700806,0.9987204074859619,0.4217849373817444,0.432826966047287,-1.3563659191131592,0.99861741065979,0.4031955599784851,0.43386417627334595,-1.3568633794784546,0.9986457824707031,0.5854908227920532,0.47132518887519836,-0.7704178094863892,0.9989756345748901,0.37916865944862366,0.46966901421546936,-0.7544987797737122,0.9984773993492126,0.5245891213417053,0.5993813872337341,-1.2006165981292725,0.999017596244812,0.4425479471683502,0.5971002578735352,-1.198732614517212,0.9988794326782227,0.7503038644790649,0.8218136429786682,-0.4243467450141907,0.9844238758087158,0.23075208067893982,0.8441081643104553,-0.316988468170166,0.9633890390396118,0.8855064511299133,1.2226542234420776,-0.6881113052368164,0.24815836548805237,0.054070036858320236,1.1753559112548828,-0.8450274467468262,0.30583101511001587,0.8286973237991333,1.4081193208694458,-1.4064626693725586,0.09129884093999863,0.16845068335533142,0.8725433349609375,-2.0770206451416016,0.2059933841228485
0,0.4860091209411621,0.5166308283805847,-1.4916181564331055,0.9989947080612183,0.5163384675979614,0.4375571310520172,-1.4143718481063843,0.9988864660263062,0.5371136665344238,0.43959707021713257,-1.414949893951416,0.9987989068031311,0.555270791053772,0.4413244128227234,-1.4150747060775757,0.9986987709999084,0.4468022286891937,0.4327457845211029,-1.411916971206665,0.9988124370574951,0.42319926619529724,0.43269529938697815,-1.412074327468872,0.9987190961837769,0.40396246314048767,0.43373629450798035,-1.4126254320144653,0.9987342357635498,0.589240550994873,0.4718070924282074,-0.8218409419059753,0.999051034450531,0.38100969791412354,0.4695601463317871,-0.8055875897407532,0.9986132383346558,0.5278097987174988,0.5996420383453369,-1.25748610496521,0.9990227222442627,0.4452669620513916,0.5971096754074097,-1.2547162771224976,0.9989073276519775,0.7574961185455322,0.8234930634498596,-0.45350712537765503,0.9828236103057861,0.23034393787384033,0.844187319278717,-0.34111329913139343,0.9621973633766174,0.8961633443832397,1.2240431308746338,-0.7178703546524048,0.24437372386455536,0.06524842232465744,1.2015787363052368,-0.6941520571708679,0.2902257442474365,0.8340800404548645,1.401444911956787,-1.5034492015838623,0.08911655843257904,0.14968547224998474,1.1819117069244385,-1.8068373203277588,0.18817614018917084
0,0.48906198143959045,0.5170007348060608,-1.468969464302063,0.9991000294685364,0.5195398926734924,0.43649595975875854,-1.3937089443206787,0.999003529548645,0.5402107834815979,0.4384663999080658,-1.394247055053711,0.9989269971847534,0.5585905909538269,0.4403190016746521,-1.3943345546722412,0.9988365173339844,0.44859519600868225,0.43215805292129517,-1.3911688327789307,0.9989401698112488,0.4241935610771179,0.43220752477645874,-1.3912503719329834,0.998850405216217,0.40435925126075745,0.43336793780326843,-1.3917666673660278,0.9988542795181274,0.5917568802833557,0.4712066054344177,-0.810544490814209,0.9991635680198669,0.3811456859111786,0.46913281083106995,-0.7956702709197998,0.9987563490867615,0.529417872428894,0.6003930568695068,-1.239240050315857,0.999110221862793,0.446625292301178,0.5978029370307922,-1.2368687391281128,0.9990105032920837,0.7577719688415527,0.8242085576057434,-0.4512196481227875,0.9831349849700928,0.23158669471740723,0.8442274928092957,-0.32211539149284363,0.9615494608879089,0.8937417268753052,1.2298537492752075,-0.6472492814064026,0.25036290287971497,0.07784340530633926,1.2071000337600708,-0.6661413311958313,0.2680237889289856,0.8312907218933105,1.450649380683899,-1.3371943235397339,0.08860119432210922,0.15347334742546082,1.0393657684326172,-1.8297258615493774,0.16737453639507294
0,0.4893351197242737,0.5222813487052917,-1.5059750080108643,0.9991220235824585,0.5195649266242981,0.44305023550987244,-1.4337310791015625,0.9989858269691467,0.5402560234069824,0.4455607235431671,-1.4342998266220093,0.9988806843757629,0.558691143989563,0.44723740220069885,-1.4345519542694092,0.9988195300102234,0.4486106336116791,0.4364438056945801,-1.4344173669815063,0.9989290833473206,0.42416661977767944,0.43544521927833557,-1.4343762397766113,0.9988211393356323,0.4043448567390442,0.4360475540161133,-1.4349547624588013,0.9988678693771362,0.5922554731369019,0.47592732310295105,-0.8527289628982544,0.9991080164909363,0.3809334635734558,0.47000232338905334,-0.8451250791549683,0.9987910985946655,0.5304542779922485,0.6044909358024597,-1.2766894102096558,0.9991747140884399,0.4479537904262543,0.6009872555732727,-1.2757152318954468,0.9991333484649658,0.7562608122825623,0.8243228793144226,-0.4654952883720398,0.9847589135169983,0.2308172732591629,0.8439911007881165,-0.38071542978286743,0.9658883213996887,0.8854503631591797,1.225109338760376,-0.5500696301460266,0.24549829959869385,0.07942137867212296,1.2324707508087158,-0.5188407897949219,0.24829158186912537,0.8465561866760254,1.503937840461731,-1.2148960828781128,0.0799674466252327,0.12081082910299301,1.3677260875701904,-1.518362283706665,0.14156801998615265
0,0.4849565029144287,0.5200538039207458,-1.5504958629608154,0.9991438984870911,0.5147621035575867,0.4391314685344696,-1.4821358919143677,0.9988964200019836,0.5363577604293823,0.4411471486091614,-1.4826840162277222,0.9987505078315735,0.5548810958862305,0.44257983565330505,-1.4829657077789307,0.9987027645111084,0.4429996609687805,0.4334784746170044,-1.4805396795272827,0.9988486766815186,0.4189670979976654,0.43303951621055603,-1.4802567958831787,0.9987234473228455,0.40084442496299744,0.4337679147720337,-1.4808464050292969,0.9988163113594055,0.588718831539154,0.4710928797721863,-0.9110826253890991,0.9989235997200012,0.3771311342716217,0.46836957335472107,-0.8896045684814453,0.9987871050834656,0.5272617936134338,0.6030840277671814,-1.324723243713379,0.9992378354072571,0.4434288442134857,0.6007354259490967,-1.3189448118209839,0.9992625713348389,0.755271852016449,0.8243849277496338,-0.5123045444488525,0.9872339963912964,0.22727234661579132,0.8458545207977295,-0.4405340552330017,0.9727228283882141,0.8822380304336548,1.2497450113296509,-0.5196121335029602,0.23832018673419952,0.08239305764436722,1.261898398399353,-0.4153950810432434,0.2344854474067688,0.8447855710983276,1.618645429611206,-1.1501827239990234,0.06726986169815063,0.08690539002418518,1.5023521184921265,-1.2522428035736084,0.1068505123257637
0,0.4846724569797516,0.517320454120636,-1.477048397064209,0.9991552829742432,0.5146926641464233,0.43625032901763916,-1.4031109809875488,0.9988767504692078,0.5362842679023743,0.4374809265136719,-1.4037566184997559,0.9987331628799438,0.5548244714736938,0.4384889006614685,-1.4041061401367188,0.9986723065376282,0.4427923560142517,0.4312608540058136,-1.397137999534607,0.9988304376602173,0.41869673132896423,0.4308136999607086,-1.3970046043395996,0.9987208247184753,0.4005238115787506,0.43159815669059753,-1.3974976539611816,0.9988056421279907,0.5888083577156067,0.4685364067554474,-0.8210068941116333,0.9988882541656494,0.37699243426322937,0.4668556749820709,-0.7867686748504639,0.9987995624542236,0.5271452069282532,0.6006652116775513,-1.2506842613220215,0.9992719888687134,0.443124920129776,0.597763180732727,-1.2417199611663818,0.9993085861206055,0.7567883729934692,0.8249208331108093,-0.4807032644748688,0.9880803823471069,0.22609499096870422,0.8496330380439758,-0.32849428057670593,0.9741032719612122,0.890555202960968,1.2346221208572388,-0.6182221174240112,0.22953997552394867,0.08251067250967026,1.2543394565582275,-0.6403694748878479,0.21328189969062805,0.8538476824760437,1.5307873487472534,-1.2987453937530518,0.06272152066230774,0.09964682161808014,1.0974382162094116,-1.8865573406219482,0.09415870159864426
0,0.4845580458641052,0.5186141729354858,-1.5433045625686646,0.9991906881332397,0.5145930647850037,0.4387620687484741,-1.471916913986206,0.9989219903945923,0.5362292528152466,0.4397992789745331,-1.4724825620651245,0.9987764358520508,0.5548413991928101,0.44029325246810913,-1.472749948501587,0.99872887134552,0.4424261152744293,0.4337402582168579,-1.470041036605835,0.9988626837730408,0.4182475507259369,0.43306419253349304,-1.469775915145874,0.9987478256225586,0.4000476002693176,0.4338533282279968,-1.4703559875488281,0.9988358020782471,0.5889555811882019,0.46906015276908875,-0.8942224383354187,0.9989311099052429,0.37676090002059937,0.468379408121109,-0.8732096552848816,0.9988245368003845,0.5273202061653137,0.6011852622032166,-1.3164982795715332,0.9993139505386353,0.4432510733604431,0.5993054509162903,-1.3112080097198486,0.9993512630462646,0.7566038966178894,0.8238945007324219,-0.5124602317810059,0.9888850450515747,0.22645823657512665,0.8493941426277161,-0.40955644845962524,0.9739655256271362,0.8904571533203125,1.2316454648971558,-0.5658304691314697,0.23181501030921936,0.08137242496013641,1.248303771018982,-0.49542564153671265,0.20335128903388977,0.8506736755371094,1.559610366821289,-1.2249201536178589,0.060670483857393265,0.09753798693418503,1.4478567838668823,-1.4228832721710205,0.08653263002634048
0,0.4844730794429779,0.5230196714401245,-1.5351343154907227,0.9991633892059326,0.5141741037368774,0.44355660676956177,-1.4654803276062012,0.9989022612571716,0.5357257723808289,0.4449364244937897,-1.4661471843719482,0.9987415075302124,0.5543234944343567,0.4453950822353363,-1.4664921760559082,0.9987117052078247,0.44252997636795044,0.43747562170028687,-1.456419587135315,0.9988332390785217,0.41839146614074707,0.43630969524383545,-1.4563536643981934,0.9987062215805054,0.4000871777534485,0.43684807419776917,-1.4568657875061035,0.9988045692443848,0.5888204574584961,0.4717402458190918,-0.8924628496170044,0.9989179372787476,0.3771764636039734,0.47015276551246643,-0.8426702618598938,0.9987782835960388,0.5271807312965393,0.6055776476860046,-1.3108433485031128,0.9993208646774292,0.44347476959228516,0.6036984324455261,-1.2973583936691284,0.9993542432785034,0.757045328617096,0.8249162435531616,-0.5198723077774048,0.9890475273132324,0.22895196080207825,0.8493209481239319,-0.35114017128944397,0.9740259051322937,0.8973302841186523,1.2333354949951172,-0.587162971496582,0.2492557018995285,0.08343028277158737,1.2440681457519531,-0.501436173915863,0.20343104004859924,0.8653645515441895,1.5651684999465942,-1.173830270767212,0.060831066220998764,0.10318547487258911,1.333187222480774,-1.5937750339508057,0.08123993873596191
0,0.4849838316440582,0.5201935172080994,-1.4900248050689697,0.9991567730903625,0.5150802135467529,0.4403992295265198,-1.421880841255188,0.9988434314727783,0.5365036725997925,0.44212430715560913,-1.4224590063095093,0.998665452003479,0.555404543876648,0.4432612359523773,-1.4227343797683716,0.9986169338226318,0.44344836473464966,0.43416330218315125,-1.415807843208313,0.9988030195236206,0.4196442663669586,0.4332882761955261,-1.4156066179275513,0.9986875653266907,0.4008888602256775,0.43431219458580017,-1.416149377822876,0.9988051652908325,0.5925248861312866,0.47106045484542847,-0.8702009320259094,0.9988104104995728,0.38116681575775146,0.46880847215652466,-0.8285781741142273,0.9988179206848145,0.5277549624443054,0.6025721430778503,-1.2731750011444092,0.9993226528167725,0.4444953501224518,0.599415123462677,-1.2622101306915283,0.9994016289710999,0.7595778703689575,0.8251046538352966,-0.5126906633377075,0.9887117743492126,0.23293697834014893,0.8512294888496399,-0.39676040410995483,0.9769278764724731,0.895031750202179,1.2476246356964111,-0.5630869269371033,0.23149420320987701,0.09441453218460083,1.2744489908218384,-0.45993441343307495,0.19334468245506287,0.8561633825302124,1.5859919786453247,-1.1632822751998901,0.05572112649679184,0.11762522161006927,1.466065764427185,-1.422547459602356,0.0707673653960228
0,0.4855477213859558,0.5157535672187805,-1.4980109930038452,0.999200701713562,0.5159105658531189,0.43380826711654663,-1.419553518295288,0.9989173412322998,0.537124752998352,0.4356018602848053,-1.4201815128326416,0.9987579584121704,0.5559207797050476,0.43750959634780884,-1.4204540252685547,0.9987115859985352,0.4446331560611725,0.428448349237442,-1.4162700176239014,0.9988700747489929,0.42082276940345764,0.42775195837020874,-1.4160358905792236,0.9987635016441345,0.40137630701065063,0.42904603481292725,-1.4165024757385254,0.9988660216331482,0.5926192998886108,0.4672347903251648,-0.8393999338150024,0.9989123940467834,0.38123273849487305,0.465063214302063,-0.8157353401184082,0.9988722801208496,0.5277451276779175,0.5991490483283997,-1.2743533849716187,0.9993652701377869,0.4447036385536194,0.594718337059021,-1.26910400390625,0.9994304180145264,0.7593697309494019,0.824143648147583,-0.5061395764350891,0.9891057014465332,0.2310044765472412,0.8514953851699829,-0.3481660485267639,0.975730299949646,0.8966031074523926,1.251528024673462,-0.5828351974487305,0.23491840064525604,0.08789753168821335,1.2648086547851562,-0.5767210721969604,0.18473926186561584,0.8596774339675903,1.612470269203186,-1.1724305152893066,0.05577020347118378,0.11556632816791534,1.3365345001220703,-1.725179672241211,0.06848816573619843
0,0.47766542434692383,0.5144404172897339,-1.460294485092163,0.9991967678070068,0.5084924101829529,0.43380042910575867,-1.3924044370651245,0.998871922492981,0.5309509634971619,0.4354596734046936,-1.392935037612915,0.998722493648529,0.5498437285423279,0.4371870756149292,-1.3932117223739624,0.9986749887466431,0.4378388524055481,0.4290052056312561,-1.3864426612854004,0.9988089799880981,0.4152608811855316,0.4286676049232483,-1.3860728740692139,0.9987070560455322,0.3981448709964752,0.4298645853996277,-1.3866788148880005,0.9988150596618652,0.5873823165893555,0.46729835867881775,-0.8444658517837524,0.9988672137260437,0.37832707166671753,0.46561411023139954,-0.8017001152038574,0.998831570148468,0.5224753618240356,0.5978479981422424,-1.2453497648239136,0.9993599057197571,0.43786510825157166,0.5934392213821411,-1.2341339588165283,0.9994289875030518,0.7569013833999634,0.8228995203971863,-0.46442684531211853,0.9895724654197693,0.2308497130870819,0.849446177482605,-0.36222970485687256,0.9780065417289734,0.8864675760269165,1.2606124877929688,-0.4751608371734619,0.2407376766204834,0.08925677835941315,1.255422830581665,-0.3531741201877594,0.1894814819097519,0.857761561870575,1.6346186399459839,-1.0731309652328491,0.05328696221113205,0.0941201001405716,1.5174285173416138,-1.1378098726272583,0.06301774829626083
0,0.4795883297920227,0.5153721570968628,-1.5253031253814697,0.9991453886032104,0.5096185803413391,0.4342082440853119,-1.4548193216323853,0.9987965226173401,0.5319379568099976,0.4353054463863373,-1.4554393291473389,0.9986506700515747,0.5513067245483398,0.4365474581718445,-1.4557291269302368,0.9985979795455933,0.43955960869789124,0.4300069808959961,-1.4464795589447021,0.9987205862998962,0.4167795181274414,0.4296516478061676,-1.4463492631912231,0.998612105846405,0.3988267183303833,0.43072372674942017,-1.4468724727630615,0.9987124800682068,0.5880618691444397,0.46610701084136963,-0.8943279981613159,0.9987920522689819,0.3791552186012268,0.46596381068229675,-0.841203510761261,0.9986851811408997,0.5228410363197327,0.5988082885742188,-1.3014976978302002,0.9993163347244263,0.44102421402931213,0.5956905484199524,-1.2877657413482666,0.9993616342544556,0.7589686512947083,0.8246540427207947,-0.5288534760475159,0.9896414875984192,0.2302437275648117,0.8519994616508484,-0.3628951907157898,0.9769695997238159,0.8943003416061401,1.256054162979126,-0.6276201009750366,0.2504297196865082,0.06791363656520844,1.246254563331604,-0.6218575239181519,0.20366188883781433,0.8643866777420044,1.5886093378067017,-1.2491286993026733,0.05856172367930412,0.11927236616611481,1.146936058998108,-1.6706098318099976,0.08011425286531448
0,0.5025089979171753,0.5240362882614136,-1.6353557109832764,0.9991461038589478,0.5334367156028748,0.4410673677921295,-1.5755399465560913,0.9988161325454712,0.5539392828941345,0.441491037607193,-1.5759451389312744,0.9986523985862732,0.5747746229171753,0.4424220323562622,-1.5762096643447876,0.9985899925231934,0.4658682346343994,0.4384797513484955,-1.579317331314087,0.9987650513648987,0.4419899880886078,0.43834105134010315,-1.5791938304901123,0.9986645579338074,0.4197973608970642,0.4396704435348511,-1.5797733068466187,0.9987597465515137,0.6121677160263062,0.4711869955062866,-1.0056499242782593,0.9987813830375671,0.39510589838027954,0.47319015860557556,-1.0092841386795044,0.9987271428108215,0.5402747988700867,0.606959342956543,-1.4057320356369019,0.9993064999580383,0.4647609293460846,0.6076449155807495,-1.407035231590271,0.9993362426757812,0.7705826759338379,0.8253030180931091,-0.5579859018325806,0.9888706207275391,0.24861276149749756,0.8524073958396912,-0.5414721369743347,0.9760695695877075,0.9214991331100464,1.2277660369873047,-0.5206774473190308,0.2568795680999756,0.06712337583303452,1.0847488641738892,-0.4943695664405823,0.25581100583076477,0.901793360710144,1.5123909711837769,-1.049232006072998,0.07011494785547256,0.13234010338783264,1.4302821159362793,-1.1592549085617065,0.14823533594608307
0,0.5340031385421753,0.5329034924507141,-1.6421701908111572,0.9990742802619934,0.5674329400062561,0.4498589336872101,-1.5826870203018188,0.9988330602645874,0.5914996862411499,0.45268216729164124,-1.5829576253890991,0.998603880405426,0.6162726879119873,0.4564855694770813,-1.583012580871582,0.9985548853874207,0.49909156560897827,0.4444431960582733,-1.6030353307724,0.998839795589447,0.473137766122818,0.44370606541633606,-1.6033607721328735,0.9987217783927917,0.4489869177341461,0.44456350803375244,-1.6037836074829102,0.9988517165184021,0.6543480157852173,0.48612987995147705,-1.0073950290679932,0.9986701011657715,0.4172593653202057,0.47810253500938416,-1.051518201828003,0.9988484978675842,0.5707000494003296,0.6177114844322205,-1.407378911972046,0.9991583228111267,0.4943910539150238,0.615734875202179,-1.4343140125274658,0.9992883205413818,0.776404857635498,0.8256567716598511,-0.5671496987342834,0.9836885333061218,0.2675709128379822,0.8387308716773987,-0.5664341449737549,0.9771698117256165,0.8997069597244263,1.171284794807434,-0.6853160262107849,0.24307461082935333,0.0969434455037117,1.046179175376892,-0.5553597807884216,0.27319666743278503,0.8493314981460571,1.2540786266326904,-1.3638819456100464,0.07085879892110825,0.1374071091413498,1.2535585165023804,-1.2472193241119385,0.12026933580636978
0,0.5338948369026184,0.5159060955047607,-1.488872766494751,0.9991341829299927,0.56597501039505,0.4391652047634125,-1.407929539680481,0.99897301197052,0.5883980989456177,0.44432467222213745,-1.4084283113479614,0.9987620711326599,0.6119260787963867,0.450207382440567,-1.4085137844085693,0.9987037777900696,0.49838218092918396,0.4246715009212494,-1.4206888675689697,0.9990179538726807,0.4731941819190979,0.42177385091781616,-1.4208394289016724,0.9989240765571594,0.4500582218170166,0.42071419954299927,-1.4214060306549072,0.9990270137786865,0.6492733359336853,0.4845636785030365,-0.8099895715713501,0.9988178610801697,0.4180530905723572,0.4638363718986511,-0.8595942258834839,0.9990507364273071,0.5690255165100098,0.6062772870063782,-1.2543011903762817,0.9991216063499451,0.4934979975223541,0.5948331356048584,-1.2707757949829102,0.9992647171020508,0.7781915664672852,0.8326682448387146,-0.4382532238960266,0.9773731827735901,0.25897443294525146,0.8398193717002869,-0.4161750376224518,0.9730745553970337,0.9368378520011902,1.156296968460083,-0.7603902220726013,0.24889108538627625,0.0839996188879013,1.1806304454803467,-0.5642764568328857,0.2923198938369751,0.8590142130851746,1.1705530881881714,-1.560811161994934,0.08476314693689346,0.1324949413537979,1.3564834594726562,-1.4009515047073364,0.1320861130952835
0,0.4748977720737457,0.5089553594589233,-1.5092580318450928,0.9990909099578857,0.5119470357894897,0.4310433566570282,-1.4409664869308472,0.9988518357276917,0.5361359715461731,0.4364216923713684,-1.441566824913025,0.9986037611961365,0.5553263425827026,0.44210344552993774,-1.441906213760376,0.9985582232475281,0.44228681921958923,0.4196999669075012,-1.4241386651992798,0.9989025592803955,0.42103710770606995,0.4178091287612915,-1.423608660697937,0.998786985874176,0.4053427577018738,0.4174239933490753,-1.4242973327636719,0.9989334940910339,0.5931570529937744,0.4779318869113922,-0.8936605453491211,0.9986351728439331,0.3847704827785492,0.45805010199546814,-0.7796862125396729,0.9989171028137207,0.5191851258277893,0.5968540906906128,-1.2980605363845825,0.999128520488739,0.433159738779068,0.5835097432136536,-1.272750735282898,0.9992925524711609,0.7604106068611145,0.8324277997016907,-0.5190369486808777,0.9770551919937134,0.23110029101371765,0.8406171202659607,-0.2998164892196655,0.9740445017814636,0.8896644711494446,1.2569711208343506,-0.5737768411636353,0.21598680317401886,0.07356889545917511,1.2383655309677124,-0.44534188508987427,0.25686439871788025,0.848800003528595,1.6223481893539429,-1.1762001514434814,0.06931699812412262,0.10127577930688858,1.4342008829116821,-1.4150151014328003,0.11072205007076263
0,0.4381607472896576,0.5016431212425232,-1.4023120403289795,0.9992433786392212,0.474475622177124,0.42401549220085144,-1.3340197801589966,0.9990676641464233,0.5011449456214905,0.4259014129638672,-1.334684133529663,0.9989279508590698,0.5255916714668274,0.42773231863975525,-1.3349803686141968,0.9988903403282166,0.40607911348342896,0.41840246319770813,-1.3083223104476929,0.9990028738975525,0.3881990313529968,0.4179687201976776,-1.3081369400024414,0.9988921880722046,0.3712369203567505,0.4190489947795868,-1.308480143547058,0.9989402294158936,0.561505913734436,0.459063321352005,-0.7784107327461243,0.9990621209144592,0.3540998101234436,0.4592128396034241,-0.6524485349655151,0.9987828135490417,0.4865037500858307,0.5842217206954956,-1.1875468492507935,0.999334990978241,0.40129613876342773,0.5782291293144226,-1.1532260179519653,0.9992894530296326,0.7503836750984192,0.827282190322876,-0.48347440361976624,0.9845396876335144,0.21041396260261536,0.8484316468238831,-0.20031316578388214,0.9686346650123596,0.8991618156433105,1.2473996877670288,-0.8230698704719543,0.21057887375354767,0.036045804619789124,1.2222970724105835,-0.8143848180770874,0.2145048826932907,0.8792246580123901,1.5620795488357544,-1.5113517045974731,0.08164621889591217,0.1210823804140091,0.896973192691803,-2.286205291748047,0.18766720592975616
0,0.4436344504356384,0.5007230639457703,-1.530552864074707,0.999165415763855,0.4793563485145569,0.4218622148036957,-1.4604766368865967,0.9989483952522278,0.5053696632385254,0.4238910377025604,-1.4610974788665771,0.9988194108009338,0.5292626619338989,0.42572689056396484,-1.461376667022705,0.9987790584564209,0.4102213978767395,0.4173947870731354,-1.4458458423614502,0.9988480806350708,0.3909444212913513,0.41708505153656006,-1.4455862045288086,0.9987245202064514,0.37406453490257263,0.4184393882751465,-1.4461787939071655,0.9987561702728271,0.565247118473053,0.45868217945098877,-0.9022325277328491,0.9989845752716064,0.3552647829055786,0.458869606256485,-0.8219264149665833,0.9985796213150024,0.4905412793159485,0.5839702486991882,-1.3121519088745117,0.9992832541465759,0.40639424324035645,0.578166127204895,-1.2902064323425293,0.999229907989502,0.7520948052406311,0.8282609581947327,-0.5511711239814758,0.9856351613998413,0.21029646694660187,0.8555216193199158,-0.34061673283576965,0.9675644040107727,0.8966110944747925,1.2649402618408203,-0.6620004773139954,0.2198289930820465,0.07649979740381241,1.273060917854309,-0.37983131408691406,0.18426717817783356,0.8549078106880188,1.6410893201828003,-1.3179714679718018,0.07245183736085892,0.09850860387086868,1.5074923038482666,-1.315476417541504,0.1381855607032776
0,0.5148710608482361,0.5108540654182434,-1.5402371883392334,0.9990484714508057,0.5409344434738159,0.4295531213283539,-1.4574658870697021,0.9988571405410767,0.5605591535568237,0.43270859122276306,-1.458047866821289,0.9986246228218079,0.5810073614120483,0.4362414479255676,-1.4583014249801636,0.998620331287384,0.4747874140739441,0.42419204115867615,-1.4619512557983398,0.998853325843811,0.45103368163108826,0.4242454171180725,-1.461984395980835,0.9987332224845886,0.42892155051231384,0.42614373564720154,-1.4625864028930664,0.9988694190979004,0.6140984892845154,0.4729378819465637,-0.8478089570999146,0.9987473487854004,0.39736929535865784,0.46771156787872314,-0.8716233968734741,0.9988076686859131,0.548467755317688,0.5966965556144714,-1.307560920715332,0.9992702007293701,0.47416019439697266,0.5941647291183472,-1.312076449394226,0.9993292689323425,0.7684396505355835,0.8325450420379639,-0.4614032208919525,0.982973575592041,0.2430468052625656,0.8606632947921753,-0.41799601912498474,0.9718871712684631,0.9236796498298645,1.22166109085083,-0.5170772671699524,0.20592829585075378,0.08887109905481339,1.2527539730072021,-0.5515025854110718,0.23940695822238922,0.8940926790237427,1.5039318799972534,-1.1412585973739624,0.05917976424098015,0.15050649642944336,1.3367339372634888,-1.4811232089996338,0.1157878041267395
0,0.5146457552909851,0.5174434185028076,-1.518510103225708,0.9981876015663147,0.5439702272415161,0.43809324502944946,-1.4425108432769775,0.9976708889007568,0.5638832449913025,0.4411596357822418,-1.4430878162384033,0.9970959424972534,0.583692193031311,0.4443438649177551,-1.4432581663131714,0.9971227645874023,0.47623538970947266,0.43099072575569153,-1.4502233266830444,0.9979273676872253,0.4520023465156555,0.43017977476119995,-1.450270175933838,0.9977027773857117,0.42998749017715454,0.43113213777542114,-1.4509903192520142,0.9981299042701721,0.6189186573028564,0.47781339287757874,-0.8600969314575195,0.9967946410179138,0.40166744589805603,0.4703172445297241,-0.8746019601821899,0.9981191158294678,0.5504547357559204,0.6017292737960815,-1.2902315855026245,0.9984420537948608,0.47503384947776794,0.5981004238128662,-1.2981470823287964,0.9988762736320496,0.7688702344894409,0.8381214141845703,-0.460723340511322,0.9720666408538818,0.24363985657691956,0.8573248982429504,-0.425924152135849,0.9718522429466248,0.9074700474739075,1.22959566116333,-0.5460267066955566,0.16908606886863708,0.08526978641748428,1.2148185968399048,-0.38442906737327576,0.22974281013011932,0.8534591794013977,1.4522637128829956,-1.2314281463623047,0.04761417955160141,0.10312886536121368,1.5262610912322998,-1.1191613674163818,0.08178633451461792
1,0.477581650018692,0.43795129656791687,-1.3501245975494385,0.998511016368866,0.504995584487915,0.40381863713264465,-1.2610833644866943,0.9980214238166809,0.5244606733322144,0.41038572788238525,-1.2615872621536255,0.9981197118759155,0.5438629388809204,0.4185498058795929,-1.2616626024246216,0.9978955388069153,0.4514774680137634,0.4029310643672943,-1.2625588178634644,0.9979081749916077,0.43315520882606506,0.4088820815086365,-1.2625749111175537,0.9980573654174805,0.415372371673584,0.4162171185016632,-1.263244390487671,0.998002827167511,0.58232581615448,0.4856635332107544,-0.7043063044548035,0.9982396364212036,0.39258873462677,0.4842836558818817,-0.7010794878005981,0.9978042244911194,0.5197803974151611,0.5182977914810181,-1.141108512878418,0.9985067844390869,0.446544885635376,0.5139628052711487,-1.1428701877593994,0.9981762170791626,0.7503811120986938,0.8484120965003967,-0.4122791290283203,0.976703941822052,0.2354162186384201,0.8798933029174805,-0.37127768993377686,0.9694814085960388,0.8754165768623352,1.2759639024734497,-0.4941924512386322,0.23408018052577972,0.08943574875593185,1.19542396068573,-0.6682140827178955,0.34581536054611206,0.8535892367362976,1.6458021402359009,-1.108659029006958,0.14164471626281738,0.13340997695922852,1.026832103729248,-1.710553526878357,0.4893568158149719
1,0.47192883491516113,0.44996029138565063,-1.287955403327942,0.9990108013153076,0.5002920031547546,0.40987348556518555,-1.2033017873764038,0.9987005591392517,0.5206989049911499,0.416288286447525,-1.2036917209625244,0.9987852573394775,0.5408324003219604,0.4241928458213806,-1.2036192417144775,0.9986088275909424,0.44526004791259766,0.40951964259147644,-1.2045502662658691,0.9986043572425842,0.4269188344478607,0.41572582721710205,-1.2046325206756592,0.9987114071846008,0.40966305136680603,0.42306116223335266,-1.205245018005371,0.9986348152160645,0.5810195207595825,0.4853273928165436,-0.649431049823761,0.9988846778869629,0.3898639976978302,0.48426133394241333,-0.6487463712692261,0.9985244274139404,0.5155869722366333,0.5301952958106995,-1.083843469619751,0.9990656971931458,0.4428700804710388,0.5271375775337219,-1.085057020187378,0.9987833499908447,0.7487536072731018,0.8492030501365662,-0.367244154214859,0.9813634157180786,0.23254995048046112,0.8790313005447388,-0.3233014941215515,0.9747765064239502,0.8895926475524902,1.2416554689407349,-0.7498939037322998,0.22585462033748627,0.0659414604306221,1.1744213104248047,-0.7620526552200317,0.33390238881111145,0.8142690658569336,1.3250858783721924,-1.5554015636444092,0.12635843455791473,0.10788758099079132,0.9503662586212158,-1.8440879583358765,0.5572224259376526
1,0.5431798100471497,0.4636436104774475,-1.4091908931732178,0.9980738759040833,0.57399582862854,0.42583978176116943,-1.3142386674880981,0.9971358776092529,0.5932478308677673,0.4355211853981018,-1.3145796060562134,0.9970718622207642,0.6133144497871399,0.44651877880096436,-1.3146986961364746,0.9970035552978516,0.5226536393165588,0.41020435094833374,-1.3308908939361572,0.9973181486129761,0.5042292475700378,0.41120997071266174,-1.3303545713424683,0.9974756240844727,0.4847068190574646,0.41467607021331787,-1.3311506509780884,0.9976839423179626,0.6414920091629028,0.5027920007705688,-0.7607370615005493,0.9964743256568909,0.4532402455806732,0.4794784188270569,-0.8258807063102722,0.9971060156822205,0.5710755586624146,0.5548095107078552,-1.2045717239379883,0.9982786178588867,0.5040615797042847,0.5381971001625061,-1.225253939628601,0.9982194304466248,0.7726444005966187,0.8852508664131165,-0.3925296664237976,0.9761619567871094,0.24991099536418915,0.8739948272705078,-0.5197725296020508,0.9774675965309143,0.8447071313858032,1.338355302810669,-0.21180224418640137,0.1892315149307251,0.08997705578804016,1.1149868965148926,-0.3715903162956238,0.3522869646549225,0.8317449688911438,1.7110955715179443,-0.6121096014976501,0.04882960394024849,0.08339475095272064,1.60243821144104,-0.8451598882675171,0.17744314670562744
1,0.494116872549057,0.44194820523262024,-1.347667932510376,0.9984835386276245,0.5233292579650879,0.40913715958595276,-1.264127492904663,0.9969791769981384,0.5422645807266235,0.41546857357025146,-1.2644497156143188,0.9971555471420288,0.5605896711349487,0.42306721210479736,-1.2645680904388428,0.997011661529541,0.46939390897750854,0.40608710050582886,-1.2683508396148682,0.9970821142196655,0.45218801498413086,0.41012415289878845,-1.26772141456604,0.997439444065094,0.4361740052700043,0.41558676958084106,-1.2684571743011475,0.997521162033081,0.5953055620193481,0.48857587575912476,-0.7627095580101013,0.9963119626045227,0.41837891936302185,0.4793449640274048,-0.7673549056053162,0.9971335530281067,0.5345088243484497,0.5197983384132385,-1.1652629375457764,0.9986785650253296,0.46265459060668945,0.5153048634529114,-1.1670944690704346,0.998619556427002,0.7597759962081909,0.8652164936065674,-0.46150892972946167,0.9849186539649963,0.2549198865890503,0.8745182156562805,-0.4779697060585022,0.9867898225784302,0.8455540537834167,1.3039523363113403,-0.3384323716163635,0.1985568404197693,0.11108677089214325,1.2462800741195679,-0.3234221339225769,0.3020709753036499,0.8196460604667664,1.7083314657211304,-0.6941665410995483,0.03603644669055939,0.1321769803762436,1.560106873512268,-0.8022750020027161,0.10061200708150864
1,0.5103119611740112,0.4376240372657776,-1.2502977848052979,0.9983709454536438,0.536103367805481,0.40826883912086487,-1.1585357189178467,0.9964421391487122,0.5532711744308472,0.41477611660957336,-1.158901572227478,0.9968027472496033,0.570350706577301,0.4225439429283142,-1.159027338027954,0.9965317845344543,0.4857049882411957,0.40380269289016724,-1.1774040460586548,0.9965634346008301,0.4670802056789398,0.40783870220184326,-1.1769390106201172,0.9971001744270325,0.4488888382911682,0.4131883978843689,-1.1777805089950562,0.9970916509628296,0.5975735783576965,0.4872446656227112,-0.651701807975769,0.9956333041191101,0.4254930019378662,0.477653831243515,-0.7355697154998779,0.9968277215957642,0.5442275404930115,0.521635890007019,-1.0698542594909668,0.9985666871070862,0.4747683107852936,0.5141845941543579,-1.0913554430007935,0.9985894560813904,0.7532860040664673,0.8648932576179504,-0.3595959544181824,0.986327052116394,0.25580984354019165,0.8759374618530273,-0.5009844899177551,0.987606406211853,0.8345258831977844,1.3062251806259155,-0.2709426283836365,0.19363521039485931,0.09641712158918381,1.0875004529953003,-0.3685809373855591,0.2759147882461548,0.8151763677597046,1.6997179985046387,-0.7121726274490356,0.03302854672074318,0.11673001199960709,1.5353655815124512,-0.8252080678939819,0.07657310366630554
1,0.5393468141555786,0.44291776418685913,-1.242704153060913,0.9974779486656189,0.566807210445404,0.4211549460887909,-1.1475356817245483,0.9945840239524841,0.5833619236946106,0.4318777620792389,-1.1479294300079346,0.9949191212654114,0.6011689901351929,0.44355344772338867,-1.1481631994247437,0.9946109652519226,0.5186780691146851,0.4041023552417755,-1.1661401987075806,0.9949949383735657,0.500359296798706,0.40475085377693176,-1.1656721830368042,0.9957614541053772,0.48117494583129883,0.4075840413570404,-1.1665183305740356,0.9960277080535889,0.61887526512146,0.4993218183517456,-0.6218112707138062,0.9925836324691772,0.45065006613731384,0.4735819399356842,-0.6975025534629822,0.9957142472267151,0.5641301870346069,0.5290539264678955,-1.052782416343689,0.9979545474052429,0.4976200461387634,0.5120285749435425,-1.0759999752044678,0.9982911348342896,0.7592201828956604,0.8599318861961365,-0.3397834300994873,0.985078752040863,0.25889042019844055,0.8650739789009094,-0.4363733232021332,0.9889543056488037,0.8404166102409363,1.2958449125289917,-0.30714914202690125,0.17821051180362701,0.08347924798727036,1.081669569015503,-0.34325921535491943,0.31646811962127686,0.8227613568305969,1.6671841144561768,-0.8397234082221985,0.02755746617913246,0.11858029663562775,1.5102537870407104,-0.864075779914856,0.06840439140796661
1,0.529082179069519,0.4233335554599762,-1.1673033237457275,0.9976122379302979,0.5557651519775391,0.41010504961013794,-1.087154507637024,0.9955956339836121,0.5723212361335754,0.4194484353065491,-1.087498426437378,0.9957627654075623,0.5894764065742493,0.42974504828453064,-1.0877630710601807,0.9957705140113831,0.5095213651657104,0.39926427602767944,-1.091192364692688,0.995600163936615,0.492577463388443,0.40200328826904297,-1.0908275842666626,0.9960700273513794,0.4751833975315094,0.40706107020378113,-1.0916718244552612,0.9963340163230896,0.6141058802604675,0.49880972504615784,-0.6211923360824585,0.9946035146713257,0.45043057203292847,0.4801812171936035,-0.637474536895752,0.9959077835083008,0.5574946999549866,0.5042438507080078,-1.0013309717178345,0.9984291791915894,0.4959228038787842,0.49781185388565063,-1.0058157444000244,0.9983876943588257,0.7617647647857666,0.8603020906448364,-0.3766777813434601,0.9862201809883118,0.2645156979560852,0.863078773021698,-0.38278597593307495,0.988203763961792,0.8419998288154602,1.308845043182373,-0.29146066308021545,0.19721636176109314,0.0915125235915184,1.0433293581008911,-0.30945542454719543,0.3273020386695862,0.8207082748413086,1.6820701360702515,-0.6493217349052429,0.0361938439309597,0.10295037180185318,1.4108086824417114,-0.8439493179321289,0.07374817878007889
1,0.5229154825210571,0.46874889731407166,-0.8834425210952759,0.9982662796974182,0.5447677373886108,0.45324084162712097,-0.8020416498184204,0.9967880845069885,0.5600517988204956,0.46032628417015076,-0.8020280003547668,0.9967194199562073,0.5753253698348999,0.46734490990638733,-0.8022667765617371,0.9970608949661255,0.502364993095398,0.44881075620651245,-0.8079051971435547,0.9967214465141296,0.4872351586818695,0.45377930998802185,-0.8072539567947388,0.9969972968101501,0.47179895639419556,0.459943562746048,-0.8079296946525574,0.9974863529205322,0.60074383020401,0.5268195271492004,-0.39650070667266846,0.9954203367233276,0.45278388261795044,0.5201581716537476,-0.4012838304042816,0.9963972568511963,0.5524089336395264,0.5385458469390869,-0.7453097105026245,0.9987389445304871,0.4940718114376068,0.5365549325942993,-0.7491174340248108,0.9985456466674805,0.749271810054779,0.8865335583686829,-0.23208296298980713,0.9907035827636719,0.26585057377815247,0.8964733481407166,-0.2786726951599121,0.9941169023513794,0.8518413305282593,1.3108370304107666,-0.20584508776664734,0.1657104194164276,0.12493535131216049,1.2929331064224243,-0.2696254253387451,0.3586176335811615,0.8520135879516602,1.6849594116210938,-0.511795163154602,0.028095170855522156,0.09985450655221939,1.5868974924087524,-0.7562577724456787,0.06393077969551086
1,0.5201026201248169,0.49251773953437805,-0.7725362777709961,0.9989892840385437,0.5421311855316162,0.4720093011856079,-0.683505654335022,0.9981035590171814,0.5565146207809448,0.4777950048446655,-0.6832437515258789,0.9980815649032593,0.5710069537162781,0.4841356873512268,-0.683459460735321,0.9982711672782898,0.5011667013168335,0.4708901047706604,-0.6970657110214233,0.9980756044387817,0.48612141609191895,0.4766123592853546,-0.6961950063705444,0.9982457160949707,0.4706159234046936,0.48334571719169617,-0.6965439319610596,0.9985154867172241,0.5981416702270508,0.5438975691795349,-0.32619935274124146,0.9973280429840088,0.45434603095054626,0.5391693711280823,-0.30732887983322144,0.9978664517402649,0.55034339427948,0.5561960935592651,-0.625860333442688,0.9991940259933472,0.4924566149711609,0.5582838654518127,-0.6412814855575562,0.9990707635879517,0.748064398765564,0.8981679677963257,-0.16886362433433533,0.9937936067581177,0.2663036286830902,0.9067928194999695,-0.23878447711467743,0.9960718154907227,0.8470765948295593,1.3228557109832764,-0.05861937999725342,0.1603093445301056,0.14059919118881226,1.2838090658187866,-0.25480249524116516,0.32082223892211914,0.8499759435653687,1.688873291015625,-0.2311922013759613,0.026235418394207954,0.12251323461532593,1.56666100025177,-0.714566707611084,0.058877136558294296
1,0.5225645303726196,0.5139095783233643,-0.9777323007583618,0.9993065595626831,0.545944333076477,0.48910218477249146,-0.8899909257888794,0.9986155033111572,0.560641348361969,0.494239866733551,-0.8901235461235046,0.9986540079116821,0.5750638842582703,0.5002208948135376,-0.8904126882553101,0.998736560344696,0.5009752511978149,0.4863497018814087,-0.8984290957450867,0.998637855052948,0.48435553908348083,0.4906010627746582,-0.8976669311523438,0.9988031387329102,0.4680381715297699,0.49605101346969604,-0.8983107805252075,0.9989450573921204,0.5963739156723022,0.5525588393211365,-0.45689821243286133,0.9981147050857544,0.4494728446006775,0.5485198497772217,-0.4799276888370514,0.9985301494598389,0.5537382364273071,0.578339159488678,-0.8274871110916138,0.9993793964385986,0.4917205274105072,0.5774434804916382,-0.8350370526313782,0.9992974996566772,0.7439354658126831,0.9013631343841553,-0.2178962528705597,0.9951471090316772,0.26357319951057434,0.9126476645469666,-0.32446059584617615,0.9969445466995239,0.8550297617912292,1.2927658557891846,-0.03892343491315842,0.18128274381160736,0.13993766903877258,1.3004711866378784,-0.2269328534603119,0.38542547821998596,0.8732527494430542,1.6648722887039185,-0.2638948857784271,0.030738068744540215,0.10168875753879547,1.6015313863754272,-0.6098761558532715,0.07626204192638397
1,0.5001535415649414,0.536034882068634,-0.9982954859733582,0.9994439482688904,0.528016209602356,0.5036133527755737,-0.9188333749771118,0.9988653659820557,0.5446173548698425,0.5096131563186646,-0.919115424156189,0.9989271759986877,0.5602654814720154,0.5164368152618408,-0.9194418787956238,0.9989629983901978,0.47936588525772095,0.4981743097305298,-0.9187182188034058,0.9988986849784851,0.46287164092063904,0.5008792281150818,-0.918088436126709,0.9990527033805847,0.44743070006370544,0.5047882795333862,-0.9187458753585815,0.9991381168365479,0.5860878229141235,0.5650445818901062,-0.4804147779941559,0.9985494613647461,0.4311726689338684,0.5570669174194336,-0.4675535559654236,0.998836874961853,0.5343305468559265,0.6027441024780273,-0.840557873249054,0.9994639754295349,0.4688245356082916,0.5997455716133118,-0.8375229835510254,0.9994092583656311,0.7345712184906006,0.9049055576324463,-0.25691860914230347,0.9955121874809265,0.2555725574493408,0.9255958795547485,-0.2621406316757202,0.9968018531799316,0.8628345727920532,1.2888232469558716,-0.28522345423698425,0.18295560777187347,0.15452134609222412,1.3192497491836548,-0.2806609570980072,0.34671297669410706,0.8444480895996094,1.664928674697876,-0.7070270776748657,0.03230896592140198,0.1373751163482666,1.5735679864883423,-0.8735207319259644,0.0734717920422554
1,0.4904173016548157,0.5055241584777832,-0.8771292567253113,0.9996421337127686,0.5205330848693848,0.484547883272171,-0.7979673147201538,0.9993469715118408,0.5380781888961792,0.49214431643486023,-0.7981080412864685,0.9993909001350403,0.5554846525192261,0.5009301900863647,-0.7979773879051208,0.9994058609008789,0.47205066680908203,0.4811519384384155,-0.7998371124267578,0.9993686676025391,0.4560796320438385,0.485678493976593,-0.7993265390396118,0.9994441866874695,0.44103121757507324,0.4910877048969269,-0.7997517585754395,0.9994924664497375,0.5820187330245972,0.5614778995513916,-0.36934953927993774,0.9992127418518066,0.42337268590927124,0.5519036054611206,-0.36910280585289,0.9993563294410706,0.5236088633537292,0.5757588148117065,-0.7238158583641052,0.9996328353881836,0.45805925130844116,0.570252537727356,-0.7259140610694885,0.9996094703674316,0.721657931804657,0.9125856757164001,-0.1703309863805771,0.9946218729019165,0.2352500706911087,0.920109212398529,-0.12104745954275131,0.9947029948234558,0.9000239372253418,1.253311276435852,-0.7336637377738953,0.17661628127098083,0.10663513094186783,1.2633247375488281,-0.12402528524398804,0.3004610538482666,0.8915680050849915,0.9856723546981812,-1.6117017269134521,0.1576925814151764,0.10854864120483398,1.1774215698242188,-0.5421208143234253,0.16396145522594452
1,0.5090121030807495,0.4828225076198578,-0.6328972578048706,0.9995704889297485,0.530640184879303,0.4798210561275482,-0.5809944868087769,0.99944669008255,0.5443950891494751,0.48748791217803955,-0.5806602835655212,0.9994408488273621,0.5585760474205017,0.49556562304496765,-0.5807968974113464,0.9994966387748718,0.49447745084762573,0.4751938581466675,-0.5761805772781372,0.9994444847106934,0.4824250638484955,0.48048135638237,-0.5750719904899597,0.9994300007820129,0.4703342020511627,0.4876076877117157,-0.5755293369293213,0.9995033740997314,0.5817140340805054,0.571390688419342,-0.31321364641189575,0.999287486076355,0.45244163274765015,0.5721296668052673,-0.28422847390174866,0.9994038939476013,0.537304699420929,0.5490820407867432,-0.5530539155006409,0.9995462894439697,0.4871688783168793,0.5484811067581177,-0.5441309809684753,0.9994993805885315,0.7218484282493591,0.9119266867637634,-0.21762864291667938,0.9935937523841858,0.25774285197257996,0.9086915850639343,-0.17053940892219543,0.9916570782661438,0.8816149830818176,1.2763712406158447,-0.33542031049728394,0.23095399141311646,0.08377112448215485,1.208264946937561,-0.023530004546046257,0.23468898236751556,0.9054989814758301,1.3770655393600464,-0.6580461263656616,0.35777124762535095,0.04115987569093704,1.5011637210845947,-0.2899925112724304,0.14765219390392303
1,0.49557358026504517,0.4881489872932434,-0.7839809656143188,0.9996467232704163,0.5188077688217163,0.476877361536026,-0.7394153475761414,0.9994549751281738,0.5354667901992798,0.48408061265945435,-0.7391793131828308,0.9994630813598633,0.5524957180023193,0.49212804436683655,-0.7393503785133362,0.9995105862617493,0.4744843542575836,0.4733262360095978,-0.721268892288208,0.9994456171989441,0.46053630113601685,0.4785953164100647,-0.7203903794288635,0.9994525909423828,0.447035014629364,0.48546501994132996,-0.7208974361419678,0.9994987845420837,0.5803359150886536,0.5652519464492798,-0.47475147247314453,0.9993364214897156,0.4277964234352112,0.5638588666915894,-0.37382805347442627,0.9993717074394226,0.5318715572357178,0.5569519400596619,-0.6895298957824707,0.9996212720870972,0.4695625901222229,0.5576952695846558,-0.6622452139854431,0.9995406270027161,0.7269343733787537,0.909052848815918,-0.2845548987388611,0.9955018758773804,0.24863974750041962,0.9098831415176392,-0.267782986164093,0.9943825602531433,0.852068305015564,1.3150360584259033,-0.21939723193645477,0.19467240571975708,0.12127379328012466,1.3087642192840576,-0.06274670362472534,0.22704245150089264,0.8736359477043152,1.620709776878357,-0.4458194673061371,0.17809273302555084,0.09411533176898956,1.6147205829620361,-0.3279171288013458,0.09651457518339157
1,0.4866867959499359,0.51201331615448,-0.7908937931060791,0.9997774958610535,0.5121043920516968,0.48559632897377014,-0.7380503416061401,0.9996528029441833,0.5291063189506531,0.4917947053909302,-0.73795485496521,0.9996553659439087,0.5461145043373108,0.49928128719329834,-0.7378631234169006,0.9996896386146545,0.465869277715683,0.4834083914756775,-0.7245081067085266,0.9996462464332581,0.4512178897857666,0.4883228838443756,-0.7235389351844788,0.9996387362480164,0.4374586045742035,0.4944397211074829,-0.7239978909492493,0.9996718168258667,0.5776125192642212,0.567196786403656,-0.4402853846549988,0.9995692372322083,0.4233364462852478,0.5638515949249268,-0.3461706042289734,0.9995972514152527,0.5233528017997742,0.5765103697776794,-0.6812723875045776,0.9997477531433105,0.45917949080467224,0.5777493715286255,-0.6591135263442993,0.9996919631958008,0.7217379212379456,0.9119259715080261,-0.27663952112197876,0.9972600340843201,0.24680349230766296,0.9119612574577332,-0.20000486075878143,0.9966155886650085,0.8636419177055359,1.3290629386901855,-0.2911434769630432,0.17569662630558014,0.1166701689362526,1.295492172241211,-0.007849154062569141,0.21606551110744476,0.8880705833435059,1.485962986946106,-0.5572142601013184,0.12996433675289154,0.0994207113981247,1.534435749053955,-0.23665039241313934,0.08049463480710983
1,0.5008116960525513,0.5939356684684753,-0.9830540418624878,0.9998966455459595,0.5268704891204834,0.5428809523582458,-0.9207080602645874,0.9998022317886353,0.5442680716514587,0.5475203990936279,-0.9209107160568237,0.9998222589492798,0.5612245202064514,0.551741898059845,-0.921267032623291,0.9998154640197754,0.47089022397994995,0.5325435996055603,-0.9293163418769836,0.9997991919517517,0.45082902908325195,0.5322414636611938,-0.9284447431564331,0.9998176693916321,0.4329036772251129,0.5337218046188354,-0.9288269281387329,0.9998134970664978,0.589643120765686,0.5820921659469604,-0.490652471780777,0.9997947812080383,0.4089032709598541,0.5651963949203491,-0.5147579908370972,0.9998109340667725,0.535569429397583,0.6700925827026367,-0.8184415698051453,0.9998636841773987,0.4623374044895172,0.6614274978637695,-0.8260019421577454,0.9998537302017212,0.7286869287490845,0.9097921252250671,-0.21321849524974823,0.9980044364929199,0.2461252212524414,0.9179143905639648,-0.3154611885547638,0.9973098635673523,0.8499413728713989,1.2966853380203247,-0.2258981168270111,0.11852589249610901,0.1405915915966034,1.328539252281189,-0.4353824555873871,0.1698787361383438,0.852364182472229,1.6540237665176392,-0.634844183921814,0.046028681099414825,0.12204092741012573,1.5507131814956665,-1.2296555042266846,0.061051592230796814
2,0.47539621591567993,0.5445730686187744,-1.9042354822158813,0.9996541142463684,0.5188217759132385,0.45219311118125916,-1.8280878067016602,0.9996166229248047,0.5427625775337219,0.45233309268951416,-1.8279168605804443,0.9995851516723633,0.5646764039993286,0.4533311426639557,-1.8275928497314453,0.9995245933532715,0.42981576919555664,0.4530692994594574,-1.852616548538208,0.9996239542961121,0.40076208114624023,0.454831063747406,-1.8528976440429688,0.9995891451835632,0.37501761317253113,0.457843154668808,-1.85296630859375,0.9995832443237305,0.5939921140670776,0.47327762842178345,-1.1966339349746704,0.9996430277824402,0.344326913356781,0.47763529419898987,-1.2180893421173096,0.9997404217720032,0.5207743644714355,0.6323414444923401,-1.6397905349731445,0.9996263384819031,0.4246085584163666,0.6390069127082825,-1.6700305938720703,0.9996690154075623,0.7631364464759827,0.8340646624565125,-0.7409874200820923,0.9899005889892578,0.20305383205413818,0.8602660298347473,-0.6527557969093323,0.9861823916435242,0.9814241528511047,1.2068535089492798,-1.5702316761016846,0.5735077261924744,0.04917742311954498,1.3196545839309692,-1.2271904945373535,0.32035937905311584,0.7378048896789551,0.6810847520828247,-2.364274501800537,0.664066731929779,0.1218005046248436,1.110933542251587,-2.090506076812744,0.3543078303337097
2,0.4873347878456116,0.599406361579895,-2.213773250579834,0.9996643662452698,0.5329357981681824,0.4970214068889618,-2.155203342437744,0.9995557069778442,0.5593088269233704,0.496521919965744,-2.154604434967041,0.999546229839325,0.5834324359893799,0.4971291720867157,-2.1541993618011475,0.999411940574646,0.4325079023838043,0.5005566477775574,-2.1589407920837402,0.9996025562286377,0.3978857100009918,0.5016722083091736,-2.1582436561584473,0.9995828866958618,0.3711289167404175,0.5034096240997314,-2.158083200454712,0.9995386600494385,0.6172620058059692,0.5136019587516785,-1.5725842714309692,0.9995008707046509,0.3372824192047119,0.5135666131973267,-1.5766754150390625,0.9997861385345459,0.5311521887779236,0.6908857822418213,-1.9722312688827515,0.9995011687278748,0.4287963807582855,0.6969863772392273,-1.9745500087738037,0.9996706247329712,0.7773709893226624,0.8485751748085022,-1.0539228916168213,0.9873841404914856,0.19550862908363342,0.877916157245636,-0.9097388386726379,0.9891069531440735,1.009902000427246,1.1767303943634033,-1.6144288778305054,0.6555303931236267,0.05472264438867569,1.377884030342102,-0.5608783960342407,0.2507522702217102,0.7141515016555786,0.6639471054077148,-2.203573226928711,0.7903803586959839,0.06347156316041946,1.700736165046692,-0.9638973474502563,0.2539443075656891
2,0.7008410096168518,0.5149744153022766,-0.9365558624267578,0.998792290687561,0.7457203269004822,0.44991180300712585,-0.8741183280944824,0.9984562993049622,0.7649048566818237,0.45678815245628357,-0.8738763928413391,0.9980036020278931,0.7856730222702026,0.46470212936401367,-0.8743394613265991,0.9985136985778809,0.6999386548995972,0.43316105008125305,-0.8612726926803589,0.9982646107673645,0.6831238865852356,0.4277788996696472,-0.8608700633049011,0.9977598190307617,0.6663161516189575,0.4231571555137634,-0.8613484501838684,0.9983819723129272,0.8300971984863281,0.5038422346115112,-0.39238059520721436,0.9984486699104309,0.6665617823600769,0.43251338601112366,-0.3386407792568207,0.9984123110771179,0.7249356508255005,0.5929657220840454,-0.7664111852645874,0.9989871978759766,0.666825532913208,0.5745726823806763,-0.7487916946411133,0.9985403418540955,0.8977281451225281,0.8265830874443054,-0.12272218614816666,0.9905620217323303,0.48900294303894043,0.6810212731361389,-0.2537990212440491,0.996477484703064,0.9708392024040222,1.2764075994491577,-0.004622930660843849,0.42946600914001465,0.3916746973991394,0.32974308729171753,-0.5858410596847534,0.6079879403114319,0.9859952926635742,1.6109633445739746,0.021154414862394333,0.0986647829413414,0.6236280202865601,0.032243531197309494,-0.5130287408828735,0.45142072439193726
2,0.4044300615787506,0.6276008486747742,-1.9814447164535522,0.9997469186782837,0.4617493748664856,0.48982101678848267,-2.0053958892822266,0.9995988607406616,0.4978260099887848,0.48038148880004883,-2.0044426918029785,0.9994000792503357,0.5253379344940186,0.4733993113040924,-2.0040881633758545,0.9995487928390503,0.34944942593574524,0.5105579495429993,-1.9896272420883179,0.9996163845062256,0.32041242718696594,0.5108246803283691,-1.9884188175201416,0.9995127320289612,0.29323652386665344,0.5083611607551575,-1.9877201318740845,0.9996785521507263,0.5723775625228882,0.4696846306324005,-1.6708933115005493,0.999567449092865,0.2529422640800476,0.4888624846935272,-1.5507954359054565,0.999772310256958,0.4795815050601959,0.704375147819519,-1.810849905014038,0.9997507333755493,0.36079832911491394,0.7184452414512634,-1.7785886526107788,0.9998018741607666,0.761707603931427,0.787894070148468,-1.1967072486877441,0.996032178401947,0.13946771621704102,0.8513326644897461,-1.0319366455078125,0.9966481924057007,0.9683817028999329,1.0509289503097534,-0.814649224281311,0.3875037729740143,0.03618770092725754,1.3740100860595703,-0.45054489374160767,0.5259373188018799,0.9832112193107605,1.596229910850525,-0.8389121890068054,0.10616397857666016,0.023098627105355263,1.7047407627105713,-0.5796040296554565,0.3721594512462616
2,0.3991698622703552,0.6539913415908813,-2.157031536102295,0.9998630285263062,0.4588185250759125,0.5187991857528687,-2.1884446144104004,0.9997726678848267,0.49219560623168945,0.5146795511245728,-2.187321186065674,0.99967360496521,0.5188185572624207,0.5118921399116516,-2.187084913253784,0.9997437000274658,0.3399927020072937,0.5354352593421936,-2.168447256088257,0.9997802376747131,0.31276869773864746,0.537219762802124,-2.1672701835632324,0.9997197985649109,0.28904420137405396,0.5366672873497009,-2.166492462158203,0.999789834022522,0.5736369490623474,0.5144739747047424,-1.838091492652893,0.9997503757476807,0.2592969536781311,0.5198714137077332,-1.7152401208877563,0.9998407959938049,0.469856321811676,0.7368018627166748,-1.9832216501235962,0.9998427629470825,0.3504222631454468,0.7420892119407654,-1.9464905261993408,0.9998543858528137,0.7518764138221741,0.8105543255805969,-1.3089063167572021,0.9976382255554199,0.14411503076553345,0.8527145981788635,-1.1377522945404053,0.9978721141815186,0.9837751388549805,1.2008317708969116,-1.0537021160125732,0.4761814773082733,-0.0023090247996151447,1.3502377271652222,-0.6524093747138977,0.37776297330856323,0.9423383474349976,1.590528964996338,-1.1861900091171265,0.12104243040084839,-0.02568511664867401,1.6884015798568726,-0.8932697176933289,0.21784305572509766
2,0.3951259255409241,0.6933484673500061,-2.181422472000122,0.999904990196228,0.4542134404182434,0.5639678835868835,-2.21156907081604,0.999836802482605,0.49138742685317993,0.5589695572853088,-2.210498332977295,0.9997735023498535,0.5193151235580444,0.554672360420227,-2.2103235721588135,0.9998170137405396,0.33154359459877014,0.5687698125839233,-2.1934778690338135,0.9998405575752258,0.3067128658294678,0.566670835018158,-2.1924257278442383,0.9997957348823547,0.28295353055000305,0.5640296339988708,-2.1916396617889404,0.9998332262039185,0.5740782022476196,0.5418329238891602,-1.8760513067245483,0.9998188614845276,0.25498202443122864,0.5363682508468628,-1.755785584449768,0.9998633861541748,0.47168245911598206,0.7747600078582764,-2.0077548027038574,0.9998756051063538,0.34984952211380005,0.7775924205780029,-1.9737838506698608,0.9998704195022583,0.7543362379074097,0.8130881786346436,-1.3467531204223633,0.9982104301452637,0.14372853934764862,0.8515302538871765,-1.1868970394134521,0.9983092546463013,0.9920021891593933,1.2011748552322388,-0.8040197491645813,0.5017563104629517,-0.005702528171241283,1.3405717611312866,-0.5206533074378967,0.32900792360305786,0.9375896453857422,1.614692211151123,-0.5240129232406616,0.10854317247867584,-0.03634137660264969,1.6910449266433716,-0.4328346848487854,0.15195468068122864
2,0.4490358233451843,0.7501025795936584,-2.8009626865386963,0.9996457099914551,0.5083808898925781,0.6455366015434265,-2.850867509841919,0.9995845556259155,0.5428699254989624,0.6356094479560852,-2.8504483699798584,0.999500036239624,0.5733972787857056,0.6240889430046082,-2.851248264312744,0.9996119737625122,0.395712286233902,0.647178053855896,-2.836315870285034,0.9995396137237549,0.3629322946071625,0.6386692523956299,-2.8363466262817383,0.9993323683738708,0.3368659019470215,0.6288833022117615,-2.8358490467071533,0.9993562698364258,0.6215780973434448,0.5703814029693604,-2.467048406600952,0.9996910095214844,0.3069073557853699,0.575029194355011,-2.3813886642456055,0.9994348287582397,0.49848002195358276,0.8262849450111389,-2.596682548522949,0.9996429681777954,0.4000282287597656,0.8288501501083374,-2.5731120109558105,0.9994659423828125,0.7617753148078918,0.8327740430831909,-1.76596999168396,0.99810391664505,0.18261827528476715,0.803942084312439,-1.4912116527557373,0.9968187808990479,0.939956784248352,1.1786504983901978,-0.9827640652656555,0.5408710241317749,0.040127113461494446,1.049833059310913,-0.3054341673851013,0.14107809960842133,0.93596351146698,1.5639307498931885,-0.45348280668258667,0.08844777196645737,0.1048286184668541,1.3902124166488647,0.246174618601799,0.05591757223010063
2,0.4903196692466736,0.8052147030830383,-3.064192295074463,0.9996756315231323,0.554482102394104,0.693677544593811,-3.0926296710968018,0.9996331930160522,0.5920758247375488,0.6836528182029724,-3.09187912940979,0.9995848536491394,0.6255494356155396,0.671443521976471,-3.0921871662139893,0.9996391534805298,0.4353538453578949,0.6858491897583008,-3.1027886867523193,0.999589204788208,0.4002836346626282,0.6747533082962036,-3.103114604949951,0.9994239807128906,0.37314411997795105,0.6641104221343994,-3.1023287773132324,0.9994078874588013,0.6848734617233276,0.6066738963127136,-2.60270619392395,0.9997185468673706,0.3351338803768158,0.5916274189949036,-2.6520614624023438,0.9995524883270264,0.5384668707847595,0.8862582445144653,-2.808218002319336,0.9988277554512024,0.4313461184501648,0.8757535815238953,-2.824431896209717,0.998500645160675,0.8183518648147583,0.8521291613578796,-1.7835496664047241,0.9905436038970947,0.19520965218544006,0.7960966229438782,-1.824902892112732,0.9902109503746033,0.995184063911438,1.1200591325759888,-1.0599291324615479,0.4287184476852417,0.05777870491147041,0.9468924403190613,-0.7898390889167786,0.17230860888957977,0.8804739117622375,1.1138136386871338,-0.6690748929977417,0.09344994276762009,0.11905763298273087,1.0491944551467896,0.011258317157626152,0.07748544216156006
2,0.4632747769355774,0.8509694933891296,-2.696415901184082,0.9996958374977112,0.5287183523178101,0.7205115556716919,-2.7315433025360107,0.9996919631958008,0.5682333707809448,0.7060993909835815,-2.731027603149414,0.9996631145477295,0.600282609462738,0.6899030208587646,-2.7314791679382324,0.9996834397315979,0.38692426681518555,0.7266761660575867,-2.736173152923584,0.9996412992477417,0.3563776910305023,0.7163781523704529,-2.7363038063049316,0.9994922876358032,0.3292112648487091,0.7034450769424438,-2.7355687618255615,0.9994783401489258,0.6557475328445435,0.6186094880104065,-2.273594617843628,0.999762773513794,0.2845982015132904,0.6441466808319092,-2.2879273891448975,0.9996590614318848,0.5260568857192993,0.9111786484718323,-2.454843759536743,0.9984779357910156,0.4168822169303894,0.9156792163848877,-2.4616525173187256,0.9982320070266724,0.8015540242195129,0.8400295376777649,-1.5418434143066406,0.9881494045257568,0.17142465710639954,0.8254314661026001,-1.5606975555419922,0.9872695803642273,1.000199317932129,1.2136250734329224,-1.090172529220581,0.35806602239608765,0.007362558506429195,1.1856905221939087,-0.8659659624099731,0.19140776991844177,0.9759997129440308,1.469671607017517,-1.1255403757095337,0.10377846658229828,0.14306053519248962,1.0791388750076294,-0.5036554932594299,0.09491267055273056
2,0.40871939063072205,0.8682334423065186,-2.5893471240997314,0.9994226098060608,0.47911444306373596,0.7371450662612915,-2.647240400314331,0.99954754114151,0.522339403629303,0.7219230532646179,-2.6469836235046387,0.9995102882385254,0.5540412664413452,0.7065582871437073,-2.6478867530822754,0.9995490312576294,0.3459424376487732,0.7485173940658569,-2.6474857330322266,0.9994117617607117,0.31795167922973633,0.7391411662101746,-2.6475815773010254,0.9991344213485718,0.2920312285423279,0.7266219854354858,-2.6468167304992676,0.9991760849952698,0.6128588914871216,0.6393184661865234,-2.2581493854522705,0.9996622204780579,0.24276523292064667,0.6565449833869934,-2.2517101764678955,0.9994849562644958,0.4821040630340576,0.9204925894737244,-2.36950945854187,0.9972546696662903,0.35581356287002563,0.9277614951133728,-2.368166923522949,0.9968020915985107,0.7483433485031128,0.830585777759552,-1.5360578298568726,0.9880250096321106,0.14449629187583923,0.8136909008026123,-1.4992053508758545,0.9829711318016052,0.9937033653259277,1.1021353006362915,-1.0554616451263428,0.3326979875564575,-0.01634591445326805,1.149406909942627,-0.5323032736778259,0.18557734787464142,0.9649395942687988,1.3303674459457397,-0.9816635251045227,0.09476106613874435,0.07312936335802078,1.0757910013198853,-0.005831458140164614,0.09683031588792801
2,0.41136112809181213,0.9280166029930115,-2.544869899749756,0.9986737370491028,0.4785594940185547,0.8178866505622864,-2.614635467529297,0.9989925026893616,0.5202876329421997,0.7930180430412292,-2.6143805980682373,0.998943567276001,0.5518819093704224,0.7662846446037292,-2.615259885787964,0.9990742802619934,0.3408193588256836,0.8307960033416748,-2.6166350841522217,0.9986817836761475,0.3092218041419983,0.8178457021713257,-2.616987705230713,0.998200535774231,0.2822817862033844,0.8022382259368896,-2.6163694858551025,0.9983035326004028,0.6045258641242981,0.6754257678985596,-2.2807211875915527,0.9993470907211304,0.23335543274879456,0.7161378860473633,-2.2747063636779785,0.9988850355148315,0.48438748717308044,0.9649965167045593,-2.3445396423339844,0.9953325390815735,0.35591405630111694,0.9780406355857849,-2.3442368507385254,0.9941584467887878,0.747563362121582,0.8418164849281311,-1.59404718875885,0.9893338084220886,0.13097116351127625,0.848784863948822,-1.5723333358764648,0.9807230830192566,0.9095559120178223,0.9913632869720459,-1.0240145921707153,0.3261817395687103,-0.03461853414773941,1.0534542798995972,-0.7920078039169312,0.18939122557640076,0.9451781511306763,1.2705062627792358,-0.7902669906616211,0.0799897089600563,0.11739633232355118,1.065415620803833,-0.37381285429000854,0.09509042650461197
2,0.4000832438468933,0.9180331826210022,-2.433361530303955,0.9980486631393433,0.4388487935066223,0.829842209815979,-2.4788284301757812,0.9986521601676941,0.4623411297798157,0.8031341433525085,-2.4788119792938232,0.9987197518348694,0.5172364711761475,0.7716553807258606,-2.4798734188079834,0.9988484978675842,0.3329773247241974,0.8379985094070435,-2.4889960289001465,0.997808039188385,0.3021751344203949,0.8269320726394653,-2.489168882369995,0.9969234466552734,0.27746137976646423,0.814699113368988,-2.488893985748291,0.9966759085655212,0.5537042617797852,0.6801778674125671,-2.0809414386749268,0.9992683529853821,0.24237999320030212,0.7373223900794983,-2.1061317920684814,0.9983794689178467,0.46737542748451233,0.9266988635063171,-2.215033769607544,0.9948859214782715,0.37042346596717834,0.9365819096565247,-2.226487636566162,0.9931107759475708,0.7160047888755798,0.8396876454353333,-1.461272120475769,0.9925268292427063,0.13578762114048004,0.8646997213363647,-1.3693448305130005,0.9749284982681274,0.9065694808959961,0.966896653175354,-1.203061819076538,0.4459810256958008,-0.04476291686296463,1.05075204372406,-0.6065105199813843,0.2319054752588272,1.0355589389801025,1.1988704204559326,-1.2877429723739624,0.19193938374519348,-0.03437400981783867,1.1359336376190186,-0.22352106869220734,0.11467469483613968
2,0.4165865480899811,0.8653515577316284,-2.329756498336792,0.9977231621742249,0.4300681948661804,0.7913645505905151,-2.3773655891418457,0.9983557462692261,0.45300179719924927,0.7806888222694397,-2.3774170875549316,0.9985331892967224,0.4772297441959381,0.7754706144332886,-2.378425121307373,0.9986518621444702,0.36210396885871887,0.8042407631874084,-2.369131088256836,0.9970583915710449,0.3188801407814026,0.7812415361404419,-2.3693108558654785,0.9960048198699951,0.300280898809433,0.7774317860603333,-2.3690781593322754,0.9953776001930237,0.5233782529830933,0.6964053511619568,-2.0209460258483887,0.9991814494132996,0.25152772665023804,0.7176344394683838,-1.980315923690796,0.9980836510658264,0.4829293191432953,0.8598218560218811,-2.133513927459717,0.995032787322998,0.38601118326187134,0.8672648668289185,-2.122436761856079,0.9931326508522034,0.7148491144180298,0.8336721062660217,-1.4314063787460327,0.9940478205680847,0.15918876230716705,0.8410625457763672,-1.3059709072113037,0.974151611328125,0.9098345041275024,0.964143693447113,-1.3922908306121826,0.5299371480941772,-0.0325082466006279,0.9728179574012756,-0.5532360076904297,0.24975129961967468,1.079186201095581,1.1872782707214355,-1.74125075340271,0.2677220404148102,-0.08698466420173645,1.1677582263946533,-0.004916145466268063,0.11530313640832901
2,0.5001457929611206,0.9231855869293213,-2.7885630130767822,0.9979392290115356,0.5589072704315186,0.8161019682884216,-2.833853244781494,0.9984136819839478,0.6002021431922913,0.7974869608879089,-2.8331234455108643,0.9985966682434082,0.6357893943786621,0.773857057094574,-2.833496570587158,0.9986171126365662,0.42813485860824585,0.8267126679420471,-2.843533515930176,0.9973375797271729,0.38875168561935425,0.8148229718208313,-2.8438384532928467,0.9965370297431946,0.3594438433647156,0.8015199899673462,-2.8431527614593506,0.9959359765052795,0.6545021533966064,0.6758586764335632,-2.387897491455078,0.9991874098777771,0.2945486307144165,0.7202860116958618,-2.4344193935394287,0.9984719157218933,0.5499838590621948,0.9547185897827148,-2.5458791255950928,0.9949748516082764,0.4462236762046814,0.9657794237136841,-2.5603766441345215,0.9937992095947266,0.7976399660110474,0.848613977432251,-1.574026107788086,0.9933419823646545,0.1566869467496872,0.8599773645401001,-1.687835454940796,0.974452793598175,0.9591501355171204,1.120405673980713,-0.8943685293197632,0.47084763646125793,0.005331783555448055,1.150610089302063,-0.748511552810669,0.25241097807884216,0.8679636716842651,1.2082479000091553,-0.7101556062698364,0.2515069246292114,0.07983033359050751,1.0125123262405396,0.043222855776548386,0.1078290119767189
2,0.45633625984191895,0.7962130308151245,-2.9447598457336426,0.9983872175216675,0.5218048691749573,0.6854085922241211,-2.993752956390381,0.9987011551856995,0.5599167346954346,0.677343487739563,-2.9934029579162598,0.9987848401069641,0.5877643823623657,0.6672084927558899,-2.9940216541290283,0.9988151788711548,0.3908088207244873,0.6890607476234436,-2.9774491786956787,0.9979926943778992,0.3601531386375427,0.6832053661346436,-2.9777493476867676,0.9974043369293213,0.34061914682388306,0.6756930947303772,-2.977454662322998,0.9969882369041443,0.6384345293045044,0.6127011179924011,-2.6200523376464844,0.9992131590843201,0.29639917612075806,0.6229286789894104,-2.5332534313201904,0.9987863302230835,0.5141611099243164,0.8795655965805054,-2.740846872329712,0.9954996705055237,0.41192707419395447,0.886307954788208,-2.717482089996338,0.994323194026947,0.7948541641235352,0.8652319312095642,-1.8952925205230713,0.9914018511772156,0.16212663054466248,0.8353139758110046,-1.6462671756744385,0.9782477021217346,0.9853407144546509,1.218339443206787,-1.0852444171905518,0.40260353684425354,0.02557792142033577,1.3034716844558716,-0.6355317234992981,0.2233269363641739,0.8978697657585144,1.5282107591629028,-0.4689996838569641,0.1842583268880844,0.09409116953611374,1.3798091411590576,0.015700826421380043,0.09662924706935883
2,0.37982314825057983,0.6097882390022278,-2.392709732055664,0.9988532662391663,0.4247567653656006,0.5079236030578613,-2.3878540992736816,0.9990284442901611,0.4549185335636139,0.5015786290168762,-2.3878047466278076,0.9990764856338501,0.4829201102256775,0.4973161518573761,-2.388321876525879,0.9990947246551514,0.34293508529663086,0.5178787708282471,-2.365213632583618,0.9985647201538086,0.3214814364910126,0.5174964666366577,-2.3648974895477295,0.9981710910797119,0.3025655746459961,0.5157620906829834,-2.364820957183838,0.9978963732719421,0.5237012505531311,0.5011563897132874,-1.9218940734863281,0.9993857145309448,0.2905679941177368,0.5079057812690735,-1.7872934341430664,0.9990999102592468,0.4414675235748291,0.6824884414672852,-2.1850247383117676,0.9969590306282043,0.34476426243782043,0.6863643527030945,-2.1474673748016357,0.9961715936660767,0.7523377537727356,0.8617263436317444,-1.3786823749542236,0.9928152561187744,0.1698274314403534,0.8074430227279663,-1.074118733406067,0.984349250793457,0.9734312891960144,1.237670660018921,-1.1585826873779297,0.39818328619003296,0.04893843084573746,1.3155896663665771,-0.39556172490119934,0.2012132704257965,0.9962967038154602,1.633834719657898,-1.2384475469589233,0.13620103895664215,0.07530464977025986,1.5567302703857422,-0.40661707520484924,0.08661434054374695
2,0.32491204142570496,0.4781724512577057,-1.9306275844573975,0.9988856315612793,0.3722030520439148,0.4050852358341217,-1.924438238143921,0.9986633658409119,0.4021427035331726,0.4119475185871124,-1.9244728088378906,0.9987290501594543,0.43177691102027893,0.4191685616970062,-1.9248653650283813,0.9985979795455933,0.29513418674468994,0.38447684049606323,-1.89211905002594,0.998484194278717,0.2735600471496582,0.37692150473594666,-1.8921037912368774,0.9984166622161865,0.2560214400291443,0.37089845538139343,-1.8921148777008057,0.9982328414916992,0.4756472706794739,0.4473547637462616,-1.4175584316253662,0.9989461898803711,0.2416713982820511,0.3990362584590912,-1.3382009267807007,0.9987489581108093,0.37266793847084045,0.5756698250770569,-1.7545874118804932,0.9983181357383728,0.28760823607444763,0.5535811185836792,-1.7099138498306274,0.9981210827827454,0.6347788572311401,0.7903774976730347,-0.9408320188522339,0.9889011979103088,0.09034749865531921,0.7766487002372742,-0.707794189453125,0.9794808626174927,0.8348368406295776,0.9994738698005676,-0.9377169609069824,0.3308417797088623,-0.0008895345963537693,1.2254951000213623,-0.23702554404735565,0.11046914011240005,0.8509373664855957,1.4158287048339844,-1.5242623090744019,0.08161947876214981,0.04790622740983963,1.3777772188186646,-0.5981615781784058,0.05084328353404999
2,0.40784797072410583,0.42871391773223877,-1.8960237503051758,0.998333752155304,0.45258331298828125,0.35759109258651733,-1.8106132745742798,0.9977077841758728,0.4746427536010742,0.36877456307411194,-1.8111969232559204,0.9977137446403503,0.4974324107170105,0.3811874985694885,-1.8114707469940186,0.9973286986351013,0.38459068536758423,0.3273419439792633,-1.8146131038665771,0.9977415800094604,0.35793477296829224,0.3192885220050812,-1.8145735263824463,0.9978494048118591,0.33615797758102417,0.315093070268631,-1.8152074813842773,0.9977003335952759,0.5311990976333618,0.42857787013053894,-1.1851519346237183,0.9975792765617371,0.29676732420921326,0.3601096272468567,-1.2017295360565186,0.9980750679969788,0.4336380064487457,0.5344212055206299,-1.6676305532455444,0.9980438351631165,0.34423476457595825,0.5151588320732117,-1.6718260049819946,0.9982073307037354,0.6941697001457214,0.8887233138084412,-0.8071928024291992,0.9743691086769104,0.08757902681827545,0.8459835052490234,-0.6644393801689148,0.9710801839828491,0.8890628814697266,1.3274692296981812,-1.0403122901916504,0.27273499965667725,-0.03619739040732384,1.3793021440505981,-0.7451433539390564,0.1034335345029831,0.8578857183456421,1.6723840236663818,-1.7429382801055908,0.05819894000887871,-0.0021315973717719316,1.4249987602233887,-1.698302984237671,0.040361400693655014
2,0.5130319595336914,0.4124811589717865,-1.8400542736053467,0.9988223314285278,0.5571264028549194,0.3553975224494934,-1.67316472530365,0.9984063506126404,0.5800107717514038,0.3672581911087036,-1.6738115549087524,0.9983953833580017,0.5992245674133301,0.37793341279029846,-1.6741870641708374,0.9981292486190796,0.4903714656829834,0.31983453035354614,-1.7085157632827759,0.9984094500541687,0.4660337567329407,0.30957502126693726,-1.7071170806884766,0.9984928965568542,0.43810540437698364,0.3005095422267914,-1.706790566444397,0.998386561870575,0.6104512214660645,0.4281913936138153,-1.0015175342559814,0.9983406066894531,0.3715980648994446,0.33564791083335876,-1.079660177230835,0.9986023306846619,0.5306099057197571,0.5108804106712341,-1.5127646923065186,0.9986772537231445,0.4492954611778259,0.4828811585903168,-1.5966408252716064,0.9987414479255676,0.7186166048049927,0.8782228827476501,-0.657139003276825,0.9795942306518555,0.10366668552160263,0.8372902274131775,-0.6238123178482056,0.9712281227111816,0.9347637891769409,1.3192845582962036,-0.744769275188446,0.25174248218536377,-0.13803157210350037,1.2162754535675049,-1.2237622737884521,0.29975634813308716,0.9153569936752319,1.6859372854232788,-1.3474351167678833,0.09795854240655899,0.02403479442000389,0.875092625617981,-2.1844074726104736,0.3072681427001953
2,0.569480299949646,0.42955276370048523,-1.8639005422592163,0.9991150498390198,0.604828417301178,0.367055743932724,-1.733862280845642,0.9988489151000977,0.621152400970459,0.3788856565952301,-1.7341171503067017,0.9987888336181641,0.6375146508216858,0.3898788392543793,-1.7343416213989258,0.9986189603805542,0.5438545942306519,0.33119890093803406,-1.7977386713027954,0.99886155128479,0.5194917917251587,0.3187396228313446,-1.7968294620513916,0.998911440372467,0.4959273338317871,0.3081081807613373,-1.7971537113189697,0.9988503456115723,0.6355632543563843,0.4369218647480011,-1.009917974472046,0.9987257122993469,0.4328060746192932,0.3429984748363495,-1.225606083869934,0.9989920258522034,0.5760664343833923,0.5198772549629211,-1.5845917463302612,0.9990960955619812,0.5074607133865356,0.4971851706504822,-1.6564210653305054,0.9991278052330017,0.7444741129875183,0.8677363991737366,-0.6070494651794434,0.9850495457649231,0.1280469000339508,0.8319052457809448,-0.7681182026863098,0.9759044647216797,0.9584276080131531,1.2866554260253906,-0.4698730409145355,0.2614481747150421,-0.08338656276464462,1.3133795261383057,-0.8690594434738159,0.41299939155578613,0.9821211099624634,1.6622908115386963,-0.9572809338569641,0.1228020042181015,0.05907776206731796,1.3520785570144653,-1.6772611141204834,0.35768043994903564
2,0.5658289194107056,0.4580765962600708,-1.9355539083480835,0.9989073872566223,0.6040226221084595,0.3896585702896118,-1.8192195892333984,0.9987083077430725,0.6205636262893677,0.4008144736289978,-1.8194698095321655,0.9984671473503113,0.6360188126564026,0.41120079159736633,-1.8198254108428955,0.9984232187271118,0.5438269376754761,0.34846848249435425,-1.8764617443084717,0.9987442493438721,0.5199891328811646,0.3330787122249603,-1.8762727975845337,0.998724102973938,0.4966510832309723,0.3193911015987396,-1.8770067691802979,0.9987537860870361,0.6335991024971008,0.45114654302597046,-1.1027697324752808,0.998323380947113,0.4338269829750061,0.34558314085006714,-1.3081432580947876,0.9988701939582825,0.5693610906600952,0.5432328581809998,-1.6579387187957764,0.9992011785507202,0.5034573078155518,0.519598126411438,-1.7137269973754883,0.9992504119873047,0.7389708757400513,0.8651885986328125,-0.6601032018661499,0.988182783126831,0.12940800189971924,0.8139951825141907,-0.7731564044952393,0.9788535833358765,0.9485429525375366,1.3004112243652344,-0.43006688356399536,0.26836562156677246,-0.05809701606631279,1.3084049224853516,-0.6476512551307678,0.3926365375518799,0.9752575755119324,1.6836377382278442,-0.8199664354324341,0.11095210909843445,0.0271486546844244,1.5057193040847778,-1.3405792713165283,0.24599392712116241
2,0.5313149690628052,0.4924834668636322,-1.9976001977920532,0.9991479516029358,0.5806814432144165,0.41786977648735046,-1.896484613418579,0.9989572167396545,0.6045962572097778,0.4290035665035248,-1.8965356349945068,0.9987255930900574,0.6251220703125,0.43895795941352844,-1.8968970775604248,0.998655378818512,0.5116211175918579,0.3773590326309204,-1.943010687828064,0.9990438222885132,0.48243793845176697,0.3604595363140106,-1.9423099756240845,0.9990533590316772,0.45354318618774414,0.34634560346603394,-1.942662000656128,0.999091386795044,0.6297177076339722,0.4733305871486664,-1.2122713327407837,0.9984941482543945,0.3824393153190613,0.37575119733810425,-1.4023092985153198,0.9992203712463379,0.5392382144927979,0.5974412560462952,-1.7336782217025757,0.9994204640388489,0.45910996198654175,0.5650181174278259,-1.7910759449005127,0.9994993209838867,0.7210025787353516,0.8786607980728149,-0.6836328506469727,0.9912195205688477,0.1223367303609848,0.8230220079421997,-0.9441267848014832,0.9861485958099365,0.9331234693527222,1.2767499685287476,-0.33154377341270447,0.27637094259262085,-0.04072027653455734,1.372292160987854,-0.7411977052688599,0.4049803912639618,0.9539750218391418,1.6669892072677612,-0.6532008647918701,0.08935913443565369,0.012521268799901009,1.7143120765686035,-1.1953668594360352,0.16253885626792908
2,0.4712895452976227,0.5678917169570923,-2.290163040161133,0.9993939399719238,0.5293070077896118,0.48406556248664856,-2.236579656600952,0.9991887211799622,0.5561748147010803,0.49400487542152405,-2.2363967895507812,0.999075710773468,0.5819562673568726,0.5025232434272766,-2.2365002632141113,0.9989250898361206,0.44222038984298706,0.4477429687976837,-2.2515006065368652,0.9992855787277222,0.40808358788490295,0.4375070631504059,-2.250969648361206,0.9993370175361633,0.3806481957435608,0.431081622838974,-2.251077890396118,0.999333918094635,0.6206591725349426,0.5324081182479858,-1.657067894935608,0.9988815188407898,0.33396822214126587,0.44622108340263367,-1.7142890691757202,0.9994882345199585,0.501142680644989,0.6767071485519409,-2.0473062992095947,0.9995424747467041,0.3945017457008362,0.650829017162323,-2.066488742828369,0.9996525049209595,0.7295416593551636,0.9148925542831421,-1.062507152557373,0.9911112785339355,0.1074768453836441,0.859332263469696,-1.1073096990585327,0.9902450442314148,0.9374451637268066,1.3686994314193726,-0.716346263885498,0.25219911336898804,-0.0571894645690918,1.413678526878357,-0.7409417033195496,0.321693480014801,0.8920212984085083,1.7776046991348267,-0.9284669756889343,0.06416578590869904,0.03465982899069786,1.6620644330978394,-1.108467936515808,0.09929627925157547
2,0.42971211671829224,0.6868229508399963,-2.6671438217163086,0.9995858073234558,0.48924216628074646,0.5727618932723999,-2.6692988872528076,0.9994066953659058,0.5159360766410828,0.5771408677101135,-2.6686620712280273,0.9993551969528198,0.5408907532691956,0.5806911587715149,-2.6687331199645996,0.9992251396179199,0.3792351484298706,0.5446932911872864,-2.6745083332061768,0.9994823932647705,0.3399706482887268,0.5346122980117798,-2.6738293170928955,0.9995291829109192,0.312275767326355,0.5280749797821045,-2.673358201980591,0.999500572681427,0.5828325152397156,0.5861108303070068,-2.216318130493164,0.9992188215255737,0.2740252614021301,0.5231274366378784,-2.2170522212982178,0.9996325373649597,0.46800628304481506,0.784491777420044,-2.4551589488983154,0.9996376037597656,0.35040995478630066,0.7741199731826782,-2.4566516876220703,0.999722957611084,0.7197844386100769,0.9150381088256836,-1.556727647781372,0.9935880303382874,0.08412273228168488,0.8932127356529236,-1.542209267616272,0.9932070374488831,0.9548201560974121,1.3149205446243286,-0.9973702430725098,0.3452024757862091,-0.05436064675450325,1.4392051696777344,-0.9671720266342163,0.3285079896450043,0.9017910957336426,1.7351728677749634,-0.8273396492004395,0.07509986311197281,0.013466055504977703,1.7370985746383667,-0.9811943173408508,0.09182635694742203
2,0.4159739017486572,0.8660260438919067,-2.943977117538452,0.9993885159492493,0.482912540435791,0.7385793328285217,-2.9763104915618896,0.9993502497673035,0.5134485363960266,0.7279176115989685,-2.9761104583740234,0.999317467212677,0.5409601926803589,0.7165359258651733,-2.9769127368927,0.9992406964302063,0.3466953933238983,0.7436537146568298,-2.9809751510620117,0.9992941617965698,0.3069303631782532,0.7354981899261475,-2.981402635574341,0.9992125630378723,0.27940818667411804,0.7251115441322327,-2.980769634246826,0.9990949630737305,0.5851091742515564,0.6568605303764343,-2.4789927005767822,0.999303936958313,0.236337348818779,0.6795254945755005,-2.4998373985290527,0.9993504881858826,0.4655225872993469,0.9404734969139099,-2.6886329650878906,0.9987905025482178,0.3494010269641876,0.9478887319564819,-2.696805238723755,0.9980635046958923,0.7392114996910095,0.879762589931488,-1.75111985206604,0.9938362836837769,0.09493189305067062,0.8907484412193298,-1.6461851596832275,0.9869298338890076,0.9734169244766235,1.2479630708694458,-1.4595363140106201,0.34645435214042664,-0.041994236409664154,1.2605509757995605,-1.293338418006897,0.278603196144104,1.0151196718215942,1.542218565940857,-1.5997676849365234,0.07734106481075287,0.0673443078994751,1.0979796648025513,-1.4696540832519531,0.08930331468582153
2,0.4080488085746765,0.931082546710968,-2.881957530975342,0.9993364810943604,0.4751221537590027,0.8034074306488037,-2.939643144607544,0.9994262456893921,0.5092633962631226,0.7870380878448486,-2.9390618801116943,0.9993891716003418,0.5424149632453918,0.7681713700294495,-2.9395618438720703,0.9993655681610107,0.3374800384044647,0.817345380783081,-2.950767755508423,0.9993516206741333,0.2991922199726105,0.8047810792922974,-2.9509923458099365,0.999225378036499,0.2709789574146271,0.7884654402732849,-2.9503872394561768,0.9991756677627563,0.6019240021705627,0.6893652677536011,-2.4994804859161377,0.9994745254516602,0.22206692397594452,0.7072660326957703,-2.5475010871887207,0.9994365572929382,0.4720739722251892,0.9836965799331665,-2.6398608684539795,0.998474657535553,0.3435658812522888,0.9908314347267151,-2.656647205352783,0.9978810548782349,0.7528479099273682,0.8693254590034485,-1.7644119262695312,0.9937058687210083,0.10014669597148895,0.8711848855018616,-1.8086591958999634,0.9870468378067017,0.9893482327461243,1.1404565572738647,-1.5477819442749023,0.3452118933200836,0.011120921932160854,1.289737343788147,-1.3742464780807495,0.2483656108379364,0.7564735412597656,1.0823720693588257,-1.6626657247543335,0.09622452408075333,0.16839905083179474,1.1043957471847534,-1.1748759746551514,0.10708800703287125
2,0.4239503741264343,0.932476818561554,-2.6229500770568848,0.9991933107376099,0.4935857355594635,0.8131017088890076,-2.6857380867004395,0.9993537068367004,0.5327422618865967,0.7950818538665771,-2.685037136077881,0.9993155598640442,0.5697433352470398,0.774632453918457,-2.6854512691497803,0.9992939829826355,0.36060830950737,0.8245983123779297,-2.7007761001586914,0.9992796182632446,0.3187045454978943,0.809429943561554,-2.701024293899536,0.999107301235199,0.2861657440662384,0.7896704077720642,-2.7005209922790527,0.9991118311882019,0.6297147870063782,0.6873664855957031,-2.3017678260803223,0.9994701743125916,0.23408667743206024,0.7000188827514648,-2.3728506565093994,0.999455988407135,0.4854676127433777,0.9813321232795715,-2.400277853012085,0.9970071315765381,0.36763542890548706,0.9796544909477234,-2.4217748641967773,0.996811032295227,0.7652853727340698,0.8524028658866882,-1.5504816770553589,0.9901513457298279,0.10296396166086197,0.866956889629364,-1.6843585968017578,0.9832017421722412,0.9803054928779602,1.102365255355835,-1.0028722286224365,0.3006334602832794,0.011523460038006306,1.2282733917236328,-0.9795218706130981,0.2343342900276184,0.7995960116386414,1.134047269821167,-0.7373255491256714,0.09103257209062576,0.17153218388557434,1.0256929397583008,-0.42877665162086487,0.12003107368946075
2,0.4602416157722473,0.9349178671836853,-2.609205722808838,0.9993088841438293,0.5282076597213745,0.8192631602287292,-2.6672401428222656,0.9994499087333679,0.5687333345413208,0.8020288348197937,-2.6666605472564697,0.9994286894798279,0.6004523038864136,0.7831661105155945,-2.66707181930542,0.9994004368782043,0.389451265335083,0.8299787640571594,-2.6748785972595215,0.9993860125541687,0.3482571542263031,0.8148535490036011,-2.675189733505249,0.9992396831512451,0.31411728262901306,0.7955941557884216,-2.6747145652770996,0.9992374181747437,0.6481112241744995,0.6869527697563171,-2.2489635944366455,0.9995754957199097,0.25838977098464966,0.7028337717056274,-2.279111862182617,0.9995691776275635,0.5238701701164246,0.9816898107528687,-2.3726534843444824,0.997212827205658,0.4059029221534729,0.9807509183883667,-2.3840672969818115,0.9971060156822205,0.7933276295661926,0.8449169397354126,-1.526760220527649,0.9899438619613647,0.14139863848686218,0.8609438538551331,-1.5364071130752563,0.9842578768730164,0.9787278175354004,1.0759050846099854,-1.3093980550765991,0.3305680453777313,0.033262819051742554,1.0321372747421265,-0.8722172975540161,0.2474229335784912,0.7892431020736694,1.0347254276275635,-1.4692012071609497,0.11398312449455261,0.15058913826942444,1.043503999710083,-0.8134724497795105,0.13113337755203247
2,0.47596120834350586,0.9351529479026794,-2.9760289192199707,0.9995035529136658,0.5377784967422485,0.8213551640510559,-3.0254673957824707,0.9995996356010437,0.5772360563278198,0.8034211993217468,-3.024758815765381,0.9995886087417603,0.6122701168060303,0.7831336259841919,-3.025315761566162,0.9995597004890442,0.39602071046829224,0.8230273127555847,-3.0290043354034424,0.999556303024292,0.35392001271247864,0.8073896169662476,-3.0293476581573486,0.9994494318962097,0.3221276104450226,0.788894772529602,-3.0286827087402344,0.9994419813156128,0.6752938032150269,0.6853018403053284,-2.5537123680114746,0.9996961951255798,0.27366870641708374,0.7031051516532898,-2.576570987701416,0.9997082352638245,0.53428715467453,0.9833680987358093,-2.7189555168151855,0.9976126551628113,0.41379308700561523,0.9756453037261963,-2.7278478145599365,0.9975833296775818,0.8243895769119263,0.8569860458374023,-1.665780782699585,0.9894660711288452,0.16266384720802307,0.8325178623199463,-1.7787268161773682,0.9860852956771851,1.0074913501739502,1.112472653388977,-0.9486939311027527,0.32066041231155396,0.010846780613064766,0.9633707404136658,-0.7723737359046936,0.2592366933822632,0.8434172868728638,1.1129926443099976,-0.4707956314086914,0.12523925304412842,0.11031229794025421,1.0409165620803833,0.034670423716306686,0.13315650820732117
2,0.48742765188217163,0.9171434044837952,-3.0019454956054688,0.9995471835136414,0.5356475114822388,0.7895272374153137,-3.040234088897705,0.9996437430381775,0.5687836408615112,0.7712381482124329,-3.03973388671875,0.9996362924575806,0.6001509428024292,0.7504106760025024,-3.040255069732666,0.9996129870414734,0.4048474431037903,0.8038485646247864,-3.056072473526001,0.9995899200439453,0.36253076791763306,0.7914795279502869,-3.0563344955444336,0.9994758367538452,0.3309461772441864,0.7756637334823608,-3.0556178092956543,0.9994608163833618,0.6574235558509827,0.6637658476829529,-2.5547890663146973,0.9997251629829407,0.2777737081050873,0.7010175585746765,-2.622255802154541,0.9997202754020691,0.5380743741989136,0.970048189163208,-2.7429800033569336,0.9973365664482117,0.42388683557510376,0.9720700979232788,-2.7642910480499268,0.9971588850021362,0.8139174580574036,0.8625754117965698,-1.7549365758895874,0.9885979890823364,0.158069908618927,0.8498771786689758,-1.7948105335235596,0.980981171131134,1.0091495513916016,1.2379124164581299,-1.2176437377929688,0.28621092438697815,0.01996934786438942,1.244526982307434,-0.7898970246315002,0.23304542899131775,0.9252540469169617,1.4400607347488403,-1.1282131671905518,0.11901020258665085,0.11750088632106781,1.143660068511963,-0.053116343915462494,0.12388931214809418
2,0.380524605512619,0.7334405183792114,-2.3578040599823,0.9993715286254883,0.4370170533657074,0.6369076371192932,-2.401376247406006,0.9994324445724487,0.4757624566555023,0.6275463104248047,-2.401456356048584,0.9994109272956848,0.5060089826583862,0.6156572699546814,-2.4022223949432373,0.999471127986908,0.3341237008571625,0.6365514397621155,-2.362997531890869,0.9993146061897278,0.3119827210903168,0.6281532049179077,-2.363248109817505,0.9990797638893127,0.29051631689071655,0.6180170774459839,-2.3631374835968018,0.9990362524986267,0.5573622584342957,0.5611242651939392,-2.0258753299713135,0.9996359944343567,0.26656967401504517,0.5578986406326294,-1.8360799551010132,0.9991915225982666,0.45584917068481445,0.8128882646560669,-2.1574676036834717,0.9976195096969604,0.34790152311325073,0.8054111003875732,-2.105548620223999,0.9968317747116089,0.7540997266769409,0.8480836153030396,-1.4978410005569458,0.9905974268913269,0.14543074369430542,0.8244722485542297,-1.008010745048523,0.9781339168548584,0.9615480303764343,1.261857271194458,-1.3234832286834717,0.3123224675655365,0.009676439687609673,1.282928466796875,-0.5764760375022888,0.16415777802467346,0.9716531038284302,1.6788171529769897,-1.3926854133605957,0.08921351283788681,0.08739165961742401,1.2556966543197632,-0.7809618711471558,0.08872751146554947
2,0.39507293701171875,0.6579977869987488,-2.442046642303467,0.9994444251060486,0.4509139657020569,0.5511811971664429,-2.4693374633789062,0.9994485378265381,0.4896121919155121,0.5439447164535522,-2.469181537628174,0.9994140267372131,0.5170034766197205,0.5374177098274231,-2.469818592071533,0.9994653463363647,0.3443232476711273,0.5557504296302795,-2.4466683864593506,0.9993680715560913,0.3227749168872833,0.5508702397346497,-2.446469306945801,0.9991773962974548,0.30362486839294434,0.5463275909423828,-2.4462168216705322,0.9991517066955566,0.5584174990653992,0.5126484036445618,-2.041555881500244,0.9996407628059387,0.2825872302055359,0.5254936814308167,-1.9092029333114624,0.9992944598197937,0.46429309248924255,0.728758692741394,-2.2247860431671143,0.9982841610908508,0.3545435667037964,0.7327696084976196,-2.196282386779785,0.9977485537528992,0.7521072626113892,0.8083760738372803,-1.4187144041061401,0.9928492307662964,0.14798231422901154,0.8204639554023743,-1.1456574201583862,0.9842275977134705,0.9499794244766235,1.258510708808899,-1.1726901531219482,0.353443443775177,0.008994242176413536,1.3053885698318481,-0.5385395288467407,0.15407562255859375,0.9613838195800781,1.68215012550354,-1.2645533084869385,0.07297930121421814,0.019970204681158066,1.6037594079971313,-0.7555874586105347,0.072749562561512
2,0.40478986501693726,0.6337442398071289,-2.4753336906433105,0.9995328187942505,0.457022100687027,0.5181148648262024,-2.47969388961792,0.9994611740112305,0.4923836290836334,0.5123289227485657,-2.4794723987579346,0.9994203448295593,0.517606258392334,0.5071122050285339,-2.4799296855926514,0.9994473457336426,0.3509107232093811,0.5251343250274658,-2.4567556381225586,0.9994247555732727,0.32798391580581665,0.5222532153129578,-2.4564425945281982,0.9993026256561279,0.3089137077331543,0.5191754698753357,-2.456301689147949,0.999290943145752,0.5558096170425415,0.49041885137557983,-2.0276951789855957,0.9996099472045898,0.28666508197784424,0.5009004473686218,-1.8988968133926392,0.999415934085846,0.47044605016708374,0.7041022181510925,-2.265812397003174,0.9988911151885986,0.3574315011501312,0.7081061005592346,-2.228241443634033,0.9986158013343811,0.7568792104721069,0.8114417791366577,-1.4738142490386963,0.9944191575050354,0.14566044509410858,0.833464503288269,-1.1841949224472046,0.9894977807998657,0.963191032409668,1.267099380493164,-1.1988742351531982,0.3643593192100525,0.006650279276072979,1.3670076131820679,-0.7780815958976746,0.16427560150623322,0.9752427935600281,1.7160128355026245,-1.2604281902313232,0.055111367255449295,0.023537078872323036,1.634285569190979,-1.0858867168426514,0.05807005986571312
2,0.4388832151889801,0.6570832133293152,-2.3858280181884766,0.9995654225349426,0.4924592971801758,0.5500016808509827,-2.3842215538024902,0.999423086643219,0.5197903513908386,0.5438618063926697,-2.383992910385132,0.999392569065094,0.5432009100914001,0.5391124486923218,-2.384270429611206,0.9993899464607239,0.39032965898513794,0.5543098449707031,-2.3704700469970703,0.9994189739227295,0.35821717977523804,0.5459657907485962,-2.370124578475952,0.9993528723716736,0.33566969633102417,0.5364475250244141,-2.3698861598968506,0.9993443489074707,0.586790919303894,0.5143541693687439,-1.947513222694397,0.9995696544647217,0.30886754393577576,0.5023421049118042,-1.8489434719085693,0.9994938373565674,0.4878164827823639,0.7309176921844482,-2.173612594604492,0.9992712140083313,0.3804539740085602,0.7295801639556885,-2.147024631500244,0.9991624355316162,0.771304190158844,0.8149728178977966,-1.3734081983566284,0.995592474937439,0.15811729431152344,0.8204654455184937,-1.1478111743927002,0.9933326244354248,0.9596023559570312,1.2639647722244263,-1.0424392223358154,0.3518155515193939,0.018016118556261063,1.3194639682769775,-0.5334621667861938,0.1718682497739792,0.9403213262557983,1.716677188873291,-1.1087713241577148,0.04006427153944969,0.03284928947687149,1.618516445159912,-0.5552006959915161,0.04419577494263649
2,0.44516339898109436,0.6771162152290344,-2.3529651165008545,0.9992677569389343,0.4993099272251129,0.5800891518592834,-2.379819393157959,0.9991012215614319,0.5270496606826782,0.5726848840713501,-2.379844903945923,0.9990236759185791,0.5522059202194214,0.565190851688385,-2.3806281089782715,0.9990537166595459,0.3958575129508972,0.580475926399231,-2.350445508956909,0.9991100430488586,0.36302998661994934,0.5702446699142456,-2.350334644317627,0.9989802241325378,0.3403104841709137,0.559554398059845,-2.3503122329711914,0.9990006685256958,0.5991263389587402,0.5319855809211731,-1.9668489694595337,0.9993935823440552,0.3145541846752167,0.5210128426551819,-1.8112413883209229,0.9992527961730957,0.4935454726219177,0.7513266205787659,-2.1475911140441895,0.999077558517456,0.387078195810318,0.7494636178016663,-2.105064868927002,0.999026358127594,0.7697914242744446,0.8058936595916748,-1.4283268451690674,0.9951983094215393,0.16998299956321716,0.8093734383583069,-1.0245997905731201,0.9932870864868164,0.9630810618400574,1.2509032487869263,-1.166290283203125,0.3712798058986664,0.008066081441938877,1.0656991004943848,-0.41626372933387756,0.14946326613426208,0.948837161064148,1.7020375728607178,-1.2100781202316284,0.03547079488635063,0.06106806546449661,1.5351605415344238,-0.4687701165676117,0.0382726788520813
2,0.4440760016441345,0.7260419726371765,-2.513777494430542,0.9989877343177795,0.49850741028785706,0.6244103908538818,-2.5515387058258057,0.9988641738891602,0.5265969038009644,0.6160967350006104,-2.551555871963501,0.9987382888793945,0.5514581203460693,0.6058874726295471,-2.5522537231445312,0.9988088011741638,0.38970479369163513,0.6275893449783325,-2.5228829383850098,0.9989029169082642,0.360016793012619,0.6218124032020569,-2.523212194442749,0.9987083673477173,0.33849069476127625,0.6142833828926086,-2.523279905319214,0.9987544417381287,0.5977599620819092,0.5543836355209351,-2.1434969902038574,0.9992942810058594,0.3136547803878784,0.5712706446647644,-1.9990711212158203,0.9990653991699219,0.4939654469490051,0.802756130695343,-2.3016910552978516,0.9988415837287903,0.39052462577819824,0.8071749806404114,-2.262672185897827,0.9988154768943787,0.7680419087409973,0.8054016828536987,-1.5511282682418823,0.9946423768997192,0.1712360382080078,0.8172410726547241,-1.1505639553070068,0.9926907420158386,0.9610759019851685,1.242560863494873,-1.3375027179718018,0.3716254234313965,0.017641525715589523,1.2989577054977417,-0.7936586141586304,0.13129620254039764,0.9141052961349487,1.6183202266693115,-1.4426562786102295,0.03270256891846657,0.09816661477088928,1.3839274644851685,-1.067611813545227,0.03746631741523743
2,0.4403741955757141,0.7561609148979187,-2.2949509620666504,0.9991811513900757,0.49622082710266113,0.6498036980628967,-2.307543992996216,0.9991015791893005,0.526036262512207,0.6391136646270752,-2.3076133728027344,0.999018669128418,0.5511124730110168,0.627155601978302,-2.3085310459136963,0.9990666508674622,0.382662832736969,0.6574272513389587,-2.29196834564209,0.9990941286087036,0.3548964858055115,0.6520698666572571,-2.291806697845459,0.99892657995224,0.33342939615249634,0.6454276442527771,-2.2922980785369873,0.9989285469055176,0.5992211103439331,0.5632829070091248,-1.9712207317352295,0.9994499087333679,0.30163949728012085,0.5870793461799622,-1.8587472438812256,0.9992197751998901,0.49310073256492615,0.8263818621635437,-2.0779881477355957,0.998961329460144,0.3906456232070923,0.8319864273071289,-2.0497756004333496,0.9987753033638,0.7673906683921814,0.809149980545044,-1.3910646438598633,0.9950332045555115,0.17106518149375916,0.8053842782974243,-1.0242778062820435,0.99247807264328,0.9586924314498901,1.2373242378234863,-1.208832025527954,0.33782461285591125,0.010838878341019154,1.020215630531311,-0.6108752489089966,0.12377719581127167,0.892844021320343,1.5006203651428223,-1.3663133382797241,0.035452086478471756,0.08259531110525131,1.043868899345398,-0.6686819195747375,0.05072122439742088
2,0.4213372766971588,0.7693619132041931,-2.361069917678833,0.9993832111358643,0.475468248128891,0.6650251150131226,-2.4013028144836426,0.9993268251419067,0.5123303532600403,0.6528550386428833,-2.4013001918792725,0.9992783069610596,0.5404149293899536,0.639381468296051,-2.401914119720459,0.9993200898170471,0.35979458689689636,0.6706140637397766,-2.3729400634765625,0.9992737770080566,0.3356556296348572,0.6643915176391602,-2.373236894607544,0.9991176724433899,0.31449416279792786,0.6568059921264648,-2.3728950023651123,0.9990935325622559,0.5940282940864563,0.5664520263671875,-2.0030317306518555,0.9995943903923035,0.2864256501197815,0.5903453230857849,-1.858148217201233,0.9993127584457397,0.4880245625972748,0.8354771733283997,-2.1482317447662354,0.9990591406822205,0.38261085748672485,0.8410762548446655,-2.1091408729553223,0.9986615180969238,0.7641141414642334,0.8160208463668823,-1.4345955848693848,0.9958280324935913,0.171916201710701,0.8185634613037109,-1.0264912843704224,0.9919571280479431,0.9759829640388489,1.2332217693328857,-1.3387713432312012,0.34106600284576416,0.005099511705338955,1.0169789791107178,-0.5949035286903381,0.1246655285358429,0.9290491342544556,1.4936929941177368,-1.6327831745147705,0.04320907220244408,0.07878901809453964,1.0127205848693848,-0.6591225862503052,0.07827255129814148
2,0.38432663679122925,0.7685521245002747,-2.2438058853149414,0.999356746673584,0.4427906572818756,0.6679396033287048,-2.284275770187378,0.9993349313735962,0.48593467473983765,0.6558637619018555,-2.284160614013672,0.9993262887001038,0.5180349349975586,0.642055094242096,-2.284741163253784,0.9993665218353271,0.3331087529659271,0.6708567142486572,-2.259054660797119,0.9991652965545654,0.3106682002544403,0.663460373878479,-2.2593345642089844,0.9989294409751892,0.2891817092895508,0.6544977426528931,-2.259031295776367,0.9988386631011963,0.5747953057289124,0.5706496834754944,-1.8968356847763062,0.9996181130409241,0.26966404914855957,0.5877144932746887,-1.7651084661483765,0.9991463422775269,0.46572571992874146,0.8391438722610474,-2.039336681365967,0.9986051917076111,0.35423657298088074,0.8388458490371704,-2.004422664642334,0.9974242448806763,0.7629440426826477,0.8245992660522461,-1.3298991918563843,0.9948052167892456,0.1673131138086319,0.8248708248138428,-1.0416905879974365,0.9859896302223206,0.9906190633773804,1.2508708238601685,-1.2640092372894287,0.3714199960231781,0.01294603943824768,1.025983452796936,-0.6112518906593323,0.1378500759601593,0.9611364603042603,1.5270330905914307,-1.5846621990203857,0.07290273159742355,0.04879917949438095,0.9229943752288818,-0.5903444290161133,0.11272233724594116
2,0.3853915333747864,0.7734684348106384,-2.461465358734131,0.9994687438011169,0.4428800940513611,0.6717233657836914,-2.496764659881592,0.9994565844535828,0.4849023222923279,0.6585620641708374,-2.496654987335205,0.9994534254074097,0.5159659385681152,0.6436029076576233,-2.497206687927246,0.9994844198226929,0.3295019567012787,0.6749083995819092,-2.476619243621826,0.9992830157279968,0.3060067892074585,0.6671622395515442,-2.476768732070923,0.999054491519928,0.2834281325340271,0.6571387648582458,-2.4763550758361816,0.99895840883255,0.5706654787063599,0.5713673233985901,-2.0442376136779785,0.9996830224990845,0.2573699653148651,0.589769184589386,-1.9518810510635376,0.9992074370384216,0.465737521648407,0.8451835513114929,-2.239842176437378,0.9986817240715027,0.35390764474868774,0.8424656987190247,-2.211862087249756,0.9973989129066467,0.7614732384681702,0.8252784013748169,-1.4228910207748413,0.9945972561836243,0.1672220528125763,0.825439989566803,-1.210270643234253,0.9822801351547241,0.9936408996582031,1.2585225105285645,-1.4214088916778564,0.41974937915802,0.007863341830670834,1.1351803541183472,-0.8831284642219543,0.18397824466228485,0.9688512682914734,1.515723466873169,-1.714651107788086,0.13236351311206818,0.05499175935983658,0.852066695690155,-0.9800227284431458,0.1696917563676834
2,0.3942212462425232,0.7744499444961548,-2.333641290664673,0.9994906187057495,0.44877758622169495,0.6726639866828918,-2.3734254837036133,0.9994962811470032,0.4871729910373688,0.6602416634559631,-2.373291492462158,0.999498724937439,0.5162429213523865,0.6463043093681335,-2.3739371299743652,0.9995288252830505,0.3359556794166565,0.675588071346283,-2.353519916534424,0.9993082284927368,0.3117741048336029,0.6683887839317322,-2.3538527488708496,0.9990807771682739,0.2899961471557617,0.6591123342514038,-2.353498935699463,0.9989805817604065,0.5691320300102234,0.57610684633255,-1.9654664993286133,0.9997006058692932,0.265166699886322,0.5955583453178406,-1.8676093816757202,0.999215841293335,0.46689820289611816,0.8477094769477844,-2.122687578201294,0.998546838760376,0.35997599363327026,0.8466423153877258,-2.095386028289795,0.9970053434371948,0.7615547180175781,0.8280903697013855,-1.3612401485443115,0.9939728379249573,0.16607682406902313,0.8331815004348755,-1.1338493824005127,0.9810751080513,1.003192663192749,1.2680186033248901,-1.2518280744552612,0.37700769305229187,0.04657568037509918,1.2204240560531616,-0.6278772354125977,0.1628454476594925,0.9427124261856079,1.4531959295272827,-1.487531304359436,0.10911110788583755,0.10790207237005234,0.9147652387619019,-0.4803353250026703,0.15210393071174622
2,0.42690032720565796,0.7558950185775757,-2.406954288482666,0.9994762539863586,0.47660356760025024,0.6552290320396423,-2.458111524581909,0.9994843006134033,0.5074063539505005,0.6440737247467041,-2.4581198692321777,0.9994615912437439,0.5325449109077454,0.630885899066925,-2.45881724357605,0.9995049238204956,0.36487147212028503,0.6599306464195251,-2.4249274730682373,0.9993451833724976,0.3365885615348816,0.6532946228981018,-2.4251980781555176,0.9991400241851807,0.3149406313896179,0.6447457671165466,-2.425131320953369,0.9990724325180054,0.5791855454444885,0.5683870315551758,-2.0855653285980225,0.9996936917304993,0.2882322669029236,0.5931289196014404,-1.9217040538787842,0.9992749094963074,0.4832058548927307,0.8266576528549194,-2.20662260055542,0.998781144618988,0.37807899713516235,0.8347440361976624,-2.161503314971924,0.997665524482727,0.7626586556434631,0.8091279864311218,-1.5220409631729126,0.9949429631233215,0.1691148281097412,0.8337575793266296,-1.0360472202301025,0.9857757091522217,0.9721552133560181,1.235719084739685,-1.3460719585418701,0.37689533829689026,0.04224743694067001,1.300106406211853,-0.7287606000900269,0.14481936395168304,0.9532926678657532,1.5916028022766113,-1.5065035820007324,0.08772629499435425,0.10760309547185898,1.2870970964431763,-1.0340498685836792,0.12687896192073822
2,0.45852237939834595,0.7101078629493713,-2.8025455474853516,0.9995275735855103,0.5047659873962402,0.6146103739738464,-2.8234200477600098,0.9995322823524475,0.5305579900741577,0.6072231531143188,-2.823435068130493,0.9994907379150391,0.5547477602958679,0.5983670353889465,-2.8239586353302,0.9995289444923401,0.39767274260520935,0.6143226623535156,-2.8081982135772705,0.9994388222694397,0.3622627854347229,0.6059120297431946,-2.8084778785705566,0.9992703795433044,0.3369891941547394,0.5972966551780701,-2.8082993030548096,0.9992247819900513,0.5901777744293213,0.5580981373786926,-2.354362964630127,0.9996880292892456,0.3041902482509613,0.5700506567955017,-2.275463342666626,0.9993879795074463,0.5008494257926941,0.7859488129615784,-2.5717098712921143,0.9989416599273682,0.39307552576065063,0.7901222705841064,-2.550936460494995,0.9982050061225891,0.7504441142082214,0.8034734129905701,-1.7124779224395752,0.9950186014175415,0.16682226955890656,0.8285855054855347,-1.353699803352356,0.988369882106781,0.945809543132782,1.2113683223724365,-1.453274130821228,0.36988016963005066,0.0239939633756876,1.3021818399429321,-0.6763505339622498,0.13403639197349548,0.9374184608459473,1.57744300365448,-1.5858043432235718,0.07150835543870926,0.08289994299411774,1.405914306640625,-0.6489418148994446,0.1037863940000534
2,0.4423734247684479,0.7046573162078857,-2.403524875640869,0.9994568228721619,0.49345874786376953,0.6086301207542419,-2.4394330978393555,0.9994457364082336,0.5210261344909668,0.6006274819374084,-2.4393653869628906,0.9993767738342285,0.5441330671310425,0.5923254489898682,-2.4400715827941895,0.9994368553161621,0.38737258315086365,0.6112192869186401,-2.40917706489563,0.9993776082992554,0.3563331365585327,0.604152500629425,-2.4091856479644775,0.999194324016571,0.33332696557044983,0.5969366431236267,-2.409123420715332,0.9991705417633057,0.5811110138893127,0.5559930801391602,-2.046565055847168,0.9996325373649597,0.30489179491996765,0.5674466490745544,-1.8913930654525757,0.9993242621421814,0.49482449889183044,0.7750875353813171,-2.2014102935791016,0.9990679621696472,0.38220658898353577,0.7797834277153015,-2.1586356163024902,0.9985372424125671,0.747545599937439,0.8014417886734009,-1.4935932159423828,0.9957027435302734,0.16786186397075653,0.829650342464447,-1.0792680978775024,0.9903647899627686,0.9549824595451355,1.2145655155181885,-1.266498327255249,0.39855292439460754,0.028337512165308,1.223480463027954,-0.5591808557510376,0.1298271268606186,0.9646913409233093,1.6478488445281982,-1.3460776805877686,0.06416482478380203,0.08511332422494888,1.4487299919128418,-0.6219494342803955,0.08492519706487656
2,0.4146738052368164,0.7214000225067139,-2.347187042236328,0.9994155764579773,0.47413983941078186,0.6212215423583984,-2.3900716304779053,0.9993804097175598,0.506797730922699,0.6124983429908752,-2.390021324157715,0.999309778213501,0.5325237512588501,0.6026255488395691,-2.3907017707824707,0.9993792772293091,0.3625636696815491,0.6258562803268433,-2.3572678565979004,0.99932461977005,0.33753371238708496,0.6191630959510803,-2.357421636581421,0.9991368651390076,0.31738197803497314,0.6116557717323303,-2.357297420501709,0.9991150498390198,0.5760180354118347,0.5570698976516724,-2.003450870513916,0.9996086955070496,0.29781848192214966,0.5688095092773438,-1.840264081954956,0.9992581009864807,0.4800851345062256,0.7930123209953308,-2.1448140144348145,0.9991398453712463,0.36927589774131775,0.8000633120536804,-2.10015869140625,0.9987218976020813,0.7475413084030151,0.8045048117637634,-1.4534060955047607,0.9960755109786987,0.16707804799079895,0.8218578100204468,-1.015362024307251,0.991614818572998,0.9532452821731567,1.222836971282959,-1.2778432369232178,0.4116748869419098,0.017176147550344467,1.2676522731781006,-0.6864169239997864,0.11814973503351212,0.9568914175033569,1.6382255554199219,-1.4910272359848022,0.06102551519870758,0.04632202535867691,1.1629213094711304,-1.067808747291565,0.07956136018037796
2,0.3702795207500458,0.7295860052108765,-2.263484239578247,0.999306321144104,0.42823687195777893,0.6279615759849548,-2.295745372772217,0.9992398619651794,0.4673541188240051,0.6194309592247009,-2.2960147857666016,0.9991750717163086,0.49878057837486267,0.609035313129425,-2.29681658744812,0.9992613196372986,0.3284902572631836,0.6322762966156006,-2.2549970149993896,0.9991528391838074,0.3068614602088928,0.6249623894691467,-2.2551779747009277,0.9989245533943176,0.2862820327281952,0.6161120533943176,-2.255067825317383,0.9989120960235596,0.5549324750900269,0.5595584511756897,-1.951523780822754,0.9995241761207581,0.2723742425441742,0.5588448643684387,-1.702649474143982,0.9990557432174683,0.4468737542629242,0.8041257858276367,-2.069016933441162,0.9988020658493042,0.34171539545059204,0.8048833012580872,-2.0132181644439697,0.9982038736343384,0.7555169463157654,0.8162238001823425,-1.4152138233184814,0.9947328567504883,0.16550543904304504,0.8212146759033203,-0.9533011317253113,0.9906870126724243,0.9975686073303223,1.2668119668960571,-1.354631781578064,0.4237588047981262,0.025876905769109726,1.2502899169921875,-0.4499936103820801,0.1213667094707489,0.9363276362419128,1.613107442855835,-1.5909615755081177,0.05858989432454109,0.06336468458175659,1.34368097782135,-0.5063612461090088,0.0819701999425888
2,0.35948020219802856,0.7322472333908081,-2.172177791595459,0.999092698097229,0.4190841317176819,0.624874472618103,-2.223386287689209,0.9990138411521912,0.4603129029273987,0.6140082478523254,-2.223203182220459,0.9988470077514648,0.49261412024497986,0.6028744578361511,-2.2241263389587402,0.9990641474723816,0.31489890813827515,0.6320255398750305,-2.171837329864502,0.998916745185852,0.29138851165771484,0.6245889067649841,-2.1718122959136963,0.9985160827636719,0.2688772976398468,0.6150135397911072,-2.1716864109039307,0.9985949993133545,0.5492389798164368,0.5573587417602539,-1.9221397638320923,0.9993677139282227,0.2561342716217041,0.5539354681968689,-1.6605875492095947,0.9986152648925781,0.4424871802330017,0.8061989545822144,-2.0036091804504395,0.9986774921417236,0.3347734212875366,0.8066303730010986,-1.929581642150879,0.9980320930480957,0.7614566087722778,0.8222888112068176,-1.4386481046676636,0.994945228099823,0.16224290430545807,0.824162483215332,-0.9208189845085144,0.9910500645637512,1.009521484375,1.264780879020691,-1.1890991926193237,0.48562154173851013,0.03231198340654373,1.3112179040908813,-0.3211466073989868,0.12174952775239944,0.9952146410942078,1.6819502115249634,-1.1757450103759766,0.06882962584495544,0.08411920815706253,1.4451695680618286,-0.2898864150047302,0.07770012319087982
2,0.2805061638355255,0.7296897768974304,-2.0042788982391357,0.9991379976272583,0.31690162420272827,0.6132305264472961,-2.0595781803131104,0.9989553689956665,0.3561062514781952,0.5953721404075623,-2.0587844848632812,0.9987946152687073,0.3928150236606598,0.5798408389091492,-2.059335708618164,0.9990411996841431,0.22546890377998352,0.6348607540130615,-1.977055311203003,0.9988096952438354,0.19957296550273895,0.6304572820663452,-1.9757163524627686,0.9983249306678772,0.17700478434562683,0.6242759227752686,-1.9755287170410156,0.9983870387077332,0.45855164527893066,0.5468158721923828,-1.743096947669983,0.9994099736213684,0.18247869610786438,0.5880357623100281,-1.481842041015625,0.9984002709388733,0.3604428172111511,0.7835878133773804,-1.8579305410385132,0.9990171194076538,0.2656278610229492,0.7992249727249146,-1.733486533164978,0.9982929825782776,0.7229217886924744,0.8423315286636353,-1.3798907995224,0.9967787265777588,0.12226203829050064,0.8575208187103271,-0.8898768424987793,0.9931777715682983,0.9695073962211609,1.2901387214660645,-1.3901875019073486,0.5184306502342224,-0.08013282716274261,1.3089789152145386,-0.942866325378418,0.22811955213546753,0.9150034189224243,1.73756742477417,-1.3864614963531494,0.12544794380664825,-0.04626019671559334,0.9097732305526733,-1.4035080671310425,0.3265186846256256
2,0.23720523715019226,0.7306930422782898,-2.041680097579956,0.9990665316581726,0.2817254662513733,0.6132398843765259,-2.1349968910217285,0.9988189339637756,0.32231754064559937,0.5953092575073242,-2.134446859359741,0.9986702799797058,0.3639991879463196,0.5788711309432983,-2.135161876678467,0.9989889860153198,0.1915571540594101,0.6322644352912903,-2.0422558784484863,0.9985464215278625,0.16780772805213928,0.6273588538169861,-2.0416693687438965,0.9978635907173157,0.1477799415588379,0.6213175058364868,-2.0412895679473877,0.9979329705238342,0.44595298171043396,0.5434516072273254,-1.962999939918518,0.9994024038314819,0.16889771819114685,0.5758000612258911,-1.5135761499404907,0.9980899691581726,0.31101125478744507,0.78242427110672,-1.935072898864746,0.9991627335548401,0.2218155860900879,0.7920886874198914,-1.8016999959945679,0.9983245730400085,0.7223874926567078,0.8364094495773315,-1.5712867975234985,0.9974899291992188,0.10863582044839859,0.840948224067688,-0.8988531231880188,0.9937815070152283,0.9978018999099731,1.2787050008773804,-1.4573898315429688,0.568385124206543,-0.10021420568227768,1.2514790296554565,-0.6244396567344666,0.28065747022628784,0.971584141254425,1.741661548614502,-1.2974315881729126,0.1819797307252884,-0.06128116324543953,0.9230636954307556,-0.7956234812736511,0.3975064158439636
2,0.22763065993785858,0.7196763157844543,-1.9119644165039062,0.9987832307815552,0.2759641110897064,0.6045981049537659,-1.9960769414901733,0.9984358549118042,0.31516027450561523,0.5906911492347717,-1.9956022500991821,0.9983664155006409,0.3549290597438812,0.5762403011322021,-1.9961827993392944,0.998725175857544,0.1835317760705948,0.615286111831665,-1.9140255451202393,0.9981771111488342,0.15856078267097473,0.6096770763397217,-1.9132778644561768,0.997445821762085,0.13739944994449615,0.6028571724891663,-1.9129701852798462,0.9973698854446411,0.4422224164009094,0.542620062828064,-1.8076683282852173,0.999230682849884,0.15489256381988525,0.5661486387252808,-1.4148032665252686,0.9978383779525757,0.300763338804245,0.7720905542373657,-1.8061107397079468,0.9991697072982788,0.20813019573688507,0.777982771396637,-1.687678337097168,0.9983333945274353,0.7189947366714478,0.8295417428016663,-1.428644061088562,0.9979020357131958,0.10510015487670898,0.8234526515007019,-0.7808606624603271,0.9947915077209473,0.9865016937255859,1.2552733421325684,-1.2155946493148804,0.5936821103096008,-0.003096103435382247,1.2864689826965332,0.051466893404722214,0.25004324316978455,0.960466206073761,1.713372826576233,-1.0566260814666748,0.21221564710140228,-0.008176876232028008,1.6235822439193726,0.33879154920578003,0.34065306186676025
2,0.22819983959197998,0.7273300886154175,-2.260894298553467,0.9982254505157471,0.2767551839351654,0.6126606464385986,-2.348309278488159,0.9980241656303406,0.31970447301864624,0.5989266037940979,-2.3477845191955566,0.9978011250495911,0.3647933900356293,0.5839254856109619,-2.34859299659729,0.9984341859817505,0.1851692646741867,0.6177788376808167,-2.2667222023010254,0.9977220296859741,0.160214364528656,0.6104124188423157,-2.2662770748138428,0.9966524243354797,0.13901101052761078,0.6024562120437622,-2.265982151031494,0.9968317747116089,0.4477960467338562,0.551297128200531,-2.1755847930908203,0.9989884495735168,0.1549324244260788,0.5619097352027893,-1.7653506994247437,0.9973498582839966,0.3065950274467468,0.8010395765304565,-2.142373561859131,0.9990601539611816,0.20970682799816132,0.7933743596076965,-2.0252809524536133,0.998145341873169,0.7284865379333496,0.840968906879425,-1.733891487121582,0.9979209303855896,0.10708782821893692,0.8245041370391846,-1.0501575469970703,0.9951980710029602,1.0038175582885742,1.2953068017959595,-1.5261626243591309,0.6043213605880737,-0.0127914072945714,1.3532167673110962,-0.20865115523338318,0.2262042611837387,0.9628404378890991,1.7394096851348877,-1.3973830938339233,0.22393329441547394,0.0010638274252414703,1.5081413984298706,-0.030171815305948257,0.2923319339752197
2,0.2930176258087158,0.750994086265564,-2.157998561859131,0.9982970952987671,0.33639198541641235,0.6347336173057556,-2.248440742492676,0.997923731803894,0.3811871409416199,0.6221901178359985,-2.2477824687957764,0.9977740049362183,0.41856032609939575,0.6088027954101562,-2.248426914215088,0.9983096718788147,0.2457471787929535,0.6421703100204468,-2.166238307952881,0.9976622462272644,0.22267761826515198,0.6335608959197998,-2.165468454360962,0.9967667460441589,0.20253682136535645,0.6236919164657593,-2.16511869430542,0.9968795776367188,0.4896777272224426,0.5623504519462585,-2.1042609214782715,0.9989122748374939,0.19996339082717896,0.5710671544075012,-1.6820876598358154,0.9974237084388733,0.3833882212638855,0.8331108689308167,-2.049595832824707,0.9991113543510437,0.2790135443210602,0.8215574622154236,-1.9290688037872314,0.9982745051383972,0.7567841410636902,0.8414128422737122,-1.6746978759765625,0.9981055855751038,0.11455551534891129,0.8205710649490356,-1.0278959274291992,0.9962511658668518,1.0057032108306885,1.2989623546600342,-1.314789891242981,0.5895594954490662,0.019941125065088272,1.384680986404419,-0.15585419535636902,0.20405462384223938,0.9382882118225098,1.7800077199935913,-1.0760761499404907,0.18229283392429352,0.04101049154996872,1.7776376008987427,0.07152547687292099,0.2074427604675293
2,0.40256109833717346,0.7598059773445129,-2.3004071712493896,0.9986773729324341,0.4618924558162689,0.650505781173706,-2.3613393306732178,0.9983704090118408,0.4958917200565338,0.6403303146362305,-2.360482692718506,0.9982558488845825,0.5243181586265564,0.6295487284660339,-2.361085891723633,0.9986565709114075,0.34662479162216187,0.6582853198051453,-2.324540615081787,0.9981816411018372,0.3173677325248718,0.6528719067573547,-2.3236656188964844,0.9975029230117798,0.295576810836792,0.6457590460777283,-2.3231921195983887,0.9975834488868713,0.573570728302002,0.571598470211029,-2.049023389816284,0.9991394877433777,0.27140671014785767,0.5891203284263611,-1.8475288152694702,0.9980267882347107,0.46598705649375916,0.8335647583007812,-2.1273350715637207,0.9993098378181458,0.36216309666633606,0.83241206407547,-2.070070743560791,0.9986847043037415,0.7627502679824829,0.8358608484268188,-1.4529311656951904,0.9984170198440552,0.1282448023557663,0.8272317051887512,-1.1648184061050415,0.9970598816871643,0.9925783276557922,1.309440016746521,-1.0714937448501587,0.5474262237548828,0.037026297301054,1.4113402366638184,-0.38871803879737854,0.1959363967180252,0.9381644129753113,1.7817407846450806,-0.8413194417953491,0.14456285536289215,0.06736033409833908,1.7353765964508057,-0.30875828862190247,0.16142937541007996
2,0.4449467062950134,0.7608855366706848,-2.7095870971679688,0.9987925887107849,0.4998827874660492,0.6527713537216187,-2.7656028270721436,0.9985340237617493,0.5311238765716553,0.6429704427719116,-2.7654314041137695,0.9983835816383362,0.5594273209571838,0.6324380040168762,-2.766178607940674,0.9987319707870483,0.39120644330978394,0.6583870649337769,-2.742933511734009,0.9984115958213806,0.35957765579223633,0.6524230241775513,-2.7430193424224854,0.9978359937667847,0.335006445646286,0.644763171672821,-2.742915391921997,0.9979410767555237,0.6007169485092163,0.5739757418632507,-2.4035611152648926,0.9991735219955444,0.30314767360687256,0.5882447957992554,-2.2815871238708496,0.9983288049697876,0.4938967823982239,0.835022509098053,-2.508284091949463,0.999237060546875,0.3968745470046997,0.8347570300102234,-2.4753527641296387,0.9987698793411255,0.7853820323944092,0.8341345191001892,-1.7554601430892944,0.9974327087402344,0.1471380889415741,0.8247001767158508,-1.394127607345581,0.9967198371887207,0.9893781542778015,1.268916368484497,-1.179408073425293,0.5081771612167358,0.022422732785344124,1.3553897142410278,-0.5222609043121338,0.18940848112106323,0.9497066736221313,1.7192121744155884,-0.8193793296813965,0.11274174600839615,0.06830032169818878,1.5865620374679565,-0.13433484733104706,0.13119369745254517
2,0.47656184434890747,0.7611545920372009,-3.0009498596191406,0.9989075660705566,0.5372735261917114,0.6533991694450378,-3.042846202850342,0.9987066984176636,0.5702193379402161,0.6442431211471558,-3.0425591468811035,0.9985127449035645,0.6001719832420349,0.63382488489151,-3.043236255645752,0.9988049864768982,0.43186044692993164,0.6555732488632202,-3.0291733741760254,0.9986540675163269,0.39852797985076904,0.6470491886138916,-3.029426097869873,0.9981811046600342,0.3709017336368561,0.6364933252334595,-3.0293962955474854,0.9982966780662537,0.6476244330406189,0.5761830806732178,-2.624380111694336,0.9991590976715088,0.32964569330215454,0.5768795013427734,-2.5514938831329346,0.9986498355865479,0.516358494758606,0.8407930135726929,-2.779500722885132,0.9990240931510925,0.41656628251075745,0.8368076086044312,-2.760683536529541,0.9987708330154419,0.8054386973381042,0.8340229392051697,-1.9080699682235718,0.9951474070549011,0.15857148170471191,0.8269818425178528,-1.6277250051498413,0.9957045912742615,0.9728382229804993,1.234292984008789,-1.1652534008026123,0.4542710483074188,-0.01048931572586298,1.3380753993988037,-0.7568457126617432,0.1872776597738266,0.9255682826042175,1.5824934244155884,-0.6250534653663635,0.0908471941947937,0.07889878004789352,1.5557514429092407,-0.44068264961242676,0.10870880633592606
2,0.5513425469398499,0.7613049149513245,-3.137669801712036,0.9990236163139343,0.6154153943061829,0.6552550196647644,-3.1567211151123047,0.9989004135131836,0.6485978960990906,0.6484236121177673,-3.156236171722412,0.998742938041687,0.6768413186073303,0.640326738357544,-3.1568589210510254,0.9989043474197388,0.5081801414489746,0.6491266489028931,-3.163285493850708,0.9988869428634644,0.470431387424469,0.6346439123153687,-3.1637730598449707,0.9985510110855103,0.4361506998538971,0.6187337636947632,-3.163499355316162,0.9986265301704407,0.7157459855079651,0.5925571322441101,-2.6538562774658203,0.9992027282714844,0.3746545612812042,0.5602658987045288,-2.673370838165283,0.998998761177063,0.5771279335021973,0.8467086553573608,-2.878617525100708,0.9981826543807983,0.4855766296386719,0.8347991108894348,-2.8905606269836426,0.9982227087020874,0.8290481567382812,0.8421907424926758,-1.8828456401824951,0.9870119690895081,0.19331631064414978,0.8237346410751343,-1.7529780864715576,0.9914080500602722,0.9854059219360352,1.1525295972824097,-1.102073311805725,0.3542337119579315,-0.0030533696990460157,1.23969304561615,-0.9785003662109375,0.17546990513801575,0.8909848928451538,1.149223804473877,-0.6659489274024963,0.07238227874040604,0.11661498248577118,1.1986793279647827,-0.5934113264083862,0.08810874074697495
2,0.5731329321861267,0.7621496915817261,-3.300546169281006,0.9991336464881897,0.6331333518028259,0.6567631363868713,-3.3156790733337402,0.9990225434303284,0.6642444133758545,0.6508517861366272,-3.3154091835021973,0.9988665580749512,0.6909170150756836,0.6435443162918091,-3.31605863571167,0.998987078666687,0.5285097360610962,0.6473103761672974,-3.332967758178711,0.9990267753601074,0.4901914596557617,0.6320275664329529,-3.333409070968628,0.9987504482269287,0.45516452193260193,0.6160049438476562,-3.3332951068878174,0.9988123178482056,0.7246458530426025,0.5989221930503845,-2.8032383918762207,0.9992319941520691,0.38472598791122437,0.5602985620498657,-2.884459972381592,0.999153733253479,0.591009259223938,0.8498031497001648,-3.0493674278259277,0.9983296394348145,0.5008030533790588,0.8362985849380493,-3.0748753547668457,0.9984341859817505,0.8317168951034546,0.8453000783920288,-2.0107340812683105,0.9874799847602844,0.18837492167949677,0.8238672614097595,-1.9399769306182861,0.9915083050727844,0.9762048721313477,1.2137439250946045,-1.2330982685089111,0.32261908054351807,-0.0019746609032154083,1.2676494121551514,-1.2681355476379395,0.17077092826366425,0.9197404980659485,1.5073097944259644,-0.8410761952400208,0.06350857019424438,0.10612601041793823,1.570681095123291,-1.1707851886749268,0.07657324522733688
2,0.6443236470222473,0.7661178708076477,-2.811098098754883,0.9992237687110901,0.6987065672874451,0.665617823600769,-2.8482179641723633,0.9991024732589722,0.7259848117828369,0.6621109247207642,-2.847444772720337,0.9989309310913086,0.7470765113830566,0.65761798620224,-2.848067045211792,0.9990271925926208,0.5963841676712036,0.6496770977973938,-2.885761260986328,0.9991389513015747,0.5605366826057434,0.6337592005729675,-2.8853867053985596,0.9989071488380432,0.5270113945007324,0.6171160340309143,-2.885410785675049,0.9989675283432007,0.7667967081069946,0.6198520660400391,-2.446091651916504,0.9992445707321167,0.4353539049625397,0.5644873976707458,-2.6206095218658447,0.999284029006958,0.664772093296051,0.8500796556472778,-2.6034858226776123,0.9985842108726501,0.570932924747467,0.8387935161590576,-2.651427745819092,0.9986968040466309,0.8489378690719604,0.8375900983810425,-1.7809797525405884,0.9892685413360596,0.20204691588878632,0.8229446411132812,-1.877240777015686,0.9928107857704163,0.9879754781723022,1.2331122159957886,-0.9806324243545532,0.3136241137981415,-0.005177719984203577,1.0951178073883057,-1.3322497606277466,0.24189643561840057,0.9578383564949036,1.6609700918197632,-0.49350136518478394,0.056511469185352325,0.06501443684101105,1.7216144800186157,-1.0998320579528809,0.07819967716932297
2,0.6718763113021851,0.7828436493873596,-2.653090476989746,0.9991990327835083,0.7210683226585388,0.6831316351890564,-2.6806159019470215,0.999019205570221,0.7453137636184692,0.679191529750824,-2.68017840385437,0.9987125992774963,0.7655690908432007,0.6735626459121704,-2.6808218955993652,0.9988191723823547,0.6308566927909851,0.6672489643096924,-2.7278976440429688,0.9991775155067444,0.5942528247833252,0.6498388648033142,-2.72778582572937,0.9989721179008484,0.5599971413612366,0.6308184862136841,-2.7278339862823486,0.9990576505661011,0.7770916223526001,0.6312494277954102,-2.266129493713379,0.9990259408950806,0.45996832847595215,0.5789393782615662,-2.446103572845459,0.9994035363197327,0.6811271905899048,0.855143666267395,-2.4407498836517334,0.9987931847572327,0.590612530708313,0.8507707715034485,-2.5010032653808594,0.998970091342926,0.8499471545219421,0.8116338849067688,-1.602524995803833,0.9914023280143738,0.20828180015087128,0.8421354293823242,-1.7800941467285156,0.9943487644195557,0.9926002621650696,1.1261374950408936,-0.7096701264381409,0.3065376281738281,-0.006080544088035822,1.1350280046463013,-1.1859605312347412,0.35274526476860046,0.968664288520813,1.6454827785491943,-0.1099221333861351,0.05500095337629318,0.03630916401743889,1.7525537014007568,-0.7039035558700562,0.08309462666511536
1,0.4817888140678406,0.5099228024482727,-1.3745992183685303,0.9991409182548523,0.5103340148925781,0.44725891947746277,-1.27974534034729,0.9987404942512512,0.5263308882713318,0.45257458090782166,-1.280328631401062,0.9987179636955261,0.5406395196914673,0.45870837569236755,-1.2806211709976196,0.9986686110496521,0.4486564099788666,0.43463608622550964,-1.293042778968811,0.998664379119873,0.42414379119873047,0.43298372626304626,-1.2927467823028564,0.9987030029296875,0.40067633986473083,0.43244320154190063,-1.293262243270874,0.9987191557884216,0.5591892600059509,0.4891558885574341,-0.6499849557876587,0.99864262342453,0.364069402217865,0.4696783423423767,-0.7271476984024048,0.9988182187080383,0.5095626711845398,0.5946009159088135,-1.1441080570220947,0.9993000030517578,0.43269452452659607,0.5876306295394897,-1.163658618927002,0.9993051886558533,0.6983311176300049,0.8529297709465027,-0.30716437101364136,0.9919604659080505,0.17873252928256989,0.8835999965667725,-0.3338205814361572,0.9799890518188477,0.8431137800216675,1.233040690422058,-0.35945603251457214,0.17429254949092865,0.10388727486133575,1.3004213571548462,-0.5047515034675598,0.1849740743637085,0.8240969777107239,1.5459502935409546,-0.971287727355957,0.04158531129360199,0.13536818325519562,1.1821783781051636,-1.4426759481430054,0.07321251928806305
1,0.43236199021339417,0.554939866065979,-1.439749836921692,0.999252200126648,0.465270459651947,0.49678003787994385,-1.3641767501831055,0.9988524317741394,0.4855300486087799,0.5002660155296326,-1.364558458328247,0.9987984299659729,0.5001150965690613,0.5022680163383484,-1.3648743629455566,0.9987978935241699,0.39957529306411743,0.4813784062862396,-1.3658130168914795,0.998756468296051,0.3777218759059906,0.47682812809944153,-1.3651018142700195,0.9987480044364929,0.3565480709075928,0.4749505817890167,-1.3655246496200562,0.9987859725952148,0.5212264060974121,0.5195522904396057,-0.7892938256263733,0.998729407787323,0.33208733797073364,0.5002657771110535,-0.7790442109107971,0.99876868724823,0.4681859612464905,0.6322194933891296,-1.22012197971344,0.9993916153907776,0.38833391666412354,0.6283702254295349,-1.2178537845611572,0.9993368983268738,0.6653685569763184,0.8532543778419495,-0.4085456430912018,0.992790162563324,0.16290412843227386,0.8859860301017761,-0.3601628839969635,0.9834522604942322,0.8231644630432129,1.2273926734924316,-0.34503084421157837,0.19559185206890106,0.09169010818004608,1.287042498588562,-0.3405899405479431,0.19681353867053986,0.8382984399795532,1.5987963676452637,-0.9335923194885254,0.0462673120200634,0.09960801899433136,1.5061818361282349,-1.1325373649597168,0.08856870234012604
1,0.45051732659339905,0.6120099425315857,-1.4322292804718018,0.9994565844535828,0.47426843643188477,0.5446746945381165,-1.374424695968628,0.9991570115089417,0.49100154638290405,0.5453166961669922,-1.3746240139007568,0.9990648031234741,0.5087785124778748,0.5456835031509399,-1.3753148317337036,0.9990989565849304,0.4163743555545807,0.5394354462623596,-1.3912831544876099,0.9990949630737305,0.3923184871673584,0.5371529459953308,-1.3903592824935913,0.9990411996841431,0.37141960859298706,0.5349004864692688,-1.3904924392700195,0.999097466468811,0.5299978256225586,0.5565934777259827,-0.8198949098587036,0.999049186706543,0.33477357029914856,0.5435457229614258,-0.8747389912605286,0.9991134405136108,0.4776903986930847,0.6814256310462952,-1.2091338634490967,0.9995906949043274,0.4078028202056885,0.6847687363624573,-1.2236510515213013,0.9995507001876831,0.6668263673782349,0.8573375344276428,-0.40362048149108887,0.9958773851394653,0.18750619888305664,0.8926153182983398,-0.4690738618373871,0.9910559058189392,0.8129316568374634,1.2310985326766968,-0.260833203792572,0.24128340184688568,0.11362816393375397,1.3294041156768799,-0.4517086148262024,0.23937033116817474,0.8224096298217773,1.6009581089019775,-0.7348067760467529,0.050119150429964066,0.12849293649196625,1.5619601011276245,-1.23606276512146,0.08952278643846512
1,0.45805874466896057,0.6403897404670715,-1.3988231420516968,0.9995982646942139,0.4817903935909271,0.5697739124298096,-1.3439298868179321,0.9993935823440552,0.49732786417007446,0.5691701769828796,-1.3441334962844849,0.9993420243263245,0.514187216758728,0.568489670753479,-1.3446561098098755,0.9993572235107422,0.42616838216781616,0.5656854510307312,-1.3510253429412842,0.9993279576301575,0.40222424268722534,0.5634287595748901,-1.3503080606460571,0.9992855191230774,0.38151925802230835,0.5611717104911804,-1.3504364490509033,0.9992877840995789,0.5342609286308289,0.572077751159668,-0.7977361083030701,0.9993911385536194,0.3430469036102295,0.5629201531410217,-0.8242326974868774,0.9993446469306946,0.4836251139640808,0.7071701884269714,-1.181036353111267,0.9997173547744751,0.41525810956954956,0.7102758884429932,-1.1870249509811401,0.9996651411056519,0.6715608239173889,0.8645922541618347,-0.3926289677619934,0.9975936412811279,0.19257178902626038,0.8900159001350403,-0.43674468994140625,0.9934518933296204,0.8130165338516235,1.2563278675079346,-0.26789388060569763,0.27588874101638794,0.11624039709568024,1.3166096210479736,-0.4803125858306885,0.21287253499031067,0.8209748268127441,1.62127685546875,-0.7386552095413208,0.061223942786455154,0.1059630960226059,1.499698519706726,-1.3457773923873901,0.08960619568824768
1,0.2780455946922302,0.7744864821434021,-1.1737624406814575,0.9987359046936035,0.28176265954971313,0.6909021139144897,-1.2364039421081543,0.9979669451713562,0.2994353175163269,0.6744339466094971,-1.2365881204605103,0.9982768297195435,0.3178458511829376,0.6570159196853638,-1.2372066974639893,0.9982295632362366,0.24260374903678894,0.7161926627159119,-1.143268346786499,0.9973064661026001,0.23272860050201416,0.716431736946106,-1.1423972845077515,0.9972526431083679,0.22367623448371887,0.716424822807312,-1.1423799991607666,0.9967224597930908,0.38852325081825256,0.6062878966331482,-1.0365955829620361,0.9990236759185791,0.2563512623310089,0.6832659244537354,-0.5915583372116089,0.9976307153701782,0.3418031930923462,0.7969194054603577,-1.0717931985855103,0.9994680881500244,0.295760840177536,0.8132688403129578,-0.9403741955757141,0.9987673163414001,0.658169150352478,0.8340855240821838,-0.7424765825271606,0.998706579208374,0.202763170003891,0.8952776193618774,-0.14043395221233368,0.9965148568153381,0.8190946578979492,1.2457927465438843,-0.6602738499641418,0.3923150897026062,0.12453359365463257,1.2930980920791626,0.05702059343457222,0.1776675432920456,0.8207263946533203,1.619353175163269,-0.7542505264282227,0.08556734770536423,0.11689618974924088,1.3730019330978394,-0.6272239089012146,0.10212495923042297
1,0.25140538811683655,0.837247908115387,-1.404856562614441,0.9985334873199463,0.25266462564468384,0.7608963251113892,-1.4677207469940186,0.9978766441345215,0.271385133266449,0.7405992746353149,-1.4680125713348389,0.9982076287269592,0.2906540334224701,0.7168835401535034,-1.4687572717666626,0.9981030225753784,0.21471238136291504,0.7868481278419495,-1.3827883005142212,0.9971641302108765,0.20666849613189697,0.7877951860427856,-1.3824037313461304,0.9971189498901367,0.19915081560611725,0.7884061932563782,-1.3824870586395264,0.9965054392814636,0.3601527810096741,0.6355979442596436,-1.243202567100525,0.9990801811218262,0.23503506183624268,0.7444801330566406,-0.8302086591720581,0.997520387172699,0.32358822226524353,0.8443451523780823,-1.2801628112792969,0.9994751214981079,0.277922123670578,0.8750055432319641,-1.1626946926116943,0.9986720085144043,0.6522079110145569,0.8341131806373596,-0.9027864336967468,0.9988284111022949,0.19709676504135132,0.8943806290626526,-0.32398223876953125,0.996958315372467,0.8230046033859253,1.2619268894195557,-0.9793680906295776,0.4056659936904907,0.09619513154029846,1.2597410678863525,-0.5298852920532227,0.20024187862873077,0.7970532178878784,1.5114989280700684,-1.229366660118103,0.09856819361448288,0.08173278719186783,1.0867446660995483,-1.4752237796783447,0.1751134842634201
1,0.24564985930919647,0.8613789677619934,-1.2383041381835938,0.9980656504631042,0.2426464557647705,0.7905945181846619,-1.302924394607544,0.9977462887763977,0.2635548412799835,0.7674729824066162,-1.303151249885559,0.9980893135070801,0.28405311703681946,0.7406905889511108,-1.3041528463363647,0.9979858994483948,0.20058591663837433,0.821548581123352,-1.2065188884735107,0.9968305826187134,0.1914929747581482,0.8235706686973572,-1.2057230472564697,0.9966426491737366,0.18309195339679718,0.8246909976005554,-1.2055307626724243,0.9958910346031189,0.3484339714050293,0.6566357016563416,-1.1401565074920654,0.9991474747657776,0.21797335147857666,0.7786475419998169,-0.6581045389175415,0.9972589015960693,0.32464390993118286,0.8573929667472839,-1.1381325721740723,0.9994635581970215,0.2753461003303528,0.8915243148803711,-1.0032957792282104,0.9984861016273499,0.642443060874939,0.8289886116981506,-0.8757861256599426,0.998942494392395,0.20547373592853546,0.8901787996292114,-0.22506305575370789,0.9966822266578674,0.843450665473938,1.210601568222046,-1.090276837348938,0.4638531506061554,0.09449620544910431,1.1757028102874756,-0.46591416001319885,0.21197615563869476,0.8003727793693542,1.5608714818954468,-1.0095064640045166,0.15659913420677185,0.10608279705047607,0.918907880783081,-1.3586647510528564,0.21447154879570007
1,0.242045596241951,0.8704408407211304,-1.3272957801818848,0.9981105923652649,0.24007149040699005,0.7997117638587952,-1.4008870124816895,0.9978115558624268,0.2604925334453583,0.7776805758476257,-1.4011799097061157,0.998126208782196,0.281371533870697,0.7512533068656921,-1.402163028717041,0.9980745911598206,0.20149776339530945,0.8265051245689392,-1.3065167665481567,0.9968174695968628,0.1928054243326187,0.8273004293441772,-1.3058186769485474,0.9964950084686279,0.18460342288017273,0.8273779153823853,-1.305770754814148,0.9956109523773193,0.3513351082801819,0.6605929732322693,-1.2359192371368408,0.9992271661758423,0.21783173084259033,0.7772299647331238,-0.7749415636062622,0.9968888163566589,0.32616037130355835,0.8680473566055298,-1.225124716758728,0.9995232224464417,0.2729666829109192,0.9015614986419678,-1.0938063859939575,0.9984828233718872,0.6444917917251587,0.8286728262901306,-0.9724043607711792,0.9991780519485474,0.2107386291027069,0.8889560699462891,-0.31322696805000305,0.9970376491546631,0.8372418284416199,1.2291256189346313,-1.0026580095291138,0.4991770386695862,0.0844799280166626,1.1915911436080933,-0.6271340250968933,0.23973813652992249,0.8328069448471069,1.6044647693634033,-1.0702484846115112,0.18148577213287354,0.10972921550273895,0.9616211652755737,-1.5920624732971191,0.2792918086051941
1,0.3537118434906006,0.8261693716049194,-1.9968631267547607,0.9980419278144836,0.36043113470077515,0.7387266159057617,-2.037937641143799,0.9973033666610718,0.3833974003791809,0.7196797728538513,-2.037916660308838,0.9977666139602661,0.40512171387672424,0.7007164359092712,-2.0385894775390625,0.9977171421051025,0.30541568994522095,0.7650232315063477,-1.9939310550689697,0.9961916208267212,0.2905808985233307,0.7640256881713867,-1.99326491355896,0.9960309863090515,0.2759677767753601,0.7623708248138428,-1.9935795068740845,0.9950729608535767,0.4387489855289459,0.6484573483467102,-1.6952054500579834,0.9989894032478333,0.27566784620285034,0.7214524745941162,-1.459346055984497,0.9967472553253174,0.41616350412368774,0.8376122713088989,-1.8229455947875977,0.9994086027145386,0.35081493854522705,0.8559933304786682,-1.756471872329712,0.9983609914779663,0.6794575452804565,0.8455685973167419,-1.229327917098999,0.9992711544036865,0.20303137600421906,0.8967260718345642,-0.8475484848022461,0.9974836111068726,0.8422592878341675,1.2284696102142334,-1.0123347043991089,0.5336875915527344,0.11158587038516998,1.1518806219100952,-0.4088023602962494,0.23047250509262085,0.8411498069763184,1.6449893712997437,-1.1910488605499268,0.14933601021766663,0.12495006620883942,1.6189422607421875,-0.7297857403755188,0.18784739077091217
1,0.45607495307922363,0.8304319977760315,-2.141566753387451,0.9984018802642822,0.4866859018802643,0.751273512840271,-2.1747171878814697,0.9977543950080872,0.5063592195510864,0.7409940361976624,-2.1742286682128906,0.9981293082237244,0.5248444676399231,0.7297726273536682,-2.1747400760650635,0.9980807304382324,0.4208965301513672,0.7654696702957153,-2.1613008975982666,0.9969465136528015,0.39821988344192505,0.7625855207443237,-2.1606342792510986,0.9968314170837402,0.3775612413883209,0.7586015462875366,-2.160740375518799,0.996078372001648,0.5450039505958557,0.672642707824707,-1.7823600769042969,0.9991135597229004,0.33707374334335327,0.6991092562675476,-1.6931616067886353,0.9974559545516968,0.49031195044517517,0.8566856384277344,-1.9456970691680908,0.99945068359375,0.42195940017700195,0.8608191609382629,-1.920440673828125,0.9986643195152283,0.7040287256240845,0.863064706325531,-1.2496150732040405,0.9993438124656677,0.2083311378955841,0.8990205526351929,-1.1105663776397705,0.9979256987571716,0.8451534509658813,1.2519077062606812,-1.1208338737487793,0.5267415642738342,0.1570400893688202,1.3328670263290405,-0.8000770807266235,0.24929389357566833,0.8383370637893677,1.6606806516647339,-1.3391036987304688,0.11764998733997345,0.17163822054862976,1.6704233884811401,-1.1791722774505615,0.1453375667333603
1,0.5174578428268433,0.8058284521102905,-1.7807989120483398,0.9985002279281616,0.561437726020813,0.7317310571670532,-1.7755664587020874,0.9980771541595459,0.5799546837806702,0.7302207946777344,-1.7758862972259521,0.9983059763908386,0.5979722738265991,0.7274255156517029,-1.7763516902923584,0.998227059841156,0.5027579069137573,0.7188531756401062,-1.798736810684204,0.9975622892379761,0.4793683588504791,0.7073384523391724,-1.7989200353622437,0.9974192976951599,0.4569939076900482,0.6949981451034546,-1.7992225885391235,0.9968923330307007,0.6089373826980591,0.691642165184021,-1.2708529233932495,0.9990866780281067,0.4108872413635254,0.6498948335647583,-1.3804759979248047,0.9980303645133972,0.527150571346283,0.8591975569725037,-1.5485398769378662,0.9990296363830566,0.4747208058834076,0.8441980481147766,-1.5801243782043457,0.998508632183075,0.7079519033432007,0.8760587573051453,-0.7542898058891296,0.996987521648407,0.24564984440803528,0.8741186857223511,-0.7477816939353943,0.9942811727523804,0.8376275300979614,1.207053303718567,-0.7135939002037048,0.4371056854724884,0.11376003175973892,1.1045993566513062,-0.6384706497192383,0.22424201667308807,0.8033596277236938,1.3645532131195068,-1.3535534143447876,0.0990806370973587,0.18814295530319214,1.2291065454483032,-1.1344026327133179,0.12163601815700531
1,0.6098126173019409,0.6920368075370789,-1.2265310287475586,0.9986065030097961,0.6383792757987976,0.6347495913505554,-1.1648319959640503,0.9979937672615051,0.649831235408783,0.6385533213615417,-1.164816975593567,0.9980869889259338,0.6613222360610962,0.6425837874412537,-1.1653226613998413,0.9979128241539001,0.589237630367279,0.6172291040420532,-1.215206503868103,0.9977906942367554,0.567425012588501,0.6079360246658325,-1.2145311832427979,0.9977425336837769,0.5462030172348022,0.5973869562149048,-1.2148807048797607,0.9973816275596619,0.6559709310531616,0.6473801732063293,-0.6605666875839233,0.9984481334686279,0.49419260025024414,0.5715253949165344,-0.8860374689102173,0.9983410239219666,0.6068795919418335,0.7489844560623169,-1.0252208709716797,0.999010443687439,0.557773232460022,0.7399235367774963,-1.0893498659133911,0.9988188147544861,0.7238397002220154,0.877843976020813,-0.28926822543144226,0.9973868131637573,0.2759365439414978,0.8594383001327515,-0.6138638854026794,0.9956666231155396,0.8235400319099426,1.2414155006408691,-0.03074507787823677,0.38188275694847107,0.1315121054649353,1.2399317026138306,-0.5938936471939087,0.2670847475528717,0.8482279777526855,1.572164535522461,-0.3026995062828064,0.08540839701890945,0.14433445036411285,1.573773980140686,-1.0749213695526123,0.09809241443872452
1,0.5538774728775024,0.5279377102851868,-0.9664500951766968,0.9993550181388855,0.5817103981971741,0.46751511096954346,-0.8970629572868347,0.9989662170410156,0.5991261005401611,0.47284507751464844,-0.8971303105354309,0.9989471435546875,0.6175817847251892,0.4779985547065735,-0.8974412679672241,0.9988279342651367,0.5287386775016785,0.4503616988658905,-0.9122951626777649,0.9989791512489319,0.5084602236747742,0.44624075293540955,-0.9114715456962585,0.9990057945251465,0.4888056218624115,0.4433029592037201,-0.9118161201477051,0.9988958239555359,0.6412486433982849,0.5039597153663635,-0.4553026258945465,0.9988519549369812,0.45480790734291077,0.47582319378852844,-0.5051193237304688,0.9992523193359375,0.5798228979110718,0.6021741628646851,-0.802372932434082,0.999487578868866,0.5149404406547546,0.5915452241897583,-0.8192609548568726,0.9995074272155762,0.7621669173240662,0.8716811537742615,-0.1969185471534729,0.9981250762939453,0.2884058356285095,0.8499394059181213,-0.3614732027053833,0.9980557560920715,0.852719783782959,1.2725389003753662,-0.17719121277332306,0.21105685830116272,0.20606286823749542,1.2748979330062866,-0.5005561709403992,0.28826096653938293,0.8612031936645508,1.612548828125,-0.5816677212715149,0.04271797835826874,0.1810269057750702,1.5872379541397095,-1.2752292156219482,0.07601947337388992
1,0.4306160807609558,0.4617975354194641,-1.2727285623550415,0.9997146129608154,0.46408551931381226,0.39943504333496094,-1.1927578449249268,0.9995332956314087,0.4859524369239807,0.4023096263408661,-1.1932053565979004,0.9995335936546326,0.5058192014694214,0.4046691656112671,-1.1932897567749023,0.9994825720787048,0.4029146134853363,0.39754825830459595,-1.1826928853988647,0.9995170831680298,0.3851856589317322,0.3987535834312439,-1.1817126274108887,0.9995324611663818,0.36900392174720764,0.40115731954574585,-1.1819665431976318,0.999483048915863,0.5351310968399048,0.44139400124549866,-0.6882969737052917,0.9994994401931763,0.3509894013404846,0.4407261610031128,-0.6106275320053101,0.9995802044868469,0.4714464247226715,0.5361934900283813,-1.086147665977478,0.9997627139091492,0.3961343765258789,0.5340868234634399,-1.0665099620819092,0.9997477531433105,0.7121618390083313,0.8109601736068726,-0.4362393021583557,0.9973147511482239,0.20811763405799866,0.858859121799469,-0.3526330888271332,0.9942759871482849,0.8502721786499023,1.2389652729034424,-0.6211082339286804,0.1470021903514862,0.15384060144424438,1.3514975309371948,-0.7847684025764465,0.1840592622756958,0.8137866258621216,1.590654969215393,-1.226897954940796,0.02968640625476837,0.21081630885601044,1.3278248310089111,-2.010538339614868,0.061568859964609146
1,0.5060889720916748,0.5833278894424438,-1.17452073097229,0.9997474551200867,0.5379592180252075,0.5161839723587036,-1.108798623085022,0.9995494484901428,0.5548596382141113,0.5194371342658997,-1.1089847087860107,0.9995396137237549,0.5716181993484497,0.522932231426239,-1.1092931032180786,0.9994619488716125,0.48191508650779724,0.5087648630142212,-1.1131457090377808,0.999573826789856,0.4606313109397888,0.5084465742111206,-1.1124383211135864,0.9996221661567688,0.44164615869522095,0.509454607963562,-1.11280357837677,0.9996140599250793,0.5990079045295715,0.5449015498161316,-0.6277354955673218,0.9994750022888184,0.4151913523674011,0.5365602374076843,-0.6278594732284546,0.9996959567070007,0.5388087034225464,0.6557610630989075,-0.9910653233528137,0.9997959136962891,0.4708319306373596,0.6590861082077026,-0.9923447370529175,0.999833345413208,0.7335947751998901,0.8645040988922119,-0.3043607771396637,0.9975772500038147,0.2725300192832947,0.8708240389823914,-0.35903501510620117,0.9975325465202332,0.8664990663528442,1.240130066871643,-0.3129042983055115,0.17448166012763977,0.19183127582073212,1.3268061876296997,-0.48323529958724976,0.2715195417404175,0.8923851251602173,1.5589096546173096,-0.8480747938156128,0.028745409101247787,0.15191702544689178,1.5471283197402954,-1.4046413898468018,0.07792073488235474
1,0.4902057647705078,0.593485414981842,-1.2197694778442383,0.9997365474700928,0.5208783149719238,0.5241485834121704,-1.164903998374939,0.9995661377906799,0.5389036536216736,0.5259585380554199,-1.165148377418518,0.9995606541633606,0.5552541017532349,0.5281301140785217,-1.165400505065918,0.99949711561203,0.46854668855667114,0.5206021070480347,-1.155438780784607,0.9995595216751099,0.45176586508750916,0.5205661058425903,-1.15492844581604,0.9995935559272766,0.4372105002403259,0.5215830206871033,-1.1553187370300293,0.999584436416626,0.5874707698822021,0.5484656691551208,-0.7032634615898132,0.9995297193527222,0.4211276173591614,0.5432141423225403,-0.6493009924888611,0.9996358156204224,0.5256261825561523,0.6557365655899048,-1.0412917137145996,0.9997947812080383,0.4673197865486145,0.663699746131897,-1.0240768194198608,0.9998070597648621,0.7398582696914673,0.8664494156837463,-0.3853418231010437,0.9969667196273804,0.28965499997138977,0.8663727045059204,-0.3451164662837982,0.9966648817062378,0.8710653185844421,1.2448232173919678,-0.4465945363044739,0.20039065182209015,0.18762752413749695,1.2854399681091309,-0.40896669030189514,0.23434680700302124,0.8826061487197876,1.5163530111312866,-1.0580579042434692,0.04758328199386597,0.15238383412361145,1.5388240814208984,-1.210386037826538,0.1362713873386383
1,0.49683696031570435,0.614580512046814,-1.0621297359466553,0.9998530745506287,0.5216423273086548,0.5467390418052673,-1.007646083831787,0.9997388124465942,0.5406857132911682,0.5444337129592896,-1.0078034400939941,0.9997618198394775,0.5578678846359253,0.5421584248542786,-1.0081123113632202,0.9997220039367676,0.47219356894493103,0.5528811812400818,-0.9953324198722839,0.9997163414955139,0.45640525221824646,0.5556402802467346,-0.9942843317985535,0.9997501373291016,0.4420956075191498,0.559027373790741,-0.9946786165237427,0.9997190833091736,0.5906416177749634,0.5600486397743225,-0.5652875900268555,0.9997568726539612,0.4341011643409729,0.572160542011261,-0.47641515731811523,0.9997649788856506,0.5380834937095642,0.6682923436164856,-0.8905233144760132,0.9998810887336731,0.47840219736099243,0.6841760873794556,-0.866409957408905,0.9998564124107361,0.765271782875061,0.8800182342529297,-0.26073938608169556,0.9983992576599121,0.3180815279483795,0.8640813827514648,-0.2506076395511627,0.9982551336288452,0.8594282865524292,1.2605856657028198,-0.29803165793418884,0.20973247289657593,0.24368074536323547,1.2864346504211426,-0.39647725224494934,0.27327096462249756,0.8870217204093933,1.5979887247085571,-0.7656121253967285,0.05219540745019913,0.1770394891500473,1.5255783796310425,-1.1813132762908936,0.18514887988567352
1,0.516120195388794,0.6643816232681274,-1.033229112625122,0.9998550415039062,0.5356708765029907,0.58955317735672,-0.9891132116317749,0.9997426271438599,0.5526250600814819,0.5850718021392822,-0.9892673492431641,0.9997761249542236,0.5678895115852356,0.5809633731842041,-0.9898502230644226,0.999735414981842,0.48054981231689453,0.6044090390205383,-0.9789484143257141,0.9997134804725647,0.461420476436615,0.6094287633895874,-0.9781707525253296,0.9997500777244568,0.4443763792514801,0.6141892671585083,-0.9784238934516907,0.9997043609619141,0.5926545262336731,0.5868285298347473,-0.5745298862457275,0.9998044967651367,0.42874130606651306,0.6247172951698303,-0.5225859880447388,0.9997841715812683,0.5564060211181641,0.7164718508720398,-0.8690519332885742,0.9998871088027954,0.4924183785915375,0.7294002771377563,-0.8510263562202454,0.9998595118522644,0.7637737393379211,0.8748133778572083,-0.25827309489250183,0.9989336133003235,0.3213079273700714,0.8631545901298523,-0.28006717562675476,0.9983413815498352,0.8827372789382935,1.2492077350616455,-0.2348950207233429,0.24286434054374695,0.21753546595573425,1.2951432466506958,-0.429217666387558,0.24942368268966675,0.9003941416740417,1.582268238067627,-0.6374891996383667,0.047523099929094315,0.15645116567611694,1.4927831888198853,-1.2284142971038818,0.12197443842887878
1,0.519225001335144,0.7202228307723999,-1.1921360492706299,0.9998151659965515,0.5400969386100769,0.645064651966095,-1.1729716062545776,0.9996670484542847,0.5568639636039734,0.6398003697395325,-1.1731470823287964,0.9997172355651855,0.5719529390335083,0.6348206996917725,-1.1737109422683716,0.9996524453163147,0.48345351219177246,0.6588183641433716,-1.1551045179367065,0.9996323585510254,0.46407637000083923,0.6606823801994324,-1.1542913913726807,0.99968022108078,0.4472120404243469,0.6617782711982727,-1.1544228792190552,0.9996063709259033,0.5998212099075317,0.6275560855865479,-0.7397849559783936,0.9997814893722534,0.4296487271785736,0.6638109683990479,-0.6427499055862427,0.9997485280036926,0.5608680248260498,0.7645049691200256,-1.007764458656311,0.9998701214790344,0.49726003408432007,0.7722815871238708,-0.9796273112297058,0.9998367428779602,0.7661911249160767,0.8794357180595398,-0.36463814973831177,0.9991641640663147,0.3218175768852234,0.8695082068443298,-0.23862633109092712,0.9985324144363403,0.888566792011261,1.2437992095947266,-0.3125106990337372,0.30882933735847473,0.19446590542793274,1.2554041147232056,-0.5290665626525879,0.29182615876197815,0.8931096792221069,1.5741389989852905,-0.6771959066390991,0.06130552664399147,0.15066887438297272,1.2825461626052856,-1.4683631658554077,0.17648956179618835
1,0.49191540479660034,0.7741376757621765,-1.5868141651153564,0.9998661279678345,0.5128424763679504,0.6964946985244751,-1.5946881771087646,0.9997598528862,0.5336217880249023,0.6858859658241272,-1.5947229862213135,0.9997952580451965,0.5523154735565186,0.6752545833587646,-1.5951608419418335,0.9997390508651733,0.45424699783325195,0.7137903571128845,-1.5691204071044922,0.9997402429580688,0.43732181191444397,0.7139122486114502,-1.568466305732727,0.9997702240943909,0.42189568281173706,0.7131645679473877,-1.5684850215911865,0.9997007250785828,0.5824688673019409,0.6417840719223022,-1.1619846820831299,0.9998620748519897,0.4119679033756256,0.6879273653030396,-1.0172264575958252,0.9998056888580322,0.5490419864654541,0.8096745014190674,-1.3905189037322998,0.9999141693115234,0.4770471155643463,0.8182435631752014,-1.3496484756469727,0.999862790107727,0.7785447239875793,0.900823712348938,-0.7135269045829773,0.999390184879303,0.31674134731292725,0.8847667574882507,-0.5278708934783936,0.9990412592887878,0.904779314994812,1.276124358177185,-0.5820139646530151,0.3765801191329956,0.18331210315227509,1.2757974863052368,-0.7569499611854553,0.5105400085449219,0.8761207461357117,1.6370769739151,-0.8788384199142456,0.10478366911411285,0.13248446583747864,1.060364007949829,-1.70626962184906,0.5752102136611938
1,0.5035501718521118,0.7979634404182434,-1.4853713512420654,0.9998571276664734,0.5223778486251831,0.7217231392860413,-1.4728355407714844,0.9997571110725403,0.5416713953018188,0.7114050984382629,-1.472870111465454,0.9997922778129578,0.5583719611167908,0.7014572620391846,-1.4734559059143066,0.999740481376648,0.4633277356624603,0.7365010380744934,-1.46563720703125,0.9997305274009705,0.4449349343776703,0.735920250415802,-1.4647773504257202,0.9997513890266418,0.4280473291873932,0.7347567677497864,-1.4649276733398438,0.9996739029884338,0.5854191780090332,0.6709146499633789,-1.014894962310791,0.9998725056648254,0.41136854887008667,0.7098238468170166,-0.951289176940918,0.9997952580451965,0.5523197054862976,0.8354237079620361,-1.2827198505401611,0.999920129776001,0.4863734841346741,0.8428542017936707,-1.2652521133422852,0.9998576045036316,0.7723739743232727,0.9108362197875977,-0.5643875002861023,0.9994902610778809,0.3138114809989929,0.8925400972366333,-0.5011893510818481,0.9991463422775269,0.8834480047225952,1.2625244855880737,-0.3644689917564392,0.38644227385520935,0.23115964233875275,1.303887963294983,-0.5247540473937988,0.4470371901988983,0.8579531908035278,1.5942562818527222,-0.6601704955101013,0.08947470039129257,0.18638786673545837,1.4565919637680054,-1.2616214752197266,0.4877481162548065
1,0.5027717351913452,0.8263730406761169,-1.5268224477767944,0.9998065829277039,0.5248255133628845,0.7483276128768921,-1.545944333076477,0.9996662139892578,0.5451191067695618,0.7391902208328247,-1.5459718704223633,0.9997151494026184,0.5622880458831787,0.7293294668197632,-1.5465165376663208,0.9996435642242432,0.46301817893981934,0.7583980560302734,-1.5174338817596436,0.999632716178894,0.4445110261440277,0.756288468837738,-1.5167735815048218,0.9996621012687683,0.42773866653442383,0.7535014748573303,-1.516732931137085,0.9995622634887695,0.5919619798660278,0.6948147416114807,-1.1743004322052002,0.9998229742050171,0.41202735900878906,0.7192539572715759,-1.0074598789215088,0.9997332692146301,0.5542569756507874,0.8604336380958557,-1.3455129861831665,0.9998888969421387,0.48675447702407837,0.8650796413421631,-1.3024992942810059,0.9998102188110352,0.768621563911438,0.9180945754051208,-0.7428573369979858,0.9994122385978699,0.315369188785553,0.8929873108863831,-0.5019485950469971,0.9991032481193542,0.8695891499519348,1.263100028038025,-0.7098130583763123,0.3847470283508301,0.22814130783081055,1.27389657497406,-0.5701726675033569,0.3958955407142639,0.8422352075576782,1.5464003086090088,-1.0629322528839111,0.07421070337295532,0.19483281672000885,1.2395991086959839,-1.378035068511963,0.3763020634651184
1,0.5181522369384766,0.8303003311157227,-1.4554170370101929,0.999819278717041,0.5378314256668091,0.7534217238426208,-1.469687819480896,0.9996973276138306,0.5562220811843872,0.7434147000312805,-1.4697377681732178,0.9997381567955017,0.5716379880905151,0.7330340147018433,-1.4702318906784058,0.999674916267395,0.4750274121761322,0.7653042674064636,-1.436933994293213,0.9996643662452698,0.4546329379081726,0.7637736201286316,-1.436161756515503,0.9996854066848755,0.4366685450077057,0.7615607380867004,-1.4362504482269287,0.9995905160903931,0.5959471464157104,0.6983460783958435,-1.05020272731781,0.9998440742492676,0.41574233770370483,0.7334950566291809,-0.9541929960250854,0.9997454881668091,0.5637917518615723,0.8626458048820496,-1.2710130214691162,0.9999024868011475,0.49885573983192444,0.8717492818832397,-1.2318897247314453,0.9998219013214111,0.7629916667938232,0.9207324981689453,-0.609846293926239,0.9994462132453918,0.32413825392723083,0.8867629766464233,-0.5142658948898315,0.9991868138313293,0.8627208471298218,1.2472503185272217,-0.43247103691101074,0.39424070715904236,0.2385731041431427,1.2149585485458374,-0.6422421336174011,0.39185184240341187,0.8432309031486511,1.5316027402877808,-0.7216974496841431,0.08163999021053314,0.18850329518318176,1.2654837369918823,-1.5018041133880615,0.41691854596138
1,0.5240249037742615,0.8151331543922424,-1.4752142429351807,0.9998381733894348,0.5411024689674377,0.7386930584907532,-1.475398302078247,0.9997283220291138,0.559563934803009,0.7283400893211365,-1.4754939079284668,0.9997661113739014,0.5745347738265991,0.7183821797370911,-1.4759560823440552,0.9997124671936035,0.47850140929222107,0.7563545107841492,-1.4561471939086914,0.999697208404541,0.4589966833591461,0.7569757103919983,-1.455702781677246,0.9997132420539856,0.44160860776901245,0.7566959857940674,-1.4556277990341187,0.9996201992034912,0.5963913202285767,0.6906738877296448,-1.0446691513061523,0.9998647570610046,0.4206405282020569,0.7373651266098022,-0.9372148513793945,0.999760627746582,0.5691722631454468,0.8531239032745361,-1.284042239189148,0.9999156594276428,0.5057729482650757,0.8656508326530457,-1.2537715435028076,0.9998341202735901,0.7651376128196716,0.9212518930435181,-0.6423285603523254,0.9995368123054504,0.3298189043998718,0.8947261571884155,-0.4890914857387543,0.9991753697395325,0.8815010786056519,1.2477978467941284,-0.5907726883888245,0.43723711371421814,0.2215714007616043,1.21039879322052,-0.6436629295349121,0.41733092069625854,0.8713062405586243,1.566377878189087,-0.9144981503486633,0.09178540110588074,0.15211060643196106,1.042185664176941,-1.3941799402236938,0.44076627492904663
1,0.49331870675086975,0.7734102010726929,-1.1803702116012573,0.9998243451118469,0.5082958936691284,0.6906041502952576,-1.1549136638641357,0.9997181296348572,0.5269784331321716,0.6797714233398438,-1.1551249027252197,0.9997468590736389,0.543344259262085,0.6710464954376221,-1.1554811000823975,0.9997003078460693,0.455349862575531,0.7235175967216492,-1.1337562799453735,0.9996827244758606,0.4399741590023041,0.7321882843971252,-1.1330375671386719,0.9996880292892456,0.42549362778663635,0.7402466535568237,-1.1332494020462036,0.9996119141578674,0.5758874416351318,0.6575642824172974,-0.7453353404998779,0.999847412109375,0.4160326421260834,0.7379619479179382,-0.6244791150093079,0.9997515082359314,0.5504640936851501,0.8076513409614563,-1.008859395980835,0.9998985528945923,0.4815099239349365,0.8307281732559204,-0.9742460250854492,0.99982088804245,0.768185019493103,0.9215975403785706,-0.39791691303253174,0.9992557168006897,0.33140796422958374,0.9093267917633057,-0.2882327437400818,0.9985144734382629,0.8846448659896851,1.266188383102417,-0.4020608961582184,0.3871484100818634,0.21919779479503632,1.3030651807785034,-0.34631508588790894,0.41273078322410583,0.8629280924797058,1.5572839975357056,-0.8301073908805847,0.09301558136940002,0.19422993063926697,1.4824036359786987,-1.0983238220214844,0.4201187193393707
0,0.509208083152771,0.4706443250179291,-0.9255849719047546,0.9999759793281555,0.527270495891571,0.41613250970840454,-0.8661365509033203,0.999955952167511,0.5429466962814331,0.4166034162044525,-0.8661702275276184,0.999954342842102,0.5580885410308838,0.4178513288497925,-0.866496205329895,0.9999516010284424,0.4803323745727539,0.4173522889614105,-0.8667253255844116,0.9999540448188782,0.4642414152622223,0.4190273582935333,-0.8660640716552734,0.9999558925628662,0.44933825731277466,0.42191314697265625,-0.8663712739944458,0.9999551177024841,0.5753202438354492,0.43909090757369995,-0.45846056938171387,0.9999553561210632,0.4285641312599182,0.4531879723072052,-0.4455617070198059,0.999966025352478,0.5419865846633911,0.5293956398963928,-0.7722409963607788,0.999976634979248,0.4764721989631653,0.5371532440185547,-0.76814866065979,0.9999775886535645,0.727094829082489,0.736324667930603,-0.2028110772371292,0.9996602535247803,0.3122468590736389,0.7529289126396179,-0.28773972392082214,0.9994462132453918,0.8129932284355164,1.0259835720062256,-0.19503822922706604,0.33943530917167664,0.19437828660011292,1.0101954936981201,-0.3472197651863098,0.38269537687301636,0.8652162551879883,1.46342933177948,-0.5972741842269897,0.049239445477724075,0.15719377994537354,1.423291802406311,-0.9276114702224731,0.07669475674629211
0,0.5092605948448181,0.47021645307540894,-0.9766232371330261,0.9999740123748779,0.5278018712997437,0.4159097969532013,-0.9170514941215515,0.9999528527259827,0.5437504053115845,0.41640785336494446,-0.9170953631401062,0.999950647354126,0.5585979223251343,0.4177345037460327,-0.9173876047134399,0.9999482035636902,0.48080936074256897,0.4166635572910309,-0.9154799580574036,0.9999493956565857,0.46498560905456543,0.4181599020957947,-0.9147615432739258,0.9999508857727051,0.44977259635925293,0.4208705723285675,-0.915078341960907,0.9999496936798096,0.5760560035705566,0.43896621465682983,-0.49617213010787964,0.9999528527259827,0.42908310890197754,0.45271384716033936,-0.47582975029945374,0.9999619126319885,0.541940450668335,0.5287678837776184,-0.8175350427627563,0.9999760985374451,0.4764572083950043,0.536492109298706,-0.8109644651412964,0.9999760389328003,0.727527379989624,0.7364586591720581,-0.2284572422504425,0.9996738433837891,0.31067410111427307,0.7536945939064026,-0.2754668891429901,0.9994134306907654,0.8180702328681946,1.0247633457183838,-0.20822687447071075,0.36345815658569336,0.19271495938301086,1.0095690488815308,-0.4012390673160553,0.39002278447151184,0.8941962122917175,1.4515784978866577,-0.6058984994888306,0.060212284326553345,0.1117350235581398,1.3851191997528076,-1.11064612865448,0.08425914496183395
0,0.5073372721672058,0.4275134205818176,-0.7915736436843872,0.9999260902404785,0.5224629640579224,0.3726350963115692,-0.7412009835243225,0.9998580813407898,0.5354791283607483,0.37408044934272766,-0.7411273121833801,0.9998674988746643,0.5500887036323547,0.3766666054725647,-0.7414793372154236,0.9998623728752136,0.4763849675655365,0.37411829829216003,-0.7416858077049255,0.9998469352722168,0.45775943994522095,0.37743842601776123,-0.7409815192222595,0.9998522996902466,0.4401382505893707,0.3823222219944,-0.741195797920227,0.9998350143432617,0.5663808584213257,0.40498220920562744,-0.39891517162323,0.9998635053634644,0.40985092520713806,0.4171515107154846,-0.3658387362957001,0.999850869178772,0.534116804599762,0.49272292852401733,-0.6642645597457886,0.9999251365661621,0.4722149968147278,0.50049889087677,-0.6585215330123901,0.9999145269393921,0.7145769596099854,0.7044926285743713,-0.2613505721092224,0.9996605515480042,0.2896430492401123,0.7727177143096924,-0.2615344822406769,0.9992743730545044,0.8281790614128113,0.996369481086731,-0.3164012134075165,0.40979135036468506,0.19520743191242218,1.067312240600586,-0.3975521922111511,0.29357579350471497,0.9241345524787903,1.4422414302825928,-0.6192944049835205,0.12299682945013046,0.14757852256298065,1.511279582977295,-0.9956703186035156,0.1108768880367279
0,0.470325767993927,0.46468886733055115,-1.0224138498306274,0.9999695420265198,0.4847750663757324,0.4017491638660431,-0.9583020210266113,0.9999399185180664,0.5011059045791626,0.39954498410224915,-0.9584304094314575,0.9999487400054932,0.5153353810310364,0.39846181869506836,-0.9589600563049316,0.9999438524246216,0.4350784420967102,0.41144293546676636,-0.9690279960632324,0.9999268651008606,0.4173548221588135,0.4163820147514343,-0.9682847261428833,0.9999341368675232,0.4006586968898773,0.4212302565574646,-0.9685052037239075,0.9999169707298279,0.5307778120040894,0.4190909266471863,-0.4982370436191559,0.9999534487724304,0.37738746404647827,0.44359979033470154,-0.5278573036193848,0.9999352693557739,0.5049755573272705,0.5228722095489502,-0.846587061882019,0.9999714493751526,0.4409336447715759,0.537204384803772,-0.8547185063362122,0.9999595284461975,0.6985999345779419,0.7251726388931274,-0.19213734567165375,0.9998416900634766,0.26187852025032043,0.767996072769165,-0.33696448802948,0.9994330406188965,0.8196253776550293,1.0270097255706787,-0.1571342647075653,0.45035457611083984,0.12335541099309921,0.9862810969352722,-0.4979008734226227,0.44585105776786804,0.9435499906539917,1.4769408702850342,-0.5880056023597717,0.1447220742702484,0.08620424568653107,1.4887950420379639,-1.2508151531219482,0.3472630977630615
0,0.5285069942474365,0.4345235228538513,-0.9125750660896301,0.9998458027839661,0.5482902526855469,0.3885616660118103,-0.8535946607589722,0.9997059106826782,0.5632555484771729,0.3909454047679901,-0.8534713983535767,0.999732494354248,0.5790184736251831,0.39419063925743103,-0.853685736656189,0.9997016191482544,0.5011721849441528,0.38402560353279114,-0.8565860986709595,0.9997150301933289,0.4816325306892395,0.38463130593299866,-0.8558991551399231,0.999758780002594,0.4603199362754822,0.38647234439849854,-0.8561843633651733,0.9997326731681824,0.5988506078720093,0.42301446199417114,-0.45844346284866333,0.9997109770774841,0.43067097663879395,0.42191678285598755,-0.4610113501548767,0.9997991323471069,0.5531916618347168,0.5011841058731079,-0.7653192281723022,0.9998785257339478,0.4936840534210205,0.49982720613479614,-0.7654660940170288,0.9998849630355835,0.7391239404678345,0.7454385757446289,-0.2157866656780243,0.9994216561317444,0.29653751850128174,0.7576353549957275,-0.31451135873794556,0.999215304851532,0.8485273122787476,1.1246201992034912,-0.16500630974769592,0.3922916650772095,0.1540202796459198,1.012285828590393,-0.45549851655960083,0.46558740735054016,0.9119571447372437,1.487120509147644,-0.467033326625824,0.08008340001106262,0.0708838626742363,1.3961411714553833,-1.1984755992889404,0.16569821536540985
0,0.484744131565094,0.40997377038002014,-1.272811770439148,0.9999713897705078,0.5164396166801453,0.33671659231185913,-1.2128604650497437,0.999937117099762,0.5375542640686035,0.3372916579246521,-1.2129383087158203,0.9999447464942932,0.5514799356460571,0.3389039635658264,-1.2132853269577026,0.9999287724494934,0.4513968527317047,0.3362285792827606,-1.2164108753204346,0.9999389052391052,0.4292353689670563,0.3374119699001312,-1.2154662609100342,0.9999494552612305,0.4121473729610443,0.3400838077068329,-1.2157413959503174,0.9999388456344604,0.581742525100708,0.36468997597694397,-0.7297077775001526,0.9999364018440247,0.3885645270347595,0.37308987975120544,-0.7210497856140137,0.9999585151672363,0.5283596515655518,0.4757783114910126,-1.083263874053955,0.9999682307243347,0.44218119978904724,0.4817947447299957,-1.0815452337265015,0.9999710917472839,0.748741626739502,0.7048175930976868,-0.3553375005722046,0.9995536208152771,0.252448171377182,0.7132279276847839,-0.45905932784080505,0.9994938969612122,0.8659617304801941,1.0108791589736938,-0.16425570845603943,0.2444923222064972,0.12074850499629974,1.0372779369354248,-0.29577019810676575,0.4593825042247772,0.9194462895393372,1.49093759059906,-0.4613284170627594,0.06318293511867523,0.10409190505743027,1.5006417036056519,-0.7092156410217285,0.2268405556678772
0,0.45417243242263794,0.3770374059677124,-1.1475708484649658,0.9999386668205261,0.4833191931247711,0.31204986572265625,-1.0793697834014893,0.9998499751091003,0.5041824579238892,0.31093844771385193,-1.0795475244522095,0.9998836517333984,0.5245717763900757,0.31053146719932556,-1.0799615383148193,0.9998411536216736,0.41940999031066895,0.31863662600517273,-1.0829172134399414,0.9998450875282288,0.401722252368927,0.32245776057243347,-1.081934928894043,0.999879777431488,0.3875235915184021,0.3262656033039093,-1.0821897983551025,0.9998441338539124,0.5480993390083313,0.3430789113044739,-0.6240246295928955,0.9998487830162048,0.36009481549263,0.36951589584350586,-0.6144065856933594,0.9998973608016968,0.5029827952384949,0.4424465000629425,-0.9745729565620422,0.9999324679374695,0.4146963059902191,0.45022547245025635,-0.9726399183273315,0.9999327063560486,0.7324533462524414,0.7007075548171997,-0.3031211793422699,0.9991000294685364,0.23838815093040466,0.7236058712005615,-0.403740257024765,0.999081015586853,0.8331650495529175,1.0152157545089722,-0.18331021070480347,0.16721977293491364,0.11023000627756119,1.04755437374115,-0.28709307312965393,0.3650282323360443,0.917218804359436,1.4965122938156128,-0.4753194749355316,0.025746624916791916,0.08103574067354202,1.5329684019088745,-0.6990064382553101,0.06290379166603088
0,0.5218622088432312,0.421365886926651,-1.1311900615692139,0.9999592304229736,0.5482804179191589,0.34895235300064087,-1.0746428966522217,0.9999217391014099,0.5651785731315613,0.34811368584632874,-1.074673056602478,0.9999275803565979,0.5843654274940491,0.34772470593452454,-1.0751782655715942,0.9999093413352966,0.4879440665245056,0.34827378392219543,-1.073172688484192,0.9999221563339233,0.46673697233200073,0.348114013671875,-1.0722328424453735,0.9999325275421143,0.44666552543640137,0.34861940145492554,-1.072424054145813,0.9999219179153442,0.6109491586685181,0.36533322930336,-0.6199948787689209,0.9999217987060547,0.41544994711875916,0.37249037623405457,-0.5913898348808289,0.9999489188194275,0.5554261207580566,0.48863017559051514,-0.954199492931366,0.9999654293060303,0.48086491227149963,0.4929940402507782,-0.9466185569763184,0.9999691843986511,0.7646094560623169,0.7033436298370361,-0.30345889925956726,0.9995124936103821,0.2725994884967804,0.7055879831314087,-0.34497854113578796,0.9994998574256897,0.8814593553543091,1.012809157371521,-0.25354260206222534,0.2902813255786896,0.11701055616140366,1.0124659538269043,-0.49528247117996216,0.4987603425979614,0.9457494020462036,1.483720302581787,-0.6075972318649292,0.05736389011144638,0.028440291061997414,1.3900068998336792,-1.300041913986206,0.17333398759365082
0,0.5155318975448608,0.4179137945175171,-1.067922830581665,0.9999448657035828,0.5448935627937317,0.34820428490638733,-1.0133136510849,0.9998891353607178,0.5609472990036011,0.34905678033828735,-1.0133271217346191,0.9998961687088013,0.579185426235199,0.3499522805213928,-1.0137364864349365,0.9998724460601807,0.48327502608299255,0.3427560031414032,-1.0174826383590698,0.9998929500579834,0.46096086502075195,0.34114977717399597,-1.0165793895721436,0.9999061226844788,0.4411667287349701,0.34139010310173035,-1.0168559551239014,0.9998927116394043,0.606174647808075,0.36901533603668213,-0.5668716430664062,0.9998827576637268,0.4126977324485779,0.3702101409435272,-0.5585982799530029,0.9999294281005859,0.5495550036430359,0.48594993352890015,-0.8921402096748352,0.9999505281448364,0.4749787449836731,0.48788756132125854,-0.8913255929946899,0.9999584555625916,0.760336697101593,0.7051230072975159,-0.25331810116767883,0.9994316697120667,0.26696139574050903,0.7139430642127991,-0.38183408975601196,0.9994506239891052,0.8659950494766235,1.0192656517028809,-0.14242534339427948,0.2366953343153,0.12499509751796722,1.0206573009490967,-0.39296963810920715,0.4487946927547455,0.9089127779006958,1.4935415983200073,-0.4536849856376648,0.0362081378698349,0.09197642654180527,1.4963765144348145,-0.8807128667831421,0.08543705940246582
0,0.5286417603492737,0.43058398365974426,-1.106285572052002,0.9999606013298035,0.554839551448822,0.36197662353515625,-1.0439174175262451,0.9999223947525024,0.569405734539032,0.3621431589126587,-1.0440130233764648,0.9999296069145203,0.5866304636001587,0.36230191588401794,-1.0445387363433838,0.9999115467071533,0.4967150092124939,0.3580079972743988,-1.045336127281189,0.999920666217804,0.4737516939640045,0.3570842444896698,-1.0444600582122803,0.9999316334724426,0.4537748694419861,0.3568803369998932,-1.0446279048919678,0.9999169111251831,0.6108543872833252,0.37756437063217163,-0.5705925822257996,0.9999279379844666,0.42193108797073364,0.3790724575519562,-0.5635830163955688,0.9999474287033081,0.5594767332077026,0.499759316444397,-0.9259324073791504,0.9999681115150452,0.4892905354499817,0.5049407482147217,-0.9239385724067688,0.999969482421875,0.7647977471351624,0.7164013981819153,-0.2629906237125397,0.9996377825737,0.27939385175704956,0.7139157652854919,-0.34333398938179016,0.9995442628860474,0.8816332817077637,1.0197937488555908,-0.2034091055393219,0.3212100863456726,0.11394266039133072,1.008453130722046,-0.682716965675354,0.4255348742008209,0.9505466222763062,1.5048061609268188,-0.561721682548523,0.05752350389957428,0.012216145172715187,1.2131555080413818,-1.7541139125823975,0.13281281292438507
1,0.6835160255432129,0.7332746982574463,-0.8826638460159302,0.9998632669448853,0.7155853509902954,0.686697781085968,-0.851887583732605,0.9996686577796936,0.7239100337028503,0.6920192241668701,-0.8515576124191284,0.9996464848518372,0.7322713136672974,0.6977691054344177,-0.8515864610671997,0.9995167851448059,0.6809829473495483,0.6558263301849365,-0.8750656843185425,0.999761164188385,0.6641156673431396,0.6380559206008911,-0.8742406964302063,0.9997618794441223,0.6463589668273926,0.6203747391700745,-0.8744671940803528,0.9997233748435974,0.7110978960990906,0.6863704919815063,-0.49282994866371155,0.999473512172699,0.6006306409835815,0.5867902636528015,-0.5921257138252258,0.9998480677604675,0.6628923416137695,0.7780240178108215,-0.7344629764556885,0.9998157620429993,0.6230484247207642,0.7544141411781311,-0.7637576460838318,0.9999205470085144,0.7561004757881165,0.8850377798080444,-0.24560418725013733,0.9994068741798401,0.3455451726913452,0.8059037923812866,-0.31266242265701294,0.9996738433837891,0.9053624272346497,1.2650731801986694,-0.21806427836418152,0.2530239224433899,0.22121934592723846,1.1941144466400146,-0.25977063179016113,0.18709857761859894,0.9118469953536987,1.359071969985962,-0.5966098308563232,0.5893595218658447,0.18375743925571442,1.575981616973877,-0.598272979259491,0.11193118244409561
1,0.6855471730232239,0.7403050661087036,-0.9033544659614563,0.999866783618927,0.716914713382721,0.6944366693496704,-0.8690449595451355,0.9996685981750488,0.7249070405960083,0.6986106038093567,-0.8686392903327942,0.999648928642273,0.7328752875328064,0.7030523419380188,-0.8686299324035645,0.9995042085647583,0.6845483183860779,0.6657034158706665,-0.8991142511367798,0.9997645020484924,0.668438196182251,0.6475921273231506,-0.8983262777328491,0.9997726678848267,0.6507977247238159,0.6285759806632996,-0.8984953761100769,0.9997339844703674,0.7121755480766296,0.6882399916648865,-0.47925958037376404,0.9994636178016663,0.6025151014328003,0.5896837115287781,-0.6136417984962463,0.9998573660850525,0.6642767190933228,0.7818378806114197,-0.7441279888153076,0.9998160004615784,0.6245870590209961,0.7585167288780212,-0.7833011746406555,0.9999234080314636,0.7530763149261475,0.8770918250083923,-0.21060356497764587,0.9994266629219055,0.348375141620636,0.8011780381202698,-0.3107782006263733,0.9996979832649231,0.9043842554092407,1.199299693107605,-0.29830044507980347,0.29573526978492737,0.21759597957134247,1.2176834344863892,-0.27364662289619446,0.24173328280448914,0.9119027256965637,0.9672530293464661,-0.7243854999542236,0.6338088512420654,0.18373608589172363,1.5674067735671997,-0.6185880899429321,0.1281808465719223
1,0.6949121952056885,0.7197980880737305,-0.8001802563667297,0.9997749924659729,0.7220033407211304,0.6785361766815186,-0.7650283575057983,0.9994921088218689,0.7281184792518616,0.6843907237052917,-0.7648114562034607,0.9993972182273865,0.7341845631599426,0.6901905536651611,-0.7647963762283325,0.9992289543151855,0.6933190822601318,0.6462681889533997,-0.7972829937934875,0.999650239944458,0.6788110733032227,0.6295279264450073,-0.7967318296432495,0.999629557132721,0.6634422540664673,0.6133469939231873,-0.797142744064331,0.9996105432510376,0.7112392783164978,0.6768757104873657,-0.45366138219833374,0.9991268515586853,0.6197194457054138,0.5876764059066772,-0.5965703129768372,0.9997648596763611,0.6682628393173218,0.7604873180389404,-0.6760179400444031,0.999739944934845,0.6311184167861938,0.7307620644569397,-0.7180472016334534,0.9998944997787476,0.7520695924758911,0.8767169713973999,-0.24788053333759308,0.9992743134498596,0.3463958203792572,0.8025307059288025,-0.40505585074424744,0.9996935725212097,0.8690762519836426,1.3094961643218994,-0.2864958941936493,0.2706257700920105,0.21678665280342102,1.221433401107788,-0.48748525977134705,0.23770001530647278,0.882672131061554,1.4413788318634033,-0.6079174876213074,0.6016202569007874,0.18078772723674774,1.573871374130249,-0.931830883026123,0.13903719186782837
1,0.7388643026351929,0.6711334586143494,-0.6338444948196411,0.9997466802597046,0.7566508650779724,0.6336717009544373,-0.5783231258392334,0.9994813799858093,0.7613605260848999,0.6403857469558716,-0.5778517127037048,0.9993765950202942,0.7656174898147583,0.6475579142570496,-0.5776447653770447,0.9992395639419556,0.7296599745750427,0.604827880859375,-0.6312984824180603,0.9996353983879089,0.7144699096679688,0.5899887681007385,-0.6307711601257324,0.9996238946914673,0.6988276243209839,0.5752399563789368,-0.6311009526252747,0.9996212124824524,0.7306936979293823,0.644894003868103,-0.23976583778858185,0.9990613460540771,0.6464147567749023,0.5552030205726624,-0.4907919764518738,0.9997307658195496,0.7154021263122559,0.719333291053772,-0.5090674161911011,0.9997082352638245,0.6830907464027405,0.6902315020561218,-0.5817359685897827,0.9998829960823059,0.7511883974075317,0.8686571717262268,-0.09913966059684753,0.9990972280502319,0.3515912592411041,0.789843738079071,-0.3631221055984497,0.9997034668922424,0.8585079908370972,1.2189894914627075,-0.17419560253620148,0.22225438058376312,0.20945993065834045,1.043746829032898,-0.570408284664154,0.2686581015586853,0.8957458734512329,0.9750959873199463,-0.4817586839199066,0.4292612373828888,0.17496618628501892,1.4763972759246826,-0.8948239088058472,0.1519479900598526
1,0.7365493178367615,0.6685096621513367,-0.6770321130752563,0.9997591376304626,0.7582740187644958,0.6322951912879944,-0.6253712177276611,0.9995540976524353,0.7634409666061401,0.6401084065437317,-0.6249067783355713,0.9994380474090576,0.768230676651001,0.648082435131073,-0.624740719795227,0.9993423819541931,0.7312097549438477,0.598997175693512,-0.6743167042732239,0.9996960759162903,0.7169623374938965,0.5839468836784363,-0.6737910509109497,0.9996777176856995,0.7027677297592163,0.5692381262779236,-0.6741443872451782,0.9996873736381531,0.7368317246437073,0.642438530921936,-0.2705691456794739,0.9991751313209534,0.654736340045929,0.5501482486724854,-0.50234055519104,0.9997738599777222,0.7130268812179565,0.7153000235557556,-0.5433474183082581,0.999738872051239,0.6786874532699585,0.6824010610580444,-0.610639214515686,0.9998993873596191,0.7474284172058105,0.8647462725639343,-0.11052926629781723,0.9990629553794861,0.36062318086624146,0.7760229706764221,-0.3563680052757263,0.9997406005859375,0.8922683000564575,1.1635136604309082,-0.28261852264404297,0.3102801442146301,0.2165500670671463,1.0469833612442017,-0.6345894932746887,0.3849492073059082,0.9165900945663452,0.9454063773155212,-0.6719443798065186,0.5190141201019287,0.16389797627925873,1.4444910287857056,-1.1105105876922607,0.22528338432312012
1,0.7204209566116333,0.7122215628623962,-0.7775465250015259,0.9996736645698547,0.7472107410430908,0.6696069240570068,-0.7334437966346741,0.9993676543235779,0.7502795457839966,0.6770222783088684,-0.7329639196395874,0.9992114305496216,0.7528988122940063,0.6841140985488892,-0.7327995896339417,0.9990016222000122,0.7262147068977356,0.6315993666648865,-0.782660186290741,0.9996129870414734,0.7141548991203308,0.6133894324302673,-0.7820634245872498,0.9996128678321838,0.701022744178772,0.5955841541290283,-0.7824884653091431,0.99961918592453,0.7227800488471985,0.6669074892997742,-0.38534900546073914,0.9988183379173279,0.6545334458351135,0.5673938989639282,-0.6177912950515747,0.9997662305831909,0.688732922077179,0.7514390349388123,-0.6406463384628296,0.9996089339256287,0.6648469567298889,0.7162972688674927,-0.7092717289924622,0.9998780488967896,0.7472202777862549,0.8775352239608765,-0.14086107909679413,0.9986661672592163,0.3615958094596863,0.7744617462158203,-0.44620728492736816,0.9997256398200989,0.8853376507759094,1.1960126161575317,-0.18074816465377808,0.33346784114837646,0.2118341624736786,1.0385935306549072,-0.6010165214538574,0.4347979724407196,0.9107903242111206,0.9624720811843872,-0.42602768540382385,0.595721423625946,0.1680799424648285,1.480381727218628,-0.9066640734672546,0.23635709285736084
1,0.7018439173698425,0.7424954175949097,-1.4576222896575928,0.9997099041938782,0.7372041940689087,0.6988951563835144,-1.4266358613967896,0.999415397644043,0.7438709735870361,0.7050777673721313,-1.4261211156845093,0.9992730617523193,0.7495546936988831,0.7112274765968323,-1.4261751174926758,0.9990665912628174,0.7066007256507874,0.6652051210403442,-1.4542109966278076,0.9996398687362671,0.6921269297599792,0.6468230485916138,-1.4536981582641602,0.999640941619873,0.6759856939315796,0.6280899047851562,-1.453959345817566,0.9996407628059387,0.7222851514816284,0.691635251045227,-1.0025032758712769,0.9988986253738403,0.6297497749328613,0.587946891784668,-1.1313369274139404,0.9997852444648743,0.6791508793830872,0.7845408916473389,-1.2785396575927734,0.9996492862701416,0.6415267586708069,0.7537650465965271,-1.31607985496521,0.9998891353607178,0.760185182094574,0.8862059116363525,-0.6553058624267578,0.9988214373588562,0.3525703549385071,0.793047308921814,-0.7825164794921875,0.9997548460960388,0.8784513473510742,1.2606066465377808,-0.5194635391235352,0.34041717648506165,0.1946791410446167,1.1802353858947754,-0.7534474730491638,0.4483986496925354,0.8871515393257141,1.5403831005096436,-0.8723705410957336,0.5783684253692627,0.17266349494457245,1.5302327871322632,-1.2065341472625732,0.23172105848789215
1,0.6945652365684509,0.7256596684455872,-0.7746578454971313,0.9997912049293518,0.7258574962615967,0.6813777685165405,-0.7331594228744507,0.9995423555374146,0.7326127886772156,0.6869366765022278,-0.732824981212616,0.9994469285011292,0.738501250743866,0.693157434463501,-0.7326582074165344,0.9992725253105164,0.6935420036315918,0.6522171497344971,-0.7740775346755981,0.9997087121009827,0.6777223348617554,0.6367730498313904,-0.7733815312385559,0.9997088313102722,0.6619283556938171,0.6215751767158508,-0.7737807035446167,0.9996922016143799,0.7103669047355652,0.6813942193984985,-0.3829041123390198,0.9991618394851685,0.6174255609512329,0.5924584865570068,-0.5707576274871826,0.9998236298561096,0.6715126037597656,0.7654438614845276,-0.6351481080055237,0.9997357130050659,0.6337596774101257,0.7408759593963623,-0.6904495358467102,0.9999110102653503,0.7541248202323914,0.8863685131072998,-0.16937623918056488,0.999170184135437,0.3482434153556824,0.7979899644851685,-0.36005544662475586,0.9997949004173279,0.8860667943954468,1.237887978553772,-0.2258695363998413,0.3483614921569824,0.19414600729942322,1.1904289722442627,-0.4423777461051941,0.4074930250644684,0.8997740745544434,1.185094952583313,-0.5891097784042358,0.6049163341522217,0.1742517054080963,1.5457203388214111,-0.7669733166694641,0.21066707372665405
1,0.731721818447113,0.6827084422111511,-0.7701953053474426,0.9997730255126953,0.7497361302375793,0.6441744565963745,-0.7115160226821899,0.9995433688163757,0.7539975643157959,0.6514909267425537,-0.7111867070198059,0.9994258880615234,0.7578712701797485,0.6593660712242126,-0.7111521363258362,0.999298095703125,0.7238672971725464,0.61350417137146,-0.7607424855232239,0.9996936321258545,0.708924412727356,0.5985655188560486,-0.7603678107261658,0.9996777772903442,0.6937884092330933,0.5838111639022827,-0.7607210278511047,0.999675989151001,0.7244507074356079,0.6582699418067932,-0.36627501249313354,0.9991410970687866,0.6419654488563538,0.5646668672561646,-0.6026170253753662,0.9997743368148804,0.7050878405570984,0.730771005153656,-0.643205463886261,0.9997448921203613,0.6736881732940674,0.6989176869392395,-0.710112988948822,0.9999045133590698,0.7558750510215759,0.8934686183929443,-0.22199420630931854,0.9991752505302429,0.34792888164520264,0.7986329793930054,-0.508811354637146,0.9997941255569458,0.8294848203659058,1.3066660165786743,-0.15798160433769226,0.2747246026992798,0.2109406739473343,1.0993012189865112,-0.6804980039596558,0.351892352104187,0.8646183013916016,1.5442910194396973,-0.4380306303501129,0.4287145733833313,0.18108318746089935,1.502357006072998,-1.19217848777771,0.17896650731563568
1,0.7530903816223145,0.6518711447715759,-0.6154225468635559,0.9997268915176392,0.7676165699958801,0.6203953623771667,-0.5591209530830383,0.9995291829109192,0.772019624710083,0.6268145442008972,-0.5587910413742065,0.9993856549263,0.7761596441268921,0.6335501074790955,-0.5586339235305786,0.9993088841438293,0.7421088218688965,0.5947263836860657,-0.609832763671875,0.9996849894523621,0.7276468276977539,0.5826556086540222,-0.6094267964363098,0.9996600151062012,0.7117923498153687,0.5693379640579224,-0.6098748445510864,0.99967360496521,0.7412474751472473,0.6353934407234192,-0.22624722123146057,0.9991136193275452,0.655819296836853,0.553808867931366,-0.46479493379592896,0.9997498393058777,0.7322028875350952,0.6997026801109314,-0.4933554530143738,0.9997249245643616,0.6998685598373413,0.6750684976577759,-0.5617867708206177,0.9998952746391296,0.7557498216629028,0.8644694685935974,-0.11323527246713638,0.9990702867507935,0.36267203092575073,0.7818405628204346,-0.34980279207229614,0.9997701048851013,0.8437585830688477,1.2081719636917114,-0.18482577800750732,0.2657318115234375,0.20826423168182373,1.0277187824249268,-0.6229084134101868,0.41097694635391235,0.8874045610427856,1.243226170539856,-0.603679895401001,0.4094419479370117,0.1575421839952469,1.425825595855713,-1.1618995666503906,0.22593876719474792
1,0.750456690788269,0.6456055045127869,-0.5999738574028015,0.9997551441192627,0.7659842371940613,0.6174314618110657,-0.5403704047203064,0.9995869398117065,0.7704581022262573,0.6247819662094116,-0.5398730635643005,0.9994478821754456,0.7747154831886292,0.632272481918335,-0.5395816564559937,0.9993939399719238,0.7401324510574341,0.5884355902671814,-0.592461884021759,0.9997279047966003,0.7255419492721558,0.5755068063735962,-0.5919264554977417,0.9997033476829529,0.7097811102867126,0.5618999004364014,-0.5923355221748352,0.9997230768203735,0.7407563328742981,0.6338740587234497,-0.20741286873817444,0.9991910457611084,0.6569444537162781,0.5510416626930237,-0.4538303017616272,0.9997814297676086,0.7282597422599792,0.6948410272598267,-0.4804825782775879,0.9997507333755493,0.6951270699501038,0.6618235111236572,-0.5519348978996277,0.9999079704284668,0.7539092898368835,0.8589792251586914,-0.10121375322341919,0.9990825653076172,0.3636920154094696,0.7755094766616821,-0.3211434483528137,0.9997872114181519,0.865311324596405,1.184977412223816,-0.18666592240333557,0.32406336069107056,0.20666353404521942,1.0325671434402466,-0.4583640694618225,0.4786631464958191,0.9125313758850098,0.9913201928138733,-0.5511317253112793,0.46158716082572937,0.15357866883277893,1.4397728443145752,-0.8172459602355957,0.27780723571777344
1,0.7528252601623535,0.7467222213745117,-0.7233889698982239,0.9996792674064636,0.7700666189193726,0.702634871006012,-0.7262126803398132,0.9994955062866211,0.7726467847824097,0.7065041065216064,-0.7256550788879395,0.9992780685424805,0.7754243612289429,0.7098218202590942,-0.7256094217300415,0.9992477297782898,0.7505565285682678,0.669447124004364,-0.7995377779006958,0.9996892809867859,0.7389878034591675,0.6505523324012756,-0.7987385988235474,0.9996432065963745,0.7265949249267578,0.6308157444000244,-0.7985892295837402,0.9996837973594666,0.7396484017372131,0.6677457094192505,-0.3847634792327881,0.9990420937538147,0.6789265871047974,0.5899485945701599,-0.6619459390640259,0.9997595548629761,0.7253884673118591,0.7768377065658569,-0.5967666506767273,0.9997255802154541,0.6976348757743835,0.7476796507835388,-0.729202389717102,0.999904990196228,0.7478044033050537,0.8605223298072815,-0.25949224829673767,0.9991301894187927,0.3672408163547516,0.7662330865859985,-0.5145299434661865,0.9998095035552979,0.876025378704071,1.1863760948181152,-0.3053293824195862,0.43037810921669006,0.19753381609916687,1.0326976776123047,-0.7130945920944214,0.5698089003562927,0.9160704612731934,0.9413701891899109,-0.6791247725486755,0.5890729427337646,0.13054034113883972,1.4747964143753052,-1.0655632019042969,0.3494160771369934
1,0.744208037853241,0.8085126280784607,-0.732393205165863,0.9990742206573486,0.7740293741226196,0.766964852809906,-0.6958012580871582,0.9987856149673462,0.7771119475364685,0.7694045305252075,-0.6954594850540161,0.9981167316436768,0.7799390554428101,0.7708744406700134,-0.6955683827400208,0.9981561899185181,0.7561205625534058,0.727387547492981,-0.7648962140083313,0.9992875456809998,0.7470012903213501,0.7016975283622742,-0.7646623849868774,0.9991775155067444,0.7368002533912659,0.6759189963340759,-0.765311598777771,0.9993559718132019,0.7439397573471069,0.7184051871299744,-0.3572653830051422,0.997925341129303,0.6965182423591614,0.6237580180168152,-0.6673374176025391,0.999579906463623,0.7101665735244751,0.8243694305419922,-0.5871114134788513,0.9994640946388245,0.6890012621879578,0.7959715723991394,-0.6804486513137817,0.9998371601104736,0.7415761351585388,0.8767302632331848,-0.11385641992092133,0.9987343549728394,0.37258368730545044,0.7670807242393494,-0.5194112658500671,0.9998036623001099,0.8850711584091187,1.2051146030426025,-0.17687003314495087,0.46586623787879944,0.18715985119342804,1.125167965888977,-0.7964202761650085,0.6279296875,0.8621673583984375,1.0471091270446777,-0.4527183473110199,0.5936803817749023,0.13661596179008484,1.5077645778656006,-1.187951683998108,0.36750179529190063
1,0.7412390112876892,0.8168393969535828,-0.8945373296737671,0.9991112351417542,0.7739277482032776,0.7734634876251221,-0.8607276082038879,0.9987974166870117,0.7769789099693298,0.77472984790802,-0.8604337573051453,0.998155415058136,0.7797955274581909,0.7753308415412903,-0.8604556918144226,0.9981245994567871,0.7558108568191528,0.7411686182022095,-0.9397948980331421,0.9993090629577637,0.7466707229614258,0.717911958694458,-0.939755916595459,0.9992179870605469,0.7366162538528442,0.6938464045524597,-0.9404059648513794,0.9993754029273987,0.7444517612457275,0.7216721773147583,-0.4982084333896637,0.9979649782180786,0.6960693001747131,0.6325439214706421,-0.8622609972953796,0.9996219277381897,0.7080847024917603,0.8339937925338745,-0.7391724586486816,0.9994379878044128,0.6872991323471069,0.8098064661026001,-0.8461869955062866,0.9998396635055542,0.739129900932312,0.8776004910469055,-0.2034764289855957,0.998500645160675,0.37256115674972534,0.7726583480834961,-0.6830480098724365,0.9997988939285278,0.8885893821716309,1.2006202936172485,-0.26617762446403503,0.44933414459228516,0.1892571598291397,1.0965466499328613,-0.9027767181396484,0.6401984691619873,0.865073025226593,1.0500993728637695,-0.649782657623291,0.5923973917961121,0.16209378838539124,1.5097339153289795,-1.300797700881958,0.3655361235141754
1,0.7308265566825867,0.8090540766716003,-0.8253999948501587,0.9992744326591492,0.7630376815795898,0.7639560699462891,-0.7864118814468384,0.998978316783905,0.7667037844657898,0.7656956911087036,-0.7859066128730774,0.9984617233276367,0.7704715728759766,0.7672001123428345,-0.7856788039207458,0.998383104801178,0.7439166307449341,0.7357357740402222,-0.8544284701347351,0.9994279146194458,0.7332226634025574,0.7162240147590637,-0.8541134595870972,0.9993656873703003,0.7207198739051819,0.694972038269043,-0.8545643091201782,0.9994826316833496,0.739039957523346,0.7232214212417603,-0.4234183430671692,0.9982896447181702,0.6694977283477783,0.6335679888725281,-0.7981602549552917,0.9997024536132812,0.7030891180038452,0.835856556892395,-0.6744238138198853,0.9994897246360779,0.6773979663848877,0.8130527138710022,-0.767656683921814,0.9998611211776733,0.7342644333839417,0.8697093725204468,-0.1716446429491043,0.9985406994819641,0.36278194189071655,0.7861483097076416,-0.621735692024231,0.9998157024383545,0.9147074818611145,1.1192585229873657,-0.24203559756278992,0.4543348550796509,0.17904314398765564,1.1943881511688232,-0.8556323051452637,0.6491804122924805,0.8866672515869141,0.9222617745399475,-0.5417110919952393,0.6168373823165894,0.18492597341537476,1.5382120609283447,-1.119418740272522,0.3533615469932556
1,0.27970921993255615,0.5751054883003235,-0.40427151322364807,0.9998480081558228,0.28935128450393677,0.5160295367240906,-0.44717901945114136,0.9997588396072388,0.300823450088501,0.5052117109298706,-0.4471450746059418,0.9998059868812561,0.3128047585487366,0.49454769492149353,-0.44766464829444885,0.9998174905776978,0.2592318654060364,0.544860303401947,-0.3587668240070343,0.9996311664581299,0.2499774992465973,0.5548078417778015,-0.3579193949699402,0.9995782971382141,0.24060162901878357,0.5641857981681824,-0.3582015931606293,0.9995226860046387,0.36428365111351013,0.5003557205200195,-0.42358583211898804,0.9999035000801086,0.2709847092628479,0.5686723589897156,-0.004400965292006731,0.9996337294578552,0.32700812816619873,0.5949874520301819,-0.38326865434646606,0.9998762607574463,0.2875094711780548,0.6310325264930725,-0.2625844180583954,0.9996668100357056,0.6512544751167297,0.7483916878700256,-0.37057575583457947,0.9996086955070496,0.2506555914878845,0.867336630821228,0.1327180415391922,0.9979811310768127,0.8021498918533325,1.0335930585861206,-0.46239638328552246,0.5223084092140198,0.05754822492599487,1.1463769674301147,-0.18932686746120453,0.33094292879104614,0.8936767578125,1.4892284870147705,-0.46591252088546753,0.22092045843601227,-0.05105531960725784,1.0962194204330444,-0.9745499491691589,0.331773579120636
1,0.27927181124687195,0.6050796508789062,-0.39167162775993347,0.9998817443847656,0.28714972734451294,0.5395771861076355,-0.43596401810646057,0.9998170137405396,0.2997170090675354,0.5251272320747375,-0.4359256625175476,0.9998515248298645,0.3124408423900604,0.5111569166183472,-0.4365764260292053,0.9998654723167419,0.2560362219810486,0.5773983597755432,-0.3465544879436493,0.9997124075889587,0.24653252959251404,0.5890486836433411,-0.34568530321121216,0.9996600151062012,0.23761078715324402,0.5995174050331116,-0.3459225296974182,0.9996196627616882,0.3648843765258789,0.5053255558013916,-0.4243573248386383,0.9999297261238098,0.26627904176712036,0.5957471132278442,0.005350533407181501,0.9996943473815918,0.3273158073425293,0.6109262704849243,-0.3734932541847229,0.9999046921730042,0.2877960205078125,0.6562434434890747,-0.2499944269657135,0.9997208118438721,0.6535869836807251,0.7519281506538391,-0.4035985469818115,0.9996477365493774,0.2589741051197052,0.8668938279151917,0.1499606966972351,0.9980498552322388,0.8051955103874207,1.0336709022521973,-0.500961422920227,0.5253942012786865,-0.005018830299377441,1.0563510656356812,-0.053119201213121414,0.4353366196155548,0.8873680233955383,1.511204481124878,-0.5020614266395569,0.23262323439121246,-0.030390340834856033,0.8071264028549194,-0.5585374236106873,0.4617295265197754
1,0.2743426561355591,0.6389715075492859,-0.38656705617904663,0.9998950362205505,0.27385371923446655,0.5745071172714233,-0.4356466233730316,0.9998348951339722,0.28645387291908264,0.5563290119171143,-0.43548035621643066,0.9998612999916077,0.2990179657936096,0.5396342873573303,-0.4359089732170105,0.9998793601989746,0.24538454413414001,0.6197477579116821,-0.3337213397026062,0.9997401833534241,0.23750218749046326,0.633165180683136,-0.33257970213890076,0.9996827840805054,0.23033595085144043,0.6443889141082764,-0.3326520025730133,0.9996546506881714,0.34832853078842163,0.5275329351425171,-0.43735796213150024,0.9999358057975769,0.2600448727607727,0.6390715837478638,0.041616424918174744,0.9997144341468811,0.3264545798301697,0.6311772465705872,-0.3797837793827057,0.9999117255210876,0.2880783677101135,0.6911752223968506,-0.23940861225128174,0.9997335076332092,0.6463334560394287,0.7497271299362183,-0.41789355874061584,0.9996751546859741,0.24383172392845154,0.8840053081512451,0.17561818659305573,0.9982286095619202,0.813233494758606,1.0314648151397705,-0.4949427545070648,0.5363959670066833,-0.05985255911946297,0.9800141453742981,-0.2717704772949219,0.5287631750106812,0.9052138328552246,1.4981712102890015,-0.42703890800476074,0.23712967336177826,0.040968552231788635,0.6421940326690674,-0.9573933482170105,0.5051043033599854
1,0.2570739686489105,0.6882836818695068,-0.6157851219177246,0.9996893405914307,0.24988007545471191,0.6115474104881287,-0.6813839673995972,0.9995444416999817,0.261039674282074,0.592176079750061,-0.6813080906867981,0.9995834827423096,0.27333176136016846,0.5734017491340637,-0.681715190410614,0.9996457695960999,0.2243761569261551,0.6612159013748169,-0.5804135799407959,0.9992344975471497,0.21812348067760468,0.6743818521499634,-0.5794495344161987,0.9989732503890991,0.21277937293052673,0.6860590577125549,-0.5796744227409363,0.9989102482795715,0.3241429924964905,0.5456244945526123,-0.7294501662254333,0.9998111724853516,0.23968084156513214,0.6648102402687073,-0.23801985383033752,0.9991285800933838,0.3129802942276001,0.6805763244628906,-0.6134536266326904,0.9997953772544861,0.27791786193847656,0.7354910969734192,-0.4712262749671936,0.9994100332260132,0.6448984146118164,0.7447054386138916,-0.6483121514320374,0.9996711611747742,0.2272394448518753,0.8900942206382751,-0.07440256327390671,0.9980860948562622,0.8128582835197449,1.0455774068832397,-0.6572548151016235,0.5702179670333862,0.11022420227527618,1.3111401796340942,-0.1680355668067932,0.462339848279953,0.9034737348556519,1.5351670980453491,-0.5917638540267944,0.24563907086849213,0.09933112561702728,1.6237636804580688,-0.7633692622184753,0.41423743963241577
1,0.2795966565608978,0.626017689704895,-0.5737582445144653,0.9996623992919922,0.2700507938861847,0.5619869232177734,-0.6136782169342041,0.9994999766349792,0.28214699029922485,0.5452269911766052,-0.6134477257728577,0.9995620250701904,0.29422861337661743,0.5285650491714478,-0.6136113405227661,0.9996107220649719,0.2369130551815033,0.6148372292518616,-0.5384677648544312,0.9991574287414551,0.22679290175437927,0.6338295340538025,-0.537535548210144,0.9989205598831177,0.21857531368732452,0.6521590352058411,-0.537841260433197,0.9988223314285278,0.3349970579147339,0.5224055051803589,-0.6276547312736511,0.9997977614402771,0.24055814743041992,0.6618325114250183,-0.21572645008563995,0.9991133809089661,0.3430713415145874,0.6213827133178711,-0.5548099279403687,0.9997538328170776,0.29730096459388733,0.695126473903656,-0.4483359456062317,0.9993254542350769,0.6470708250999451,0.7410670518875122,-0.49460744857788086,0.9996715784072876,0.22454018890857697,0.8918309807777405,-0.11191214621067047,0.9977224469184875,0.8067690134048462,1.0278286933898926,-0.5258684754371643,0.4947618246078491,0.12427373975515366,1.311551570892334,-0.1840185672044754,0.29538223147392273,0.8814135789871216,1.5239378213882446,-0.5754886865615845,0.21830804646015167,0.10275731980800629,1.6244806051254272,-0.6932860612869263,0.25305166840553284
1,0.2819100618362427,0.5959767699241638,-0.4804413318634033,0.9997748136520386,0.28204160928726196,0.5376654267311096,-0.5177003145217896,0.9996579885482788,0.2964470386505127,0.5235984921455383,-0.5175348520278931,0.9997079372406006,0.31080418825149536,0.5091419219970703,-0.5179522037506104,0.9997351765632629,0.24457421898841858,0.5770833492279053,-0.43359023332595825,0.9994317293167114,0.23413357138633728,0.590272843837738,-0.43272286653518677,0.99929279088974,0.2254519760608673,0.603206217288971,-0.4330509603023529,0.9992149472236633,0.3602801561355591,0.5074737071990967,-0.4956701397895813,0.9998621940612793,0.2519384026527405,0.6159656047821045,-0.1011444553732872,0.9994063973426819,0.3442081809043884,0.6047534942626953,-0.4567912220954895,0.9998258948326111,0.29750779271125793,0.6581464409828186,-0.3480367064476013,0.9995328187942505,0.6584702730178833,0.7501232028007507,-0.41094034910202026,0.9997361302375793,0.23567430675029755,0.8843157291412354,-0.04081273823976517,0.9983083605766296,0.8041102290153503,1.0383638143539429,-0.435276597738266,0.4453313946723938,0.1362118273973465,1.2870781421661377,-0.07380053400993347,0.20731565356254578,0.871986985206604,1.5273653268814087,-0.46720772981643677,0.15584900975227356,0.10691423714160919,1.5848315954208374,-0.5360498428344727,0.1573534905910492
1,0.25906744599342346,0.5491962432861328,-0.5066986083984375,0.9997892379760742,0.2759605348110199,0.5017113089561462,-0.5681945085525513,0.999701738357544,0.2894185185432434,0.4908585250377655,-0.5680488348007202,0.9997414946556091,0.3024526536464691,0.4799949526786804,-0.568426251411438,0.9997678995132446,0.24335023760795593,0.53216153383255,-0.45843571424484253,0.9995119571685791,0.23443269729614258,0.5431181192398071,-0.4576541781425476,0.9994146823883057,0.22655244171619415,0.5530274510383606,-0.45806676149368286,0.9993503093719482,0.35801035165786743,0.48527342081069946,-0.645447850227356,0.9998632669448853,0.26350662112236023,0.5645034909248352,-0.12153688818216324,0.9994603991508484,0.3096008002758026,0.565966010093689,-0.5238334536552429,0.9998286366462708,0.2698662579059601,0.5990934371948242,-0.3717729449272156,0.9995492100715637,0.6575786471366882,0.7471693158149719,-0.5734272003173828,0.9996797442436218,0.24892349541187286,0.8745462894439697,-0.00044943223474547267,0.9982481002807617,0.804646372795105,1.0345834493637085,-0.6368085741996765,0.448454350233078,0.15502752363681793,1.3019919395446777,-0.0725550502538681,0.1374201774597168,0.8828797340393066,1.5127397775650024,-0.6942291855812073,0.15231972932815552,0.10208193212747574,1.5957061052322388,-0.6877197027206421,0.08968272060155869
1,0.2488858699798584,0.57415771484375,-0.5194035768508911,0.999789297580719,0.2620203495025635,0.5191989541053772,-0.5797125101089478,0.9996964931488037,0.2736700177192688,0.5075715184211731,-0.5795207619667053,0.999740719795227,0.2860054671764374,0.4944303631782532,-0.5798648595809937,0.999755859375,0.23750638961791992,0.5503138303756714,-0.47328972816467285,0.9995468854904175,0.23194237053394318,0.5610472559928894,-0.4724712371826172,0.9994977712631226,0.22722402215003967,0.5708555579185486,-0.4728337824344635,0.9994444847106934,0.3434509336948395,0.49022185802459717,-0.6372154355049133,0.9998452067375183,0.2673097252845764,0.5684179067611694,-0.1267051100730896,0.9995394349098206,0.2955183982849121,0.5898786187171936,-0.5259758234024048,0.9998018741607666,0.2636927366256714,0.6289576292037964,-0.3784821331501007,0.9995622038841248,0.6555389761924744,0.7434883117675781,-0.5758277773857117,0.9996588826179504,0.24706518650054932,0.8639554977416992,-0.013269049115478992,0.9990168809890747,0.8039663434028625,1.0285528898239136,-0.6291582584381104,0.4544597566127777,0.15163806080818176,1.2871183156967163,-0.04132479801774025,0.12908059358596802,0.8852806091308594,1.507373332977295,-0.6693911552429199,0.12317962944507599,0.0832604318857193,1.544304609298706,-0.6101665496826172,0.06699373573064804
1,0.23024341464042664,0.6146586537361145,-0.435344398021698,0.9998269081115723,0.2345753163099289,0.5543709993362427,-0.4887974262237549,0.9997525811195374,0.24706187844276428,0.5407321453094482,-0.48861202597618103,0.999791145324707,0.26018837094306946,0.5256274342536926,-0.4889530539512634,0.9998018145561218,0.20889337360858917,0.5921523571014404,-0.3822609782218933,0.9996299147605896,0.2029418647289276,0.6050291061401367,-0.3813757300376892,0.9995931386947632,0.1981320083141327,0.6167335510253906,-0.3816959261894226,0.9995489716529846,0.3179742395877838,0.5099117755889893,-0.5382294058799744,0.9998763799667358,0.23087668418884277,0.624993085861206,-0.03822488710284233,0.9996300935745239,0.28257834911346436,0.6283298134803772,-0.4460832476615906,0.9998268485069275,0.2464129477739334,0.6733736395835876,-0.29825359582901,0.9996154308319092,0.6347305178642273,0.7339540123939514,-0.4816322922706604,0.9996683597564697,0.22833871841430664,0.8839784264564514,0.05084319785237312,0.9989181756973267,0.7974235415458679,1.0222684144973755,-0.5247598886489868,0.4418320059776306,0.13578858971595764,1.2839570045471191,0.029072562232613564,0.11082686483860016,0.8878072500228882,1.468117356300354,-0.5195841193199158,0.11278747022151947,0.11017885059118271,1.590942144393921,-0.43442264199256897,0.05128791183233261
1,0.22749419510364532,0.6670942902565002,-0.43469366431236267,0.9998543858528137,0.22965511679649353,0.6019590497016907,-0.4898238182067871,0.9998000264167786,0.24019935727119446,0.5874137282371521,-0.4897402226924896,0.9998306035995483,0.2515528202056885,0.5730145573616028,-0.4901655614376068,0.9998394250869751,0.20677904784679413,0.6407907009124756,-0.38822534680366516,0.9996997117996216,0.2009892761707306,0.6525059938430786,-0.3873829245567322,0.9996670484542847,0.19582237303256989,0.6642249822616577,-0.38775354623794556,0.9996339678764343,0.30732035636901855,0.5512449145317078,-0.5280908346176147,0.9999032020568848,0.23058290779590607,0.6583321690559387,-0.04739727824926376,0.9997074604034424,0.27713921666145325,0.6744251251220703,-0.4361518919467926,0.9998553991317749,0.24243824183940887,0.7178842425346375,-0.2968002259731293,0.9996781945228577,0.6257240772247314,0.7320770025253296,-0.4525527060031891,0.999691903591156,0.21933940052986145,0.8987433314323425,0.05478339269757271,0.9988696575164795,0.7974033355712891,1.021144986152649,-0.4859763979911804,0.4801334738731384,0.10146759450435638,1.2855392694473267,-0.11574684083461761,0.11507714539766312,0.9039802551269531,1.502173662185669,-0.4759560525417328,0.12414004653692245,0.05214185267686844,1.5812617540359497,-0.7781264185905457,0.05312075465917587
1,0.2339186668395996,0.6887851357460022,-0.4361218810081482,0.9998331069946289,0.23365294933319092,0.6185027360916138,-0.4944242537021637,0.999759316444397,0.24544036388397217,0.6006730198860168,-0.49446970224380493,0.9998093247413635,0.2582234740257263,0.5835346579551697,-0.49511590600013733,0.999812662601471,0.2081422358751297,0.6634679436683655,-0.3945564031600952,0.9996223449707031,0.20253689587116241,0.6757740378379822,-0.39366427063941956,0.9995993971824646,0.19789227843284607,0.6872743964195251,-0.39401352405548096,0.9995394349098206,0.30890557169914246,0.5557171106338501,-0.5384679436683655,0.9998964667320251,0.22970029711723328,0.6777036786079407,-0.06048789620399475,0.9996411800384521,0.2915176451206207,0.6867380142211914,-0.4369697570800781,0.9998353123664856,0.25431379675865173,0.7378756999969482,-0.29860395193099976,0.9995973110198975,0.6266502141952515,0.7330850958824158,-0.5026909708976746,0.9997180700302124,0.215154767036438,0.9074442386627197,0.03959324583411217,0.9986901879310608,0.800563633441925,1.0350075960159302,-0.5334328413009644,0.5074777007102966,0.11983839422464371,1.2906334400177002,0.009263469837605953,0.1055140346288681,0.8885515928268433,1.5450472831726074,-0.47446075081825256,0.11740424484014511,0.10629194974899292,1.6190552711486816,-0.4533153176307678,0.043352946639060974
1,0.45690208673477173,0.7840642333030701,-1.6831588745117188,0.9993017911911011,0.48617640137672424,0.7141129970550537,-1.703838586807251,0.9982634782791138,0.5085984468460083,0.7060720324516296,-1.7036186456680298,0.9985905289649963,0.5281631350517273,0.6970773339271545,-1.7041504383087158,0.9980988502502441,0.42597776651382446,0.7182604074478149,-1.688966989517212,0.9983808994293213,0.4093015193939209,0.7134027481079102,-1.6883236169815063,0.9986757636070251,0.394054114818573,0.7075124382972717,-1.6886078119277954,0.9983985424041748,0.5603705644607544,0.6553342938423157,-1.3314954042434692,0.9988121390342712,0.3795262277126312,0.663042426109314,-1.2318750619888306,0.9991248846054077,0.4997531771659851,0.8209291100502014,-1.4986572265625,0.9994255304336548,0.4366849958896637,0.8237863779067993,-1.471306562423706,0.9994456171989441,0.7309137582778931,0.8347687125205994,-0.8565239906311035,0.9989837408065796,0.2683742940425873,0.8395012617111206,-0.7709228992462158,0.9995002746582031,0.8334640264511108,1.2050451040267944,-0.6929880976676941,0.31349828839302063,0.1416248232126236,1.2436106204986572,-0.4878641664981842,0.5066776871681213,0.8185285329818726,1.5384844541549683,-0.8818303346633911,0.02697712928056717,0.13452690839767456,1.5875790119171143,-0.831086277961731,0.07926169782876968
1,0.4695449769496918,0.7878011465072632,-1.873652696609497,0.9992915391921997,0.4978267550468445,0.7193112969398499,-1.9024683237075806,0.9983749389648438,0.518876850605011,0.7110172510147095,-1.9021379947662354,0.9986434578895569,0.5376945734024048,0.7012613415718079,-1.9026215076446533,0.9982323050498962,0.43562498688697815,0.7227420210838318,-1.8932926654815674,0.9984526038169861,0.41730672121047974,0.7173596024513245,-1.8925974369049072,0.9986730813980103,0.4009450376033783,0.7107021808624268,-1.8927631378173828,0.9984154105186462,0.5670677423477173,0.6551456451416016,-1.5168554782867432,0.9989138245582581,0.3827599585056305,0.6616362929344177,-1.4452142715454102,0.999164342880249,0.5101061463356018,0.8238652348518372,-1.6798975467681885,0.9994632005691528,0.4452698230743408,0.8255243897438049,-1.6599781513214111,0.9994780421257019,0.732615053653717,0.8354184627532959,-0.9940990209579468,0.9991782307624817,0.26789745688438416,0.839728057384491,-0.9135972261428833,0.9995222091674805,0.8397505879402161,1.192401647567749,-0.7229741811752319,0.3566264808177948,0.14415405690670013,1.2511757612228394,-0.572562575340271,0.5368011593818665,0.8375324010848999,1.5342767238616943,-0.9757875204086304,0.028733331710100174,0.13563254475593567,1.5994946956634521,-0.8967394828796387,0.07655230909585953
1,0.4693184792995453,0.7927273511886597,-1.8777313232421875,0.9993695020675659,0.4998190999031067,0.7225646376609802,-1.9147294759750366,0.9985884428024292,0.5206121206283569,0.7141532301902771,-1.9142849445343018,0.9988045692443848,0.539252519607544,0.703934371471405,-1.9147217273712158,0.9984591007232666,0.43608665466308594,0.7255163788795471,-1.9113069772720337,0.9986544251441956,0.4175564646720886,0.7198204398155212,-1.9108226299285889,0.9988304376602173,0.4011259973049164,0.7127614617347717,-1.9109445810317993,0.9986070990562439,0.5674693584442139,0.6563524603843689,-1.55898118019104,0.999052882194519,0.3830244243144989,0.6611019372940063,-1.519218921661377,0.9992812871932983,0.5101320743560791,0.827881395816803,-1.6928164958953857,0.9995256066322327,0.4445455074310303,0.8292220830917358,-1.6803576946258545,0.999539852142334,0.732840895652771,0.8355646133422852,-1.0516437292099,0.9993131756782532,0.2656031548976898,0.8403100371360779,-0.9504052996635437,0.9995871782302856,0.8377782106399536,1.1922247409820557,-0.7569164633750916,0.3789059817790985,0.1381666213274002,1.2515742778778076,-0.6829836964607239,0.567733645439148,0.8346307873725891,1.5418128967285156,-0.938376784324646,0.03144683688879013,0.13052836060523987,1.6013253927230835,-0.9962586164474487,0.08213993906974792
1,0.4645155370235443,0.7847523093223572,-1.7124502658843994,0.9994468092918396,0.4955556392669678,0.7171621918678284,-1.7346112728118896,0.9987525343894958,0.5172170400619507,0.7090668082237244,-1.7342965602874756,0.9989306926727295,0.5362705588340759,0.6996616125106812,-1.7347843647003174,0.9986183643341064,0.4331246018409729,0.719973623752594,-1.72658371925354,0.9988278746604919,0.4153439998626709,0.7141275405883789,-1.7258344888687134,0.998981237411499,0.3993048071861267,0.7070451378822327,-1.7260545492172241,0.9987877607345581,0.5668221116065979,0.6551628708839417,-1.3564318418502808,0.9991463422775269,0.383285254240036,0.6558911204338074,-1.2905068397521973,0.9993835091590881,0.5063042044639587,0.8212321996688843,-1.5256513357162476,0.9995846748352051,0.4413391053676605,0.8212928175926208,-1.507312297821045,0.9996069669723511,0.7324321269989014,0.8357101678848267,-0.8583919405937195,0.9994214177131653,0.2646392583847046,0.842205286026001,-0.8271697163581848,0.9996613264083862,0.8401552438735962,1.2007591724395752,-0.5904793739318848,0.3810659348964691,0.13493555784225464,1.2511506080627441,-0.5247501134872437,0.5956593751907349,0.8308575749397278,1.5669573545455933,-0.8082473874092102,0.028977099806070328,0.1246161088347435,1.609031319618225,-0.8339398503303528,0.08036258071660995
1,0.47129377722740173,0.7915453314781189,-1.7976481914520264,0.9994732141494751,0.5007320046424866,0.7213335037231445,-1.8231979608535767,0.998813807964325,0.5219811201095581,0.7125595808029175,-1.8228614330291748,0.9989815950393677,0.5409802198410034,0.7023979425430298,-1.8233426809310913,0.9986790418624878,0.43896302580833435,0.7254034876823425,-1.8205797672271729,0.9988875389099121,0.42082634568214417,0.7198153734207153,-1.8199708461761475,0.999038815498352,0.4046829640865326,0.7129560708999634,-1.820254921913147,0.9988534450531006,0.5690048933029175,0.6555455923080444,-1.4324607849121094,0.9991793632507324,0.38669511675834656,0.6588436961174011,-1.3939605951309204,0.9994259476661682,0.5109014511108398,0.8256607055664062,-1.603280782699585,0.9996010065078735,0.4470086693763733,0.8276374340057373,-1.5929595232009888,0.9996246695518494,0.7336041927337646,0.8358970284461975,-0.8903861045837402,0.9994553923606873,0.266641229391098,0.8427810668945312,-0.9180781245231628,0.9996842741966248,0.8366621136665344,1.2050055265426636,-0.6088664531707764,0.3891918361186981,0.1370699554681778,1.250618815422058,-0.6597389578819275,0.6114881634712219,0.831036388874054,1.5522607564926147,-0.8697351217269897,0.03006507270038128,0.12433147430419922,1.607102632522583,-1.0008001327514648,0.08369386196136475
1,0.47279906272888184,0.7987258434295654,-1.8451439142227173,0.9993973970413208,0.5021337866783142,0.7270905375480652,-1.8802375793457031,0.9986932873725891,0.5231239795684814,0.7187699675559998,-1.879817247390747,0.9988641738891602,0.5420023202896118,0.7088125944137573,-1.8803160190582275,0.9985535144805908,0.44041746854782104,0.7306261658668518,-1.8736282587051392,0.9987847805023193,0.4220549166202545,0.7251864671707153,-1.8730751276016235,0.9989338517189026,0.4057702124118805,0.7184841632843018,-1.8732496500015259,0.9987418055534363,0.5696734189987183,0.6597086191177368,-1.5233633518218994,0.9991151094436646,0.38822320103645325,0.6639270782470703,-1.4643992185592651,0.9993672966957092,0.5117973685264587,0.831426739692688,-1.6608260869979858,0.999554455280304,0.4486450254917145,0.8340156674385071,-1.6449133157730103,0.9995842576026917,0.7337561249732971,0.8361419439315796,-1.005399465560913,0.999449610710144,0.26984328031539917,0.8416045904159546,-0.9619598388671875,0.9996784925460815,0.8360848426818848,1.1983779668807983,-0.7255831956863403,0.39489588141441345,0.14063027501106262,1.2394617795944214,-0.6623579263687134,0.6175456047058105,0.8283737301826477,1.5460097789764404,-0.911727249622345,0.029708048328757286,0.1308175027370453,1.585355520248413,-0.9510415196418762,0.08708080649375916
1,0.47347450256347656,0.8022383451461792,-1.884800910949707,0.9994040727615356,0.5017843842506409,0.7296134829521179,-1.919927954673767,0.9987232089042664,0.5228875875473022,0.7210813164710999,-1.9195191860198975,0.9988906979560852,0.5419045090675354,0.7107715606689453,-1.9200413227081299,0.9985918998718262,0.44063353538513184,0.7334709167480469,-1.9105405807495117,0.9988144636154175,0.42251864075660706,0.7281075716018677,-1.9100515842437744,0.9989580512046814,0.4062802791595459,0.7214811444282532,-1.9102985858917236,0.9987725615501404,0.5693608522415161,0.6608034372329712,-1.5628536939620972,0.9991455078125,0.3891233801841736,0.6667009592056274,-1.4947468042373657,0.9993913173675537,0.5121732950210571,0.8340994119644165,-1.7002407312393188,0.9995617866516113,0.4495663642883301,0.8368439078330994,-1.6813989877700806,0.9995898604393005,0.7342463731765747,0.8367233276367188,-1.0276708602905273,0.9994760155677795,0.27011746168136597,0.8417426347732544,-0.9879884719848633,0.9996985197067261,0.8339751362800598,1.1999881267547607,-0.7502542734146118,0.40570974349975586,0.1427501142024994,1.2446389198303223,-0.732193112373352,0.6358962059020996,0.8275809288024902,1.5457394123077393,-0.9587068557739258,0.030856840312480927,0.13371077179908752,1.5946831703186035,-1.071074366569519,0.09211888164281845
1,0.4248354434967041,0.4478699564933777,-0.5535287261009216,0.9997032284736633,0.438303142786026,0.4176197052001953,-0.5403276681900024,0.9992790222167969,0.45481306314468384,0.4171698987483978,-0.5399239659309387,0.9994131922721863,0.46987539529800415,0.4183656871318817,-0.5398520231246948,0.9993569254875183,0.3930751383304596,0.4347028434276581,-0.500569224357605,0.9992421269416809,0.3787044882774353,0.44646990299224854,-0.4998106062412262,0.9993353486061096,0.36490753293037415,0.45948490500450134,-0.5001206398010254,0.9992462992668152,0.5039284229278564,0.4774726927280426,-0.39667046070098877,0.9994136095046997,0.3630945682525635,0.5234100222587585,-0.19782420992851257,0.9993354678153992,0.47026729583740234,0.5067666172981262,-0.5009077191352844,0.9995962381362915,0.4080013334751129,0.5263873934745789,-0.44408220052719116,0.999450147151947,0.7027300596237183,0.7803589701652527,-0.29862096905708313,0.9989377856254578,0.2805483639240265,0.834905743598938,-0.15234874188899994,0.9987842440605164,0.8185921907424927,1.0109901428222656,-0.24453485012054443,0.2159057855606079,0.17510607838630676,1.2005561590194702,-0.1553622931241989,0.15108580887317657,0.8815137147903442,1.4760183095932007,-0.26971492171287537,0.058729011565446854,0.1398889720439911,1.5040607452392578,-0.534542441368103,0.06320326775312424
1,0.39325183629989624,0.4661480188369751,-0.5391768217086792,0.9997318387031555,0.40739870071411133,0.4378710687160492,-0.5525459051132202,0.9993898272514343,0.42310070991516113,0.4371998608112335,-0.5521894693374634,0.9994763731956482,0.43916016817092896,0.43751060962677,-0.5521630048751831,0.9994679689407349,0.3709236979484558,0.45115676522254944,-0.49221792817115784,0.9993449449539185,0.3598494529724121,0.45894482731819153,-0.4914219379425049,0.9993776679039001,0.34910160303115845,0.4673323929309845,-0.491781085729599,0.9993277192115784,0.4840352535247803,0.49438372254371643,-0.4842751622200012,0.9994906783103943,0.3624199330806732,0.5264555811882019,-0.19444744288921356,0.9993481040000916,0.44418057799339294,0.5177305340766907,-0.5107218623161316,0.9996288418769836,0.39037370681762695,0.5390862226486206,-0.42667365074157715,0.9994593858718872,0.6999369859695435,0.7781000733375549,-0.4020675718784332,0.9988952279090881,0.28062862157821655,0.8400537371635437,-0.10914919525384903,0.9986650943756104,0.8236128687858582,1.0054019689559937,-0.38342660665512085,0.24656632542610168,0.17430299520492554,1.205485224723816,-0.08913581073284149,0.14037597179412842,0.8960156440734863,1.4706785678863525,-0.38723161816596985,0.0685403048992157,0.14633597433567047,1.5197768211364746,-0.474811851978302,0.06526719778776169
1,0.3973046541213989,0.48712870478630066,-0.6818006634712219,0.9997510313987732,0.40790194272994995,0.4462085962295532,-0.6841785311698914,0.9994453191757202,0.42294663190841675,0.4449060261249542,-0.6840310096740723,0.9995098114013672,0.43830400705337524,0.4442739486694336,-0.684123158454895,0.9995148777961731,0.37165576219558716,0.4592488706111908,-0.6429745554924011,0.999397337436676,0.3604474365711212,0.46636301279067993,-0.6420623064041138,0.9994029402732849,0.34942737221717834,0.47419852018356323,-0.6424088478088379,0.9993698000907898,0.4806309640407562,0.4947103261947632,-0.5364507436752319,0.9995376467704773,0.3614571690559387,0.5262196063995361,-0.3239726722240448,0.9993799924850464,0.4452509880065918,0.5381854772567749,-0.6161283850669861,0.9996554255485535,0.3931756317615509,0.5617578029632568,-0.5556183457374573,0.999494194984436,0.6981502771377563,0.7755498886108398,-0.40083640813827515,0.9989119172096252,0.27935168147087097,0.8405138254165649,-0.23069524765014648,0.9986965656280518,0.8164962530136108,1.0057495832443237,-0.4402836859226227,0.22704775631427765,0.17393548786640167,1.227455496788025,-0.32727229595184326,0.1318463236093521,0.892878532409668,1.4798272848129272,-0.6338081955909729,0.07216030359268188,0.14612512290477753,1.5381295680999756,-0.8507713079452515,0.06946802884340286
1,0.399520605802536,0.4923425316810608,-0.6588711142539978,0.9996727705001831,0.40914326906204224,0.44898658990859985,-0.6598635911941528,0.99928879737854,0.42388588190078735,0.44767680764198303,-0.659825325012207,0.9993504285812378,0.43896907567977905,0.4470633864402771,-0.6600517630577087,0.9993648529052734,0.37274670600891113,0.4624243378639221,-0.6147316694259644,0.9992190003395081,0.3612655699253082,0.4698680639266968,-0.6138993501663208,0.9991980195045471,0.3499111533164978,0.4779167175292969,-0.6142962574958801,0.9991776943206787,0.47964200377464294,0.49756547808647156,-0.5508169531822205,0.9994209408760071,0.3614407777786255,0.5297037363052368,-0.2973816990852356,0.9992247223854065,0.44701582193374634,0.5438043475151062,-0.5938627123832703,0.999584436416626,0.3954206705093384,0.5660680532455444,-0.537964403629303,0.9994141459465027,0.6989065408706665,0.7744295001029968,-0.44263678789138794,0.9987953901290894,0.27907291054725647,0.8403619527816772,-0.2125610113143921,0.9986364841461182,0.8171248435974121,1.0080251693725586,-0.501511812210083,0.2143840491771698,0.16795220971107483,1.2249763011932373,-0.28178077936172485,0.13416923582553864,0.8981069326400757,1.487752079963684,-0.6675304174423218,0.07687269896268845,0.14224505424499512,1.5481635332107544,-0.7154437303543091,0.07424300163984299
1,0.3967812657356262,0.46582093834877014,-0.5481942296028137,0.9996563792228699,0.407748281955719,0.4347446858882904,-0.5647521615028381,0.9992765784263611,0.422593355178833,0.4346054792404175,-0.5645743608474731,0.9993185997009277,0.43774113059043884,0.43550893664360046,-0.5647196769714355,0.9993595480918884,0.37127014994621277,0.4470864236354828,-0.5012823343276978,0.9991857409477234,0.35986050963401794,0.4551488161087036,-0.5005627870559692,0.999136209487915,0.3485819399356842,0.4640795886516571,-0.5011029243469238,0.9991446137428284,0.47873958945274353,0.4958423674106598,-0.4967938959598541,0.9993995428085327,0.3606453835964203,0.5249376893043518,-0.19434325397014618,0.9991571307182312,0.4444807469844818,0.5212863683700562,-0.516028642654419,0.9995676279067993,0.39326098561286926,0.538080632686615,-0.429426372051239,0.9993788599967957,0.6990458965301514,0.773009181022644,-0.4192844331264496,0.9986931085586548,0.278425931930542,0.8400110602378845,-0.10424548387527466,0.9984408617019653,0.8151818513870239,1.008774995803833,-0.4818779528141022,0.21926835179328918,0.16126155853271484,1.2047955989837646,-0.1836661845445633,0.12828977406024933,0.8954669237136841,1.4889616966247559,-0.642560601234436,0.07768899202346802,0.12310604006052017,1.519656777381897,-0.7030617594718933,0.07423700392246246
1,0.3932873606681824,0.4573115408420563,-0.570667564868927,0.999606728553772,0.4063633382320404,0.42816081643104553,-0.5898724794387817,0.99922776222229,0.4215375483036041,0.4285806715488434,-0.5896908044815063,0.9992273449897766,0.4371139109134674,0.43013080954551697,-0.5897974371910095,0.9993218779563904,0.3702525794506073,0.4397490322589874,-0.5276318788528442,0.999110221862793,0.3591023087501526,0.4477226138114929,-0.5269135236740112,0.998997688293457,0.3479527533054352,0.4566017687320709,-0.5273816585540771,0.9990648031234741,0.4790603220462799,0.4920078217983246,-0.5257898569107056,0.9993217587471008,0.3598933815956116,0.517082691192627,-0.22376780211925507,0.9990112781524658,0.4421119689941406,0.5145377516746521,-0.5388567447662354,0.9995339512825012,0.3905007243156433,0.5295048952102661,-0.452273428440094,0.9993276596069336,0.7006148099899292,0.7731393575668335,-0.4359760284423828,0.9985552430152893,0.2773875594139099,0.8414053320884705,-0.12102905660867691,0.9982385039329529,0.813498854637146,1.0199395418167114,-0.4905397891998291,0.23300360143184662,0.16628769040107727,1.2280110120773315,-0.1641881912946701,0.12166320532560349,0.8887103199958801,1.5042811632156372,-0.6372528076171875,0.0799931138753891,0.13478626310825348,1.539813756942749,-0.6608601808547974,0.07427573949098587
1,0.45382294058799744,0.4565815031528473,-0.7225531339645386,0.9992772936820984,0.47428765892982483,0.4468676745891571,-0.7243216633796692,0.9982491731643677,0.5039950013160706,0.46441134810447693,-0.7239863872528076,0.9984973073005676,0.5097910165786743,0.46444517374038696,-0.7239229679107666,0.9983787536621094,0.43900179862976074,0.447054386138916,-0.6958726644515991,0.9982354044914246,0.4296534061431885,0.4565485417842865,-0.6952514052391052,0.9983563423156738,0.4210025370121002,0.46557915210723877,-0.6957384347915649,0.9982515573501587,0.5381968021392822,0.5350150465965271,-0.5949192643165588,0.9983798861503601,0.4211668074131012,0.5343282222747803,-0.45647698640823364,0.9983934760093689,0.4941515028476715,0.5684117674827576,-0.6676636934280396,0.9989292025566101,0.43616819381713867,0.5368483066558838,-0.6273235082626343,0.9987202882766724,0.7046324610710144,0.7841826677322388,-0.445404052734375,0.9983268976211548,0.2928595542907715,0.8255168199539185,-0.3764533996582031,0.9984819293022156,0.8145376443862915,1.011542558670044,-0.3673550486564636,0.23835843801498413,0.1382867395877838,1.1350343227386475,-0.33119115233421326,0.16563604772090912,0.8740788698196411,1.459636926651001,-0.464160680770874,0.07217469066381454,0.09679163247346878,1.4561647176742554,-0.5424433946609497,0.0837102085351944
1,0.593410074710846,0.5134502053260803,-0.7700183987617493,0.9973891973495483,0.6105266213417053,0.5147873759269714,-0.706419825553894,0.9939022064208984,0.6190294623374939,0.5235603451728821,-0.7058693170547485,0.9944020509719849,0.6281543970108032,0.5315234661102295,-0.706313967704773,0.993480920791626,0.5838379859924316,0.509181797504425,-0.753420889377594,0.9947177767753601,0.5730241537094116,0.5114002227783203,-0.7530092000961304,0.9954665899276733,0.5610045194625854,0.5130975842475891,-0.7535995841026306,0.995457649230957,0.6246971487998962,0.5755324959754944,-0.4334225058555603,0.992678701877594,0.5290769338607788,0.5526342988014221,-0.5517356991767883,0.9960986971855164,0.597673237323761,0.5536388158798218,-0.6528149843215942,0.9975416660308838,0.5569477081298828,0.5528436303138733,-0.7034705877304077,0.998112142086029,0.70872962474823,0.8227490782737732,-0.24379201233386993,0.9975810647010803,0.34107667207717896,0.769957423210144,-0.46871525049209595,0.9984076023101807,0.8192852735519409,1.1827526092529297,-0.1588592380285263,0.31098881363868713,0.15827599167823792,0.9861356019973755,-0.5516831874847412,0.383074015378952,0.8944533467292786,1.47533118724823,-0.4135777950286865,0.0925997793674469,0.0760536640882492,1.3923821449279785,-0.9084469079971313,0.14658571779727936
1,0.675719141960144,0.5169335603713989,-0.6623336672782898,0.9980702996253967,0.690687894821167,0.5187200307846069,-0.6247628331184387,0.9956047534942627,0.6972981691360474,0.5278549790382385,-0.6245219111442566,0.9957844614982605,0.7038574814796448,0.5369954705238342,-0.6247113943099976,0.9952371120452881,0.6661218404769897,0.5052289962768555,-0.6297784447669983,0.9962193369865417,0.6556462049484253,0.5064806342124939,-0.6292275786399841,0.9966410994529724,0.6443907022476196,0.5059427618980408,-0.629840075969696,0.9967086315155029,0.6938375234603882,0.5805477499961853,-0.3776705861091614,0.9945647716522217,0.6037417650222778,0.5495961308479309,-0.4335135519504547,0.9970992803573608,0.6738430261611938,0.5591288805007935,-0.5716673731803894,0.9981713891029358,0.6376728415489197,0.5485596060752869,-0.5724506378173828,0.9986370205879211,0.733026921749115,0.832542359828949,-0.3074744939804077,0.9979618787765503,0.379140168428421,0.7616966366767883,-0.3550296425819397,0.9987168312072754,0.8535250425338745,1.1994177103042603,-0.3293042778968811,0.34422945976257324,0.19175709784030914,1.0020090341567993,-0.6065791845321655,0.40335941314697266,0.9246442914009094,1.4922001361846924,-0.5467904806137085,0.11907600611448288,0.13841703534126282,1.383046269416809,-1.1511331796646118,0.17689509689807892
1,0.7036601305007935,0.5417511463165283,-0.8365697860717773,0.9984997510910034,0.7149156332015991,0.539903461933136,-0.763437807559967,0.996707022190094,0.7204502820968628,0.5484316945075989,-0.7633299231529236,0.9966398477554321,0.7259961366653442,0.5569825768470764,-0.7636246085166931,0.9963297843933105,0.6918476223945618,0.5233790278434753,-0.8451269268989563,0.9972235560417175,0.6808753609657288,0.5209748148918152,-0.8448759913444519,0.9974452257156372,0.6693699955940247,0.5188050866127014,-0.8455507159233093,0.9975532293319702,0.7075708508491516,0.5942413806915283,-0.3988114595413208,0.9957165122032166,0.6263263821601868,0.5527679324150085,-0.587988018989563,0.9977994561195374,0.6974340081214905,0.5865466594696045,-0.6895685791969299,0.9986182451248169,0.6635735034942627,0.5710676908493042,-0.8054010272026062,0.9990152716636658,0.7391010522842407,0.838343620300293,-0.267944872379303,0.9982998371124268,0.3869585692882538,0.747684121131897,-0.4622078835964203,0.9989776611328125,0.8543257713317871,1.1952511072158813,-0.22424077987670898,0.37357059121131897,0.1947360336780548,0.9927141666412354,-0.7494149804115295,0.4849703907966614,0.9329577684402466,1.5012439489364624,-0.5104662775993347,0.13056837022304535,0.18041910231113434,1.369178295135498,-1.3364202976226807,0.2146964967250824
1,0.34647324681282043,0.4967639148235321,-0.6105365753173828,0.9997585415840149,0.3611051142215729,0.4455108940601349,-0.6237545013427734,0.9994696378707886,0.3744826912879944,0.4422256648540497,-0.6236196756362915,0.9995406866073608,0.38903170824050903,0.44198092818260193,-0.6237166523933411,0.9995030164718628,0.33020058274269104,0.46042269468307495,-0.5676417946815491,0.9994503855705261,0.3214315176010132,0.4668882191181183,-0.5670593976974487,0.9994858503341675,0.31332430243492126,0.47372907400131226,-0.5673844218254089,0.999415397644043,0.45012179017066956,0.4844980537891388,-0.5688403844833374,0.9995905160903931,0.3375316262245178,0.5209760665893555,-0.2508201599121094,0.9994815587997437,0.3878965973854065,0.5417979955673218,-0.5693198442459106,0.9997246265411377,0.3498017191886902,0.5672325491905212,-0.48266106843948364,0.9996192455291748,0.6873908042907715,0.7636559009552002,-0.46337294578552246,0.9992348551750183,0.28569144010543823,0.8360186219215393,-0.16100601851940155,0.9983810186386108,0.8257561922073364,1.026938796043396,-0.4900362491607666,0.33875054121017456,0.18012389540672302,1.232163667678833,-0.18994571268558502,0.24915830790996552,0.8812983632087708,1.4677551984786987,-0.5940278768539429,0.11158470809459686,0.15512137115001678,1.5110092163085938,-0.6780480742454529,0.09590057283639908
1,0.3313913643360138,0.5211003422737122,-0.5392143130302429,0.9998120665550232,0.34741342067718506,0.4658169150352478,-0.563262403011322,0.9995985627174377,0.3610740602016449,0.4597073793411255,-0.5631331205368042,0.9996530413627625,0.3758884370326996,0.45428523421287537,-0.56330806016922,0.9996315240859985,0.3173723816871643,0.48209863901138306,-0.4960235059261322,0.999564528465271,0.30959421396255493,0.4871104061603546,-0.49533095955848694,0.999584972858429,0.3024202883243561,0.4919112026691437,-0.4957052171230316,0.9995295405387878,0.4394605755805969,0.4873470664024353,-0.5283318161964417,0.999703049659729,0.3327157199382782,0.5259950160980225,-0.18849173188209534,0.9995744824409485,0.37254881858825684,0.5598322153091431,-0.5140002965927124,0.9997859001159668,0.3381316363811493,0.5831682682037354,-0.4175315797328949,0.9996823072433472,0.6781643033027649,0.7601394057273865,-0.4436925947666168,0.9993813037872314,0.285809725522995,0.8418082594871521,-0.08909259736537933,0.9983802437782288,0.8249310255050659,1.026470422744751,-0.47296762466430664,0.39330410957336426,0.18329209089279175,1.2331355810165405,-0.10315877199172974,0.20096701383590698,0.8872313499450684,1.4707911014556885,-0.557112455368042,0.11336502432823181,0.13529932498931885,1.5045150518417358,-0.5726178288459778,0.07588828355073929
1,0.3237884044647217,0.52215576171875,-0.5314501523971558,0.9998536109924316,0.3405319154262543,0.46624866127967834,-0.55827796459198,0.9996898770332336,0.3539198338985443,0.46062687039375305,-0.5581315159797668,0.99973464012146,0.3681993782520294,0.4553782045841217,-0.5582286715507507,0.9997207522392273,0.3106864392757416,0.4817749857902527,-0.48524361848831177,0.9996511340141296,0.30287355184555054,0.4867840111255646,-0.48441213369369507,0.9996654987335205,0.2955550253391266,0.4915964901447296,-0.4847559332847595,0.9996179938316345,0.4346846640110016,0.48691433668136597,-0.5241543054580688,0.999779999256134,0.3260883092880249,0.5249395966529846,-0.17416206002235413,0.999649703502655,0.3631152808666229,0.5614564418792725,-0.5107187032699585,0.9998274445533752,0.32901841402053833,0.5829954147338867,-0.409414142370224,0.999726414680481,0.6752275228500366,0.7596176266670227,-0.4421621859073639,0.9994643926620483,0.28088948130607605,0.8442016243934631,-0.08762521296739578,0.9984601140022278,0.8233211636543274,1.0196104049682617,-0.48519545793533325,0.3990774154663086,0.1801082193851471,1.2302355766296387,-0.11099505424499512,0.16626182198524475,0.883468508720398,1.46760892868042,-0.5688162446022034,0.11252900213003159,0.13370868563652039,1.5190050601959229,-0.5907096266746521,0.06339407712221146
2,0.43261489272117615,0.7791945934295654,-3.4954543113708496,0.999382734298706,0.5044111013412476,0.6159716248512268,-3.572676420211792,0.9989193677902222,0.5390176773071289,0.6051059365272522,-3.5720677375793457,0.9984930753707886,0.572670578956604,0.5937576293945312,-3.5731303691864014,0.9987449645996094,0.3649812340736389,0.6296112537384033,-3.5648891925811768,0.9990255236625671,0.32069140672683716,0.6242378950119019,-3.5650672912597656,0.9987139701843262,0.286842942237854,0.6166093945503235,-3.5648598670959473,0.9988354444503784,0.637537956237793,0.5489189028739929,-3.184758186340332,0.9990097880363464,0.23119978606700897,0.5738620162010193,-3.1236138343811035,0.9993042349815369,0.49775534868240356,0.8605681657791138,-3.2715396881103516,0.9994876980781555,0.37350994348526,0.872475266456604,-3.2565505504608154,0.9994872808456421,0.8404032588005066,0.7609849572181702,-2.3769869804382324,0.9974815249443054,0.0504683256149292,0.8485291004180908,-2.1579060554504395,0.997871994972229,1.0760899782180786,1.1912168264389038,-1.5377953052520752,0.632539689540863,-0.10468075424432755,1.5021030902862549,-1.2525687217712402,0.5274450778961182,1.0975866317749023,1.7315465211868286,-0.9080305099487305,0.03307720646262169,-0.06774836778640747,1.951850175857544,-0.7540619373321533,0.06819897890090942
2,0.45303812623023987,0.7763897776603699,-3.3187453746795654,0.9994482398033142,0.5152109265327454,0.6178312301635742,-3.393418550491333,0.9990429282188416,0.5484798550605774,0.606208086013794,-3.3928096294403076,0.9987043738365173,0.5806674361228943,0.5930071473121643,-3.393815517425537,0.9988866448402405,0.38721197843551636,0.6307935118675232,-3.389242649078369,0.9991693496704102,0.33780908584594727,0.6256921887397766,-3.3893990516662598,0.9989456534385681,0.2998722195625305,0.6180496215820312,-3.3892486095428467,0.9990274906158447,0.6417226195335388,0.5360676646232605,-3.013159990310669,0.9991686344146729,0.24359655380249023,0.5766543745994568,-2.9607348442077637,0.9994619488716125,0.5125399827957153,0.857457160949707,-3.098266363143921,0.9995719194412231,0.39034444093704224,0.87189781665802,-3.0870654582977295,0.9995858669281006,0.8418905138969421,0.7775106430053711,-2.2273011207580566,0.9977161288261414,0.04798845574259758,0.8584153056144714,-2.0778017044067383,0.9981645345687866,1.0748590230941772,1.2100685834884644,-1.5042022466659546,0.6006240248680115,-0.09727545082569122,1.5482903718948364,-1.3577206134796143,0.5310291051864624,1.090394377708435,1.7484700679779053,-1.0373332500457764,0.030820513144135475,-0.07210870087146759,2.017284870147705,-1.154412031173706,0.07384039461612701
2,0.4659828543663025,0.778756856918335,-3.265942096710205,0.9994351863861084,0.5243343114852905,0.6232865452766418,-3.352530002593994,0.9990240335464478,0.5589376091957092,0.6111205220222473,-3.351634979248047,0.9987087249755859,0.5910957455635071,0.5979630947113037,-3.3524250984191895,0.9988407492637634,0.4067269265651703,0.6353753209114075,-3.3454909324645996,0.9991779923439026,0.35853925347328186,0.628918468952179,-3.3455185890197754,0.999009370803833,0.31790733337402344,0.6204394102096558,-3.3453032970428467,0.9990675449371338,0.6502155661582947,0.5436576008796692,-3.0360891819000244,0.9991427063941956,0.26086297631263733,0.5813304781913757,-2.9744832515716553,0.9994995594024658,0.5219197273254395,0.8587930202484131,-3.0709707736968994,0.9995217323303223,0.40368372201919556,0.8718146085739136,-3.055311679840088,0.9995651841163635,0.8473604917526245,0.7848545908927917,-2.232508897781372,0.9969463348388672,0.047949112951755524,0.8559872508049011,-2.1392722129821777,0.9978126287460327,1.0671303272247314,1.2067756652832031,-1.2810194492340088,0.554683268070221,-0.10392118990421295,1.5554726123809814,-1.3730429410934448,0.5189794898033142,1.0549604892730713,1.7546465396881104,-0.47846120595932007,0.02995067462325096,-0.07659271359443665,2.0589048862457275,-0.9777434468269348,0.06851684302091599
2,0.6015341877937317,0.8852807283401489,-3.3245811462402344,0.9993953704833984,0.6840776205062866,0.7566068768501282,-3.407219648361206,0.9991129636764526,0.7196071147918701,0.7390486598014832,-3.4068145751953125,0.9987804293632507,0.7479527592658997,0.7180913090705872,-3.40771746635437,0.998933732509613,0.5599965453147888,0.7592823505401611,-3.4401755332946777,0.9992843270301819,0.522537350654602,0.7383226752281189,-3.441122531890869,0.9991317391395569,0.48680776357650757,0.7126694917678833,-3.4415130615234375,0.9992266893386841,0.7837849259376526,0.6305696964263916,-3.04672908782959,0.9991639256477356,0.39337271451950073,0.6067947745323181,-3.1793808937072754,0.9995830655097961,0.6421729922294617,0.9455058574676514,-3.1003639698028564,0.9993410110473633,0.5326083302497864,0.9363330006599426,-3.1446330547332764,0.9995142221450806,0.9193131327629089,0.8615881204605103,-2.3183114528656006,0.9948094487190247,0.10838160663843155,0.8010917901992798,-2.2559633255004883,0.9975242614746094,1.1019179821014404,1.3674103021621704,-1.585807204246521,0.4413439631462097,-0.0641527995467186,1.4795403480529785,-1.3107352256774902,0.44891148805618286,1.0224491357803345,1.785651445388794,-1.1090086698532104,0.024676669389009476,-0.029834534972906113,1.922380805015564,-0.8116462826728821,0.05600067973136902
2,0.6347692608833313,0.8924238085746765,-3.9615161418914795,0.999244749546051,0.7202117443084717,0.756957471370697,-4.005887031555176,0.9991975426673889,0.7612878084182739,0.7425819039344788,-4.005582809448242,0.9989428520202637,0.7950025200843811,0.7252584099769592,-4.006494522094727,0.9989857077598572,0.5952569246292114,0.7544671893119812,-4.036160945892334,0.9993125200271606,0.5566694736480713,0.7318274974822998,-4.036901473999023,0.9991719722747803,0.5174742937088013,0.7054826021194458,-4.03712797164917,0.9992587566375732,0.8430954217910767,0.6463707685470581,-3.4600918292999268,0.9992013573646545,0.41771069169044495,0.6111238598823547,-3.5923492908477783,0.9996545314788818,0.6803174018859863,0.956663966178894,-3.671018123626709,0.9978014826774597,0.5570327639579773,0.9460185170173645,-3.7127270698547363,0.9987682104110718,0.968136191368103,0.8919486999511719,-2.5754706859588623,0.9802073240280151,0.1283852607011795,0.7876318693161011,-2.55991268157959,0.9927259683609009,1.1632375717163086,1.432371735572815,-1.9334380626678467,0.26070070266723633,-0.09747618436813354,1.4225436449050903,-1.6612367630004883,0.31978559494018555,1.0369808673858643,1.7471070289611816,-1.6819671392440796,0.024087553843855858,-0.0571586973965168,1.8722974061965942,-1.1188679933547974,0.04947986826300621
2,0.6424083709716797,0.8608087301254272,-3.736445903778076,0.998843789100647,0.7206449508666992,0.7211829423904419,-3.800511598587036,0.9987841844558716,0.7619112730026245,0.7127780914306641,-3.8001532554626465,0.9982362985610962,0.7971300482749939,0.7017954587936401,-3.8013198375701904,0.9983787536621094,0.6051586866378784,0.7097097039222717,-3.8359878063201904,0.9991002678871155,0.5632274150848389,0.6885915994644165,-3.8365299701690674,0.9989208579063416,0.5207704305648804,0.663181483745575,-3.8366312980651855,0.9990999698638916,0.8438547849655151,0.6360929608345032,-3.335313081741333,0.9986228346824646,0.4197472035884857,0.5774420499801636,-3.472299098968506,0.9995779395103455,0.6883211135864258,0.9324265122413635,-3.47642183303833,0.9977128505706787,0.5591651201248169,0.9193151593208313,-3.519188642501831,0.9987558722496033,0.974086582660675,0.8836776614189148,-2.416633367538452,0.9820484519004822,0.13661018013954163,0.7903792858123779,-2.4549880027770996,0.9941144585609436,1.1121361255645752,1.3422470092773438,-1.3787786960601807,0.19972141087055206,-0.061936818063259125,1.4332270622253418,-1.3685581684112549,0.29177382588386536,1.013124704360962,1.8156124353408813,-0.6281753182411194,0.01667233370244503,-0.013332243077456951,1.9000663757324219,-0.6954897046089172,0.03695777431130409
2,0.6538828611373901,0.8616582751274109,-4.107443809509277,0.9986072778701782,0.7286003232002258,0.7231177687644958,-4.1645989418029785,0.9985820651054382,0.7694063186645508,0.7145267724990845,-4.164181709289551,0.9978548884391785,0.8051393628120422,0.7026672959327698,-4.165240287780762,0.9980311393737793,0.6154824495315552,0.7125443816184998,-4.199977397918701,0.999022364616394,0.5733944177627563,0.6926829218864441,-4.200624942779541,0.9988308548927307,0.5298346877098083,0.6678769588470459,-4.200820446014404,0.9990523457527161,0.8530500531196594,0.632768988609314,-3.622683048248291,0.9983184337615967,0.42312926054000854,0.5796806812286377,-3.7608306407928467,0.9995838403701782,0.6981872320175171,0.9322555661201477,-3.813042163848877,0.9976645708084106,0.5702952146530151,0.9203875660896301,-3.856313705444336,0.9988115429878235,0.9746881723403931,0.8777803182601929,-2.6366124153137207,0.9827118515968323,0.13545109331607819,0.8026162385940552,-2.707188606262207,0.9949620366096497,1.1233800649642944,1.3466074466705322,-1.5962378978729248,0.1681952327489853,-0.10124412924051285,1.4539988040924072,-1.698420763015747,0.31195399165153503,1.0166571140289307,1.75665283203125,-0.84855717420578,0.013366793282330036,-0.07771236449480057,1.9644593000411987,-1.1736159324645996,0.03305035084486008
2,0.5077835321426392,0.6189918518066406,-2.7808728218078613,0.9985373616218567,0.5700177550315857,0.5030707716941833,-2.8070147037506104,0.9984381794929504,0.6017853021621704,0.49920031428337097,-2.8062024116516113,0.9981264472007751,0.6309815645217896,0.49501821398735046,-2.8067398071289062,0.9983333945274353,0.4671233296394348,0.4976795017719269,-2.8006584644317627,0.9983292818069458,0.4298507571220398,0.4880896210670471,-2.7994418144226074,0.9978228807449341,0.3960641920566559,0.4781925082206726,-2.799509048461914,0.9978603720664978,0.6701732873916626,0.4690042734146118,-2.2530903816223145,0.9987642765045166,0.3409777283668518,0.4296587407588959,-2.1820380687713623,0.9986828565597534,0.5522943735122681,0.7119970917701721,-2.5155251026153564,0.9978783130645752,0.44784942269325256,0.7094690203666687,-2.4960224628448486,0.9961516857147217,0.8403573036193848,0.7175743579864502,-1.4821648597717285,0.9956662654876709,0.12886354327201843,0.7264106869697571,-1.483668327331543,0.9881409406661987,1.0268704891204834,1.0354901552200317,-0.9446775317192078,0.4161682426929474,0.004135205876082182,1.3255361318588257,-0.9561688303947449,0.4281233549118042,1.090165376663208,1.7474467754364014,-1.0342180728912354,0.02392643503844738,-0.015743151307106018,1.8388954401016235,-1.2510827779769897,0.047179482877254486
2,0.34225699305534363,0.6404126882553101,-3.276472568511963,0.9986567497253418,0.4014660716056824,0.49674561619758606,-3.3357131481170654,0.9979336857795715,0.4514870047569275,0.48381468653678894,-3.33530855178833,0.9978419542312622,0.4917825162410736,0.47272825241088867,-3.3363678455352783,0.998051106929779,0.2728188633918762,0.5153593420982361,-3.2919743061065674,0.9978016018867493,0.23829519748687744,0.5118324160575867,-3.290905475616455,0.997398316860199,0.2085941731929779,0.5066816210746765,-3.2906737327575684,0.9973366856575012,0.5516520142555237,0.4480252265930176,-2.893253803253174,0.9986846446990967,0.18613198399543762,0.47830262780189514,-2.630659341812134,0.997834324836731,0.4450418949127197,0.7354715466499329,-3.044356107711792,0.9990714192390442,0.3139583170413971,0.7504774928092957,-2.9721524715423584,0.9984171986579895,0.8386906385421753,0.7367406487464905,-2.204498767852783,0.998100757598877,0.07108940184116364,0.7928789258003235,-1.7288200855255127,0.9969144463539124,1.1529536247253418,1.220361590385437,-1.6217706203460693,0.48056331276893616,-0.03941876441240311,1.4728283882141113,-0.6675019264221191,0.3324583172798157,1.1522252559661865,1.815643310546875,-1.174080491065979,0.02836017496883869,-0.03324558585882187,1.9960609674453735,-0.23574109375476837,0.03422117605805397
2,0.32592231035232544,0.6588987112045288,-3.2319321632385254,0.9983552098274231,0.38741153478622437,0.5125831365585327,-3.293149471282959,0.9975749850273132,0.4382838308811188,0.4992270767688751,-3.2925682067871094,0.9973580241203308,0.4790542721748352,0.4857836961746216,-3.2936275005340576,0.99785977602005,0.25679799914360046,0.5323343276977539,-3.2377331256866455,0.9973410367965698,0.22184953093528748,0.529181718826294,-3.2364907264709473,0.9965249300003052,0.19118033349514008,0.5239792466163635,-3.2361602783203125,0.9966069459915161,0.5467753410339355,0.45790159702301025,-2.877426862716675,0.9985164999961853,0.16927377879619598,0.4951810836791992,-2.5567727088928223,0.996869683265686,0.4313533306121826,0.755049467086792,-3.0087637901306152,0.9990601539611816,0.29778483510017395,0.7678906321525574,-2.921499729156494,0.998167097568512,0.8364928960800171,0.7367785573005676,-2.239765167236328,0.9982326626777649,0.06486542522907257,0.799106240272522,-1.6370618343353271,0.9968793392181396,1.0746625661849976,1.0830910205841064,-1.689806342124939,0.546797513961792,-0.03448383882641792,1.4352327585220337,-0.5991935729980469,0.3013193607330322,1.1556367874145508,1.8168810606002808,-1.1363422870635986,0.031531259417533875,-0.008330287411808968,1.9957317113876343,-0.25592389702796936,0.029108060523867607
2,0.47108083963394165,0.7110961675643921,-3.260620594024658,0.9986767768859863,0.5351420640945435,0.5522110462188721,-3.341862916946411,0.9980092644691467,0.5710650086402893,0.5407775640487671,-3.3406918048858643,0.9977418184280396,0.6046090722084045,0.5293653011322021,-3.341456651687622,0.9981756210327148,0.4124930799007416,0.5664739608764648,-3.329122543334961,0.997942328453064,0.3702949583530426,0.5626107454299927,-3.3283939361572266,0.9973220825195312,0.3350854516029358,0.5577183961868286,-3.328052043914795,0.9974508881568909,0.658966600894928,0.48922815918922424,-2.942307949066162,0.99867844581604,0.2831217646598816,0.5227396488189697,-2.8458170890808105,0.9976739883422852,0.530027449131012,0.7991666197776794,-3.0349111557006836,0.9992373585700989,0.4087165296077728,0.8128757476806641,-3.009899377822876,0.9986405968666077,0.856488049030304,0.7604752779006958,-2.0851874351501465,0.9983066320419312,0.07809880375862122,0.7854453921318054,-1.97317373752594,0.9977051615715027,1.0446407794952393,1.1871649026870728,-1.2519842386245728,0.5845851302146912,-0.06396578252315521,1.3842192888259888,-1.1314120292663574,0.36715400218963623,1.0558116436004639,1.7779388427734375,-0.6823404431343079,0.02995666302740574,-0.02006053552031517,1.925658941268921,-0.8833433985710144,0.03494485467672348
2,0.632759153842926,0.8555965423583984,-3.7102713584899902,0.998947024345398,0.7084115147590637,0.7161818742752075,-3.800368070602417,0.9987214207649231,0.7499586343765259,0.704413652420044,-3.7999114990234375,0.9983004331588745,0.7856744527816772,0.688782274723053,-3.800891160964966,0.9984570145606995,0.5934686064720154,0.7061848044395447,-3.8280868530273438,0.9989616870880127,0.55089271068573,0.685260534286499,-3.8286938667297363,0.9987526535987854,0.5067166090011597,0.6592487692832947,-3.8289718627929688,0.9989377856254578,0.8405529260635376,0.5948178172111511,-3.3808822631835938,0.9988429546356201,0.4070419669151306,0.556461751461029,-3.5168986320495605,0.9993374347686768,0.6805469989776611,0.9170387983322144,-3.4575977325439453,0.9987784624099731,0.5542915463447571,0.9082759022712708,-3.49102783203125,0.9991503357887268,0.9821526408195496,0.8602635264396667,-2.4449353218078613,0.98783278465271,0.12604160606861115,0.7754426598548889,-2.5100860595703125,0.9971568584442139,1.1288025379180908,1.4141403436660767,-1.3510806560516357,0.2488100379705429,-0.04234025627374649,1.490782618522644,-1.4258488416671753,0.30434471368789673,1.0042716264724731,1.8586293458938599,-0.6612985730171204,0.012164397165179253,0.019811399281024933,1.9493908882141113,-0.8569079637527466,0.03235110267996788
2,0.6916455030441284,0.862187385559082,-3.8674397468566895,0.9988934993743896,0.7726216316223145,0.7155801057815552,-3.9249801635742188,0.9987223744392395,0.8126619458198547,0.7020308971405029,-3.924586772918701,0.998251736164093,0.8454301953315735,0.6857869625091553,-3.9258220195770264,0.9983793497085571,0.6481996178627014,0.7120440602302551,-3.9822726249694824,0.9990379810333252,0.6051708459854126,0.691187858581543,-3.983123302459717,0.9988875389099121,0.5592523813247681,0.6648447513580322,-3.983534574508667,0.9990612864494324,0.8732355833053589,0.6003444194793701,-3.391510486602783,0.9987883567810059,0.43990272283554077,0.5597438812255859,-3.6226882934570312,0.9995112419128418,0.733609676361084,0.921200156211853,-3.5759129524230957,0.998589813709259,0.6087486147880554,0.9175312519073486,-3.646888256072998,0.9991430640220642,0.9852631688117981,0.8343393802642822,-2.4261891841888428,0.9880193471908569,0.12365764379501343,0.8017894625663757,-2.6457836627960205,0.9967038035392761,1.1776823997497559,1.31377112865448,-1.3142731189727783,0.19625209271907806,-0.09190300107002258,1.5106747150421143,-1.5521178245544434,0.30942222476005554,1.075680136680603,1.8476669788360596,-0.6368153691291809,0.011398417875170708,-0.04353547841310501,2.0588228702545166,-0.9348502159118652,0.029869578778743744
2,0.6971927881240845,0.8599824905395508,-4.367919921875,0.9988458156585693,0.7736079692840576,0.715320885181427,-4.417814254760742,0.9985988736152649,0.8139484524726868,0.7010484337806702,-4.4173712730407715,0.9980100393295288,0.848807156085968,0.6843599081039429,-4.418475151062012,0.9981154203414917,0.6550334692001343,0.7086756825447083,-4.4572014808654785,0.9990347623825073,0.6129683256149292,0.6867749691009521,-4.457928657531738,0.9988895058631897,0.5679217576980591,0.658873975276947,-4.458357334136963,0.9990817904472351,0.8813170194625854,0.6029787659645081,-3.783036708831787,0.9986639022827148,0.4509306848049164,0.5555877685546875,-3.932635545730591,0.999589204788208,0.7367900609970093,0.9200250506401062,-4.036660194396973,0.9986687898635864,0.6146677732467651,0.9143193960189819,-4.083127498626709,0.9992654323577881,1.0010764598846436,0.8537386655807495,-2.738071918487549,0.9888681173324585,0.12393967807292938,0.7976699471473694,-2.825469732284546,0.9973675608634949,1.2225191593170166,1.3974025249481201,-1.9032535552978516,0.19460725784301758,-0.0793965682387352,1.55414879322052,-1.8974767923355103,0.35183486342430115,1.1117247343063354,1.9416660070419312,-1.7443296909332275,0.009542370215058327,-0.02803439274430275,2.097254753112793,-1.7215487957000732,0.03581911697983742
2,0.7288818359375,0.9049888849258423,-4.051215171813965,0.9981628060340881,0.8121418952941895,0.7615675330162048,-4.098023891448975,0.9977521300315857,0.8471248745918274,0.7474936246871948,-4.09787654876709,0.9966562986373901,0.8761798143386841,0.7315711975097656,-4.099123477935791,0.9966813921928406,0.6923965215682983,0.75648033618927,-4.1588358879089355,0.998695433139801,0.6498875021934509,0.7309125661849976,-4.159955024719238,0.9985712766647339,0.6067306995391846,0.7013517618179321,-4.160933494567871,0.9988719820976257,0.8857680559158325,0.6523731350898743,-3.4728074073791504,0.9977775812149048,0.47972044348716736,0.5867565274238586,-3.730996608734131,0.9996177554130554,0.7612069249153137,0.9598338007926941,-3.724219799041748,0.9985872507095337,0.6405235528945923,0.955382764339447,-3.8021552562713623,0.9993807077407837,0.9897114634513855,0.8835298418998718,-2.407139301300049,0.9876951575279236,0.12738345563411713,0.8091860413551331,-2.701911687850952,0.9977331161499023,1.162635087966919,1.393615484237671,-1.3356139659881592,0.16087616980075836,-0.06387878954410553,1.5458786487579346,-1.8701651096343994,0.40701499581336975,1.0096371173858643,1.8391324281692505,-0.9785703420639038,0.007876654155552387,0.0017879499355331063,2.084721803665161,-1.5308668613433838,0.03697429224848747
2,0.7590110898017883,0.908594012260437,-3.408362627029419,0.997869610786438,0.843199610710144,0.7638304233551025,-3.497704267501831,0.997309684753418,0.8762121200561523,0.7490387558937073,-3.4971511363983154,0.9959901571273804,0.9029278755187988,0.732846200466156,-3.4984307289123535,0.9960684776306152,0.7164897918701172,0.7631533741950989,-3.5451762676239014,0.9984850883483887,0.6682882308959961,0.737720251083374,-3.5456111431121826,0.9983523488044739,0.6220279335975647,0.707572877407074,-3.5461838245391846,0.998715877532959,0.9107372164726257,0.6561583876609802,-3.0795669555664062,0.9974388480186462,0.49146661162376404,0.5926001667976379,-3.2647933959960938,0.999588131904602,0.7893465161323547,0.9610414505004883,-3.156304121017456,0.9984713792800903,0.6600242853164673,0.9630793333053589,-3.2127737998962402,0.9993614554405212,1.0199971199035645,0.8844402432441711,-2.234196901321411,0.9886305332183838,0.13747961819171906,0.8149130940437317,-2.381903886795044,0.998007595539093,1.2463595867156982,1.3616869449615479,-1.2058260440826416,0.15874052047729492,-0.04756542295217514,1.5488678216934204,-1.4248594045639038,0.40046200156211853,1.1105148792266846,1.833539605140686,-0.5723448395729065,0.007198873441666365,-0.0017076290678232908,2.1324970722198486,-0.8452587127685547,0.03438429906964302
2,0.8357684016227722,0.9092575907707214,-3.41731333732605,0.9973832368850708,0.8913263082504272,0.7630129456520081,-3.5019729137420654,0.9966524243354797,0.9177417755126953,0.745458722114563,-3.501669406890869,0.9949894547462463,0.939959704875946,0.7270859479904175,-3.5030789375305176,0.9952504634857178,0.7879632115364075,0.7753847241401672,-3.553873062133789,0.9980321526527405,0.7438375949859619,0.7578030228614807,-3.5544605255126953,0.9977831244468689,0.6920536160469055,0.7262062430381775,-3.5551209449768066,0.9982718229293823,0.9260660409927368,0.6472214460372925,-3.04379940032959,0.9970499873161316,0.5328404307365417,0.5968316793441772,-3.258014678955078,0.9994640946388245,0.8397663235664368,0.9515098333358765,-3.151858329772949,0.9983476996421814,0.713161826133728,0.9645220637321472,-3.2153847217559814,0.9993143677711487,1.0409948825836182,0.8463602662086487,-2.1942803859710693,0.9903998970985413,0.15204772353172302,0.8073333501815796,-2.327554702758789,0.99826580286026,1.3174794912338257,1.3643321990966797,-1.6019649505615234,0.16020645201206207,-0.043600235134363174,1.4987484216690063,-1.4860255718231201,0.351330041885376,1.1914246082305908,1.7756192684173584,-1.329756259918213,0.007301561068743467,-0.013548815622925758,2.0550880432128906,-1.0523676872253418,0.02930077537894249
2,0.8444862365722656,0.9064610004425049,-3.2338778972625732,0.9968491196632385,0.9054104089736938,0.7611258625984192,-3.2958946228027344,0.995904266834259,0.9304471015930176,0.7430536150932312,-3.2956089973449707,0.993958592414856,0.9524990320205688,0.7237021923065186,-3.296772003173828,0.9943541288375854,0.8028663396835327,0.7734500169754028,-3.372912883758545,0.9975855946540833,0.7544064521789551,0.753110945224762,-3.373540163040161,0.9972848892211914,0.703370213508606,0.7214005589485168,-3.374263286590576,0.997835099697113,0.9323583841323853,0.6471230387687683,-2.830034017562866,0.9965822100639343,0.5426769256591797,0.5814960598945618,-3.156012535095215,0.9993481040000916,0.8472542762756348,0.9537206888198853,-2.973179340362549,0.9980435371398926,0.730424702167511,0.9653359055519104,-3.0704569816589355,0.9991624355316162,1.0251696109771729,0.8392961025238037,-1.9788786172866821,0.991035521030426,0.15362372994422913,0.808898389339447,-2.3314568996429443,0.9982361197471619,1.3014541864395142,1.301757574081421,-0.7744408249855042,0.15374188125133514,-0.055140960961580276,1.4898444414138794,-1.4230670928955078,0.32715901732444763,1.1661012172698975,1.7476533651351929,0.04481136053800583,0.007314352318644524,-0.02668311633169651,2.0447819232940674,-0.7343705892562866,0.02646181359887123
2,0.7602998614311218,0.8769057393074036,-4.064787864685059,0.9960441589355469,0.8334220051765442,0.7093767523765564,-4.128897190093994,0.9952669739723206,0.8734768033027649,0.6944409608840942,-4.128596305847168,0.992982804775238,0.9072426557540894,0.6786132454872131,-4.130017280578613,0.9934906959533691,0.7122339606285095,0.7249040603637695,-4.193263053894043,0.9972502589225769,0.6699599027633667,0.7164946794509888,-4.194125175476074,0.9968709945678711,0.6241253018379211,0.702008843421936,-4.1948652267456055,0.9975277781486511,0.9140654802322388,0.6163508892059326,-3.5264534950256348,0.9961402416229248,0.4847244322299957,0.5958920121192932,-3.788611650466919,0.9992821216583252,0.8067573308944702,0.9393938183784485,-3.735626697540283,0.9976037740707397,0.6765804886817932,0.954708456993103,-3.815474033355713,0.9989942908287048,1.0431402921676636,0.8457083106040955,-2.5192160606384277,0.9911443591117859,0.15188059210777283,0.8112877607345581,-2.718467950820923,0.997882068157196,1.2796021699905396,1.3884245157241821,-1.6396484375,0.15274223685264587,-0.11023459583520889,1.489923357963562,-1.735145926475525,0.32727617025375366,1.1269991397857666,1.7870686054229736,-1.2622319459915161,0.007704767398536205,-0.041090670973062515,2.0507185459136963,-1.1634137630462646,0.023859554901719093
2,0.4893511235713959,0.8407529592514038,-3.52390718460083,0.9967703223228455,0.5846928954124451,0.6694064736366272,-3.6528124809265137,0.9961428642272949,0.637377142906189,0.6586295962333679,-3.651881456375122,0.9943353533744812,0.6753882169723511,0.6480661034584045,-3.653132677078247,0.9949198365211487,0.4271060526371002,0.6759144067764282,-3.5816333293914795,0.9976820945739746,0.38820111751556396,0.6631902456283569,-3.579359769821167,0.9972413182258606,0.3533105254173279,0.6473581790924072,-3.5781891345977783,0.9978454113006592,0.7392876744270325,0.5948941707611084,-3.295902967453003,0.9968916773796082,0.30500152707099915,0.5825261473655701,-3.142174482345581,0.9992087483406067,0.5781587958335876,0.9266286492347717,-3.309169292449951,0.998104989528656,0.4242006838321686,0.9236451983451843,-3.1806883811950684,0.9990396499633789,0.9793504476547241,0.8437051773071289,-2.490971565246582,0.9930661916732788,0.11982907354831696,0.8175439238548279,-2.122180223464966,0.9982844591140747,1.186249852180481,1.4068256616592407,-1.5334985256195068,0.2210056185722351,-0.04384287819266319,1.515082836151123,-0.9081158638000488,0.3749120235443115,1.0450897216796875,1.9733840227127075,-0.5828596949577332,0.007220153231173754,-0.04327526316046715,2.035728931427002,-0.17448386549949646,0.026406636461615562
2,0.36738741397857666,0.7971515655517578,-3.84846568107605,0.9968860745429993,0.4248715341091156,0.6377649307250977,-3.924360752105713,0.9963222742080688,0.4745114743709564,0.6292867064476013,-3.92429780960083,0.9948664903640747,0.5230675339698792,0.6198908686637878,-3.9257054328918457,0.995661735534668,0.30287668108940125,0.640084981918335,-3.888378858566284,0.9974045753479004,0.25842219591140747,0.6323720216751099,-3.8877663612365723,0.9966021776199341,0.21737465262413025,0.6240325570106506,-3.887302875518799,0.9972188472747803,0.6063295006752014,0.581156849861145,-3.4082789421081543,0.9972708225250244,0.15922142565250397,0.5809621810913086,-3.1602654457092285,0.9983590245246887,0.43596625328063965,0.8985996246337891,-3.5735764503479004,0.9983161091804504,0.3056038022041321,0.9019593596458435,-3.50964617729187,0.9986032247543335,0.8593230247497559,0.7942477464675903,-2.5907397270202637,0.9947007894515991,0.06800426542758942,0.8270748257637024,-1.8362305164337158,0.9974520206451416,1.1330617666244507,1.303540587425232,-2.0234487056732178,0.309103786945343,-0.0891672894358635,1.5200421810150146,-0.8949159383773804,0.3521707057952881,1.1235196590423584,1.9290549755096436,-1.692506194114685,0.010977876372635365,-0.13658826053142548,1.984401822090149,-0.8116559982299805,0.0250034648925066
2,0.20586836338043213,0.7793692350387573,-3.937025785446167,0.9933336973190308,0.28639498353004456,0.6234408617019653,-4.015582084655762,0.9935925602912903,0.3396042585372925,0.6150049567222595,-4.01549768447876,0.9921112060546875,0.38860756158828735,0.606114387512207,-4.017643928527832,0.9944921731948853,0.159737691283226,0.6310169696807861,-3.9724204540252686,0.9929708242416382,0.12437661737203598,0.625746488571167,-3.9716224670410156,0.9882275462150574,0.0912645012140274,0.6172230839729309,-3.9712016582489014,0.9890736937522888,0.474875271320343,0.5983627438545227,-3.500635862350464,0.9965002536773682,0.08273613452911377,0.6247187256813049,-3.244885206222534,0.9889093041419983,0.30774274468421936,0.894339919090271,-3.6605682373046875,0.9963892698287964,0.1545054316520691,0.89905846118927,-3.589954376220703,0.9910735487937927,0.7778124809265137,0.7752068042755127,-2.795140027999878,0.9949102401733398,0.02328849583864212,0.8461043834686279,-1.9349380731582642,0.9774506092071533,1.047875165939331,0.9901361465454102,-2.2961790561676025,0.46070030331611633,-0.14244672656059265,1.5722841024398804,-0.7960857152938843,0.3039984107017517,1.2132728099822998,1.8177045583724976,-1.8273999691009521,0.05351932719349861,0.06213131546974182,1.5438543558120728,-0.328815221786499,0.03773846849799156
2,0.07470279186964035,0.7638635039329529,-2.5508227348327637,0.9928539991378784,0.12807151675224304,0.6093498468399048,-2.6670756340026855,0.9929868578910828,0.1680564135313034,0.5883010029792786,-2.667435646057129,0.9917764663696289,0.21441984176635742,0.5642130374908447,-2.669710159301758,0.99459308385849,0.03979578614234924,0.6325998902320862,-2.511725902557373,0.9907674789428711,0.013975453563034534,0.6324165463447571,-2.510028123855591,0.9842211604118347,-0.009570257738232613,0.6340072751045227,-2.509838104248047,0.9850752949714661,0.34985512495040894,0.5345981121063232,-2.4171249866485596,0.996763288974762,0.04273413494229317,0.6303920149803162,-1.6388187408447266,0.9857211112976074,0.1697883903980255,0.8521086573600769,-2.3987863063812256,0.9970008730888367,0.0673932135105133,0.8789674639701843,-2.1794826984405518,0.991395115852356,0.7888985276222229,0.7732566595077515,-2.094560146331787,0.9962012767791748,0.03945993632078171,0.8757612109184265,-0.7315844297409058,0.9783434867858887,1.1338876485824585,1.2692539691925049,-2.0970144271850586,0.5780124068260193,-0.21396932005882263,1.312612533569336,-0.4678288996219635,0.33858394622802734,1.1800695657730103,2.012972593307495,-1.701141119003296,0.08640307933092117,-0.019320009276270866,0.8756447434425354,-0.5378662347793579,0.06510984152555466
2,0.09097535908222198,0.7108348608016968,-1.9711805582046509,0.993731677532196,0.13153161108493805,0.5708866715431213,-2.027191162109375,0.9940624237060547,0.16644595563411713,0.5553042888641357,-2.0281472206115723,0.9933960437774658,0.20479056239128113,0.5380712747573853,-2.0303380489349365,0.9956527948379517,0.05659410357475281,0.5965612530708313,-1.86884343624115,0.9912599921226501,0.03328107297420502,0.6013219952583313,-1.8666279315948486,0.9856776595115662,0.0092421630397439,0.6062166690826416,-1.866660714149475,0.9852389693260193,0.3255775570869446,0.5165387392044067,-1.6438261270523071,0.9976440072059631,0.06263326853513718,0.5974847674369812,-0.8729871511459351,0.9871671199798584,0.16936473548412323,0.7943471670150757,-1.7895787954330444,0.9978917837142944,0.0848069041967392,0.8142468929290771,-1.571513295173645,0.9932534098625183,0.7544854283332825,0.7744251489639282,-1.4228308200836182,0.9973917603492737,0.06409818679094315,0.9233586192131042,-0.09068989753723145,0.9798702001571655,1.0883395671844482,1.3336148262023926,-1.6611988544464111,0.6511293649673462,-0.2948920428752899,1.0851043462753296,-0.13381251692771912,0.3819204866886139,1.1112370491027832,1.9920756816864014,-1.6771137714385986,0.1336066573858261,-0.054198116064071655,0.704962432384491,-0.814300537109375,0.07923852652311325
2,0.139480322599411,0.6474036574363708,-1.6807434558868408,0.9961836934089661,0.17375575006008148,0.5210385322570801,-1.7340705394744873,0.9963821768760681,0.206900954246521,0.5077310800552368,-1.7348235845565796,0.9960882067680359,0.24451160430908203,0.4937766492366791,-1.736459493637085,0.9973485469818115,0.10837366431951523,0.5465017557144165,-1.579986333847046,0.9946936368942261,0.09274138510227203,0.5522699356079102,-1.578002691268921,0.9915330410003662,0.07667690515518188,0.5575819611549377,-1.5780984163284302,0.9910829067230225,0.3538893461227417,0.478231281042099,-1.3587632179260254,0.9985913038253784,0.12282955646514893,0.5467117428779602,-0.6216965913772583,0.992457926273346,0.22109933197498322,0.7335161566734314,-1.5091066360473633,0.9987735748291016,0.1446363776922226,0.7542504668235779,-1.2983921766281128,0.9960499405860901,0.7642971277236938,0.7850474119186401,-1.0873548984527588,0.9982457160949707,0.11238344013690948,0.8657419085502625,0.09105649590492249,0.9875574111938477,1.0963866710662842,1.3529189825057983,-1.3194876909255981,0.6508287787437439,-0.0009749953751452267,1.4184761047363281,0.1757252812385559,0.2617603540420532,1.0977126359939575,1.9644851684570312,-1.5950822830200195,0.12815943360328674,0.07005691528320312,1.2316733598709106,-1.1001479625701904,0.07790996134281158
2,0.3665550649166107,0.6062617897987366,-2.6504366397857666,0.9972275495529175,0.39419275522232056,0.483990341424942,-2.6510515213012695,0.9968536496162415,0.42136216163635254,0.47531551122665405,-2.650444269180298,0.996873676776886,0.4478793740272522,0.46735966205596924,-2.6515097618103027,0.9974733591079712,0.30551284551620483,0.5031006932258606,-2.6257734298706055,0.9958080053329468,0.27558764815330505,0.5051843523979187,-2.6246352195739746,0.9940228462219238,0.24804501235485077,0.5064097046852112,-2.6249701976776123,0.993463933467865,0.4967980980873108,0.4481094777584076,-2.015890598297119,0.9985800385475159,0.21857520937919617,0.49669596552848816,-1.8710815906524658,0.9946860671043396,0.43217238783836365,0.6772205233573914,-2.365318775177002,0.9989643096923828,0.32639631628990173,0.6990060806274414,-2.322385549545288,0.9971956014633179,0.7645760178565979,0.7430002093315125,-1.2281924486160278,0.99856036901474,0.09862463176250458,0.8227232098579407,-1.233790636062622,0.9918796420097351,0.9881720542907715,1.0517140626907349,-0.8146007657051086,0.6515541672706604,-0.05576708912849426,1.3924962282180786,-1.065201997756958,0.27327823638916016,1.1192669868469238,1.7960718870162964,-1.1232186555862427,0.12021782994270325,-0.039185330271720886,1.8784505128860474,-1.6934688091278076,0.08057795464992523
2,0.5169968008995056,0.6209962368011475,-2.722947835922241,0.9974563121795654,0.5499516129493713,0.5103000998497009,-2.7402563095092773,0.996242880821228,0.5746407508850098,0.5022304654121399,-2.739281177520752,0.9964474439620972,0.5971408486366272,0.4940445125102997,-2.7402889728546143,0.9964951872825623,0.46654972434043884,0.515737771987915,-2.7471699714660645,0.9958099126815796,0.43235936760902405,0.5106953382492065,-2.7460989952087402,0.9948617815971375,0.40037694573402405,0.5103328227996826,-2.7464423179626465,0.9942499995231628,0.6129053235054016,0.4696522653102875,-2.1508917808532715,0.9976106882095337,0.3300934433937073,0.4900139272212982,-2.153372287750244,0.9955988526344299,0.5457671880722046,0.6952645778656006,-2.4447646141052246,0.9987736940383911,0.46319156885147095,0.7088339924812317,-2.444550037384033,0.9976468086242676,0.7917786240577698,0.7296994924545288,-1.3609815835952759,0.9986337423324585,0.11626497656106949,0.7842599749565125,-1.48098623752594,0.9944131970405579,0.9993976354598999,1.1738872528076172,-0.7903305292129517,0.6119120121002197,-0.027278244495391846,1.4022066593170166,-1.174798607826233,0.34477365016937256,1.0823653936386108,1.7794264554977417,-0.8534358739852905,0.1011747494339943,-0.04541521519422531,1.9464645385742188,-1.5457377433776855,0.07457423210144043
2,0.6741653084754944,0.6800554990768433,-3.1800827980041504,0.9976235032081604,0.7121484875679016,0.5680198669433594,-3.1763720512390137,0.9959863424301147,0.7329595685005188,0.562883734703064,-3.175964117050171,0.996192991733551,0.7517046928405762,0.5565089583396912,-3.177077531814575,0.995794951915741,0.6363908052444458,0.553171694278717,-3.2240352630615234,0.9961754679679871,0.6038167476654053,0.5381325483322144,-3.2239699363708496,0.9958875179290771,0.5708562731742859,0.5259843468666077,-3.224569320678711,0.9953818917274475,0.7476832270622253,0.5229489803314209,-2.5230419635772705,0.9969561696052551,0.48220953345298767,0.4951687157154083,-2.7390198707580566,0.9968436360359192,0.680862545967102,0.7579495310783386,-2.877530574798584,0.9986259341239929,0.5995259284973145,0.7467024922370911,-2.939000368118286,0.998184859752655,0.8589931726455688,0.7760675549507141,-1.643409013748169,0.9983767867088318,0.17262797057628632,0.7677363157272339,-2.0145254135131836,0.9964027404785156,1.0277860164642334,1.2484201192855835,-0.9428994059562683,0.5288830399513245,-0.07465288043022156,1.3950008153915405,-1.8201005458831787,0.4774909019470215,1.0512300729751587,1.7981338500976562,-0.9200372695922852,0.08082686364650726,-0.04440205916762352,1.9515376091003418,-2.148751735687256,0.07975048571825027
2,0.7020059823989868,0.7289844751358032,-3.2132294178009033,0.9975973963737488,0.7481642961502075,0.615898847579956,-3.2160518169403076,0.9958760738372803,0.7698425054550171,0.6101923584938049,-3.2156169414520264,0.995413601398468,0.7905383110046387,0.6022303700447083,-3.2166595458984375,0.9949278831481934,0.6694718599319458,0.6028181314468384,-3.2771155834198,0.9968264102935791,0.6358031034469604,0.5863683223724365,-3.27705717086792,0.9968363046646118,0.6017998456954956,0.5662952065467834,-3.277766466140747,0.9967858791351318,0.7897356748580933,0.5578632354736328,-2.544929265975952,0.9960682392120361,0.5047039985656738,0.5069472789764404,-2.8112921714782715,0.9980829954147339,0.710259735584259,0.7962978482246399,-2.896620988845825,0.9983621835708618,0.6288872957229614,0.7836440801620483,-2.9751083850860596,0.9987543225288391,0.8836461305618286,0.7807499766349792,-1.635528564453125,0.9962220788002014,0.19397234916687012,0.7694559097290039,-2.032919406890869,0.9973111152648926,1.0250194072723389,1.2585536241531372,-0.7892812490463257,0.39535436034202576,-0.07411226630210876,1.3482131958007812,-1.787595510482788,0.6178398728370667,1.0149153470993042,1.7553632259368896,-0.7426157593727112,0.0569307841360569,-0.05425375699996948,1.9222859144210815,-2.1716344356536865,0.10093046724796295
2,0.6854699850082397,0.7725839614868164,-3.5475094318389893,0.9981110095977783,0.7352046966552734,0.6610278487205505,-3.57257080078125,0.9967880249023438,0.7619080543518066,0.6541138887405396,-3.5720038414001465,0.9962828755378723,0.7873227596282959,0.6451768279075623,-3.5729663372039795,0.9959341287612915,0.6511069536209106,0.6451941132545471,-3.6119415760040283,0.9976019859313965,0.6179836988449097,0.6264695525169373,-3.6117069721221924,0.9975929260253906,0.5840123891830444,0.604478657245636,-3.6123099327087402,0.9976252913475037,0.8105027079582214,0.5892802476882935,-2.9014668464660645,0.9968479871749878,0.4910481870174408,0.5271756052970886,-3.0636541843414307,0.9986379742622375,0.7003833651542664,0.8382427096366882,-3.2208847999572754,0.9987150430679321,0.6145429015159607,0.826747477054596,-3.2689132690429688,0.9990845918655396,0.9179461598396301,0.8027910590171814,-1.9195476770401,0.9967350363731384,0.19569481909275055,0.7707387804985046,-2.168949604034424,0.9980804920196533,1.0315266847610474,1.3095319271087646,-1.0716960430145264,0.33888745307922363,-0.06606899201869965,1.359935998916626,-1.847294569015503,0.6901640295982361,0.9895879030227661,1.8386619091033936,-1.0302962064743042,0.04379270598292351,-0.029636487364768982,1.9032176733016968,-2.200348377227783,0.12459984421730042
2,0.706230103969574,0.8270931839942932,-3.4183413982391357,0.9982180595397949,0.7731781005859375,0.7119478583335876,-3.49127459526062,0.9970685243606567,0.803675651550293,0.7030563354492188,-3.4908504486083984,0.996242105960846,0.8323342204093933,0.6908705234527588,-3.4916229248046875,0.9960252642631531,0.6774505376815796,0.6984701156616211,-3.533594846725464,0.9980598092079163,0.6428656578063965,0.6774624586105347,-3.534604549407959,0.99801105260849,0.607668399810791,0.6523604989051819,-3.5355629920959473,0.9981896877288818,0.8528424501419067,0.6127223372459412,-2.91875958442688,0.9969724416732788,0.5100433230400085,0.5524375438690186,-3.1028754711151123,0.9990423917770386,0.7261890172958374,0.881281316280365,-3.159844160079956,0.9987627863883972,0.626178503036499,0.8716527223587036,-3.2129909992218018,0.9992823004722595,0.9563056826591492,0.8267371654510498,-1.987105131149292,0.995252251625061,0.19629506766796112,0.7923452258110046,-2.23219633102417,0.9985683560371399,1.0720722675323486,1.3206514120101929,-1.086517572402954,0.26483914256095886,-0.07733993977308273,1.4112910032272339,-1.8140995502471924,0.7177651524543762,0.968661904335022,1.8159855604171753,-0.7698038816452026,0.03004097379744053,-0.013140064664185047,1.9641188383102417,-1.852807641029358,0.1164032369852066
2,0.7485924959182739,0.9039947390556335,-2.982367753982544,0.9978549480438232,0.8215670585632324,0.7916465401649475,-3.0473036766052246,0.9965782165527344,0.8472124338150024,0.7790055871009827,-3.0467076301574707,0.9951754808425903,0.8696751594543457,0.7637065649032593,-3.047508716583252,0.9951247572898865,0.7253201007843018,0.7870358228683472,-3.105297327041626,0.9981008768081665,0.6851274967193604,0.7642365097999573,-3.105750560760498,0.9980144500732422,0.6442952752113342,0.7342404723167419,-3.1065080165863037,0.9984154105186462,0.8667528033256531,0.6708739399909973,-2.605825901031494,0.9967826008796692,0.526644229888916,0.6029137969017029,-2.8476603031158447,0.999349057674408,0.758830189704895,0.9459651708602905,-2.7346577644348145,0.9986806511878967,0.6527674198150635,0.9388635754585266,-2.8072659969329834,0.9994432330131531,0.9576848745346069,0.8397570252418518,-1.8054307699203491,0.9945365190505981,0.16845615208148956,0.8185380697250366,-2.0958938598632812,0.9990466833114624,1.1235982179641724,1.337836742401123,-0.791354775428772,0.20231179893016815,-0.0641777515411377,1.4701827764511108,-1.5515378713607788,0.6453167200088501,1.0012643337249756,1.8156832456588745,-0.31512871384620667,0.019694169983267784,-0.04040699079632759,2.050551414489746,-1.386046051979065,0.08581490069627762
2,0.6903611421585083,0.9103913903236389,-3.120845079421997,0.997726559638977,0.7744088172912598,0.8005726933479309,-3.2070915699005127,0.9963495135307312,0.8108620643615723,0.7883034944534302,-3.2064223289489746,0.9948610067367554,0.8426324129104614,0.7722613215446472,-3.2072272300720215,0.9947779774665833,0.6654940247535706,0.7848492860794067,-3.2451064586639404,0.9980435371398926,0.625988245010376,0.7597334384918213,-3.245495557785034,0.9979867339134216,0.5864304900169373,0.7309687733650208,-3.246277332305908,0.9984332919120789,0.8658210039138794,0.6701785922050476,-2.8036317825317383,0.9967641830444336,0.4984414577484131,0.5935620069503784,-2.9477250576019287,0.999412477016449,0.7243270874023438,0.9521198868751526,-2.8805041313171387,0.998600959777832,0.6105145812034607,0.9355623126029968,-2.9271137714385986,0.9994404315948486,0.9660576581954956,0.8528424501419067,-1.9199302196502686,0.9936691522598267,0.16811342537403107,0.8056182861328125,-2.129347324371338,0.999168872833252,1.1134737730026245,1.3632311820983887,-0.8141690492630005,0.19672776758670807,-0.027491798624396324,1.4682945013046265,-1.422020673751831,0.6004452705383301,0.9564834833145142,1.753649353981018,-0.18366745114326477,0.017378689721226692,-0.01600758731365204,2.03446626663208,-1.140590786933899,0.07818272709846497
2,0.6415270566940308,0.9170836806297302,-3.8300743103027344,0.9973410367965698,0.7120365500450134,0.7980406880378723,-3.9129891395568848,0.9960983991622925,0.7507116794586182,0.7836183309555054,-3.9127211570739746,0.9944952130317688,0.7871258854866028,0.7644854784011841,-3.913846254348755,0.9945751428604126,0.5989648699760437,0.7840706706047058,-3.9392192363739014,0.9979040026664734,0.5600658059120178,0.7606958746910095,-3.9399428367614746,0.9977830648422241,0.5252448320388794,0.7333660125732422,-3.9406979084014893,0.9983220100402832,0.8420203924179077,0.6636369228363037,-3.4262053966522217,0.9967395663261414,0.4597547650337219,0.6058614253997803,-3.514662265777588,0.9993780851364136,0.6900389194488525,0.9631437063217163,-3.551435947418213,0.9983670711517334,0.5730524063110352,0.9450682997703552,-3.5819389820098877,0.9992917776107788,0.996660053730011,0.8943157196044922,-2.5058062076568604,0.9925562143325806,0.15877094864845276,0.8248128294944763,-2.467446804046631,0.9991008639335632,1.1760534048080444,1.4326071739196777,-1.5497140884399414,0.18815144896507263,-0.03412726894021034,1.5267808437347412,-1.469700813293457,0.5400147438049316,1.0073212385177612,1.9374953508377075,-0.9562428593635559,0.013114169239997864,-0.02873688004910946,2.087212562561035,-0.9493670463562012,0.06455272436141968
2,0.5249277353286743,0.9143445491790771,-4.093639373779297,0.9976189732551575,0.5954354405403137,0.8008341193199158,-4.171234130859375,0.9965518712997437,0.6338144540786743,0.7875845432281494,-4.170882225036621,0.9952512383460999,0.667280912399292,0.7716428637504578,-4.171804428100586,0.9953361749649048,0.47908705472946167,0.7851076722145081,-4.174508094787598,0.998028576374054,0.44674786925315857,0.7635648250579834,-4.175472259521484,0.997901201248169,0.41953960061073303,0.7391817569732666,-4.176339626312256,0.9983717799186707,0.7326377630233765,0.6854643225669861,-3.6361727714538574,0.9971790313720703,0.40164145827293396,0.6251876354217529,-3.6273224353790283,0.9993197917938232,0.5893906950950623,0.9635690450668335,-3.796074628829956,0.9984710216522217,0.47147136926651,0.9438853859901428,-3.797863721847534,0.9992197155952454,0.9683818817138672,0.9140353798866272,-2.6177964210510254,0.9930719137191772,0.15135900676250458,0.8131993412971497,-2.5006260871887207,0.9991273283958435,1.087844967842102,1.4986572265625,-1.7842174768447876,0.22202257812023163,-0.054723162204027176,1.4875502586364746,-1.6898581981658936,0.5029943585395813,0.943099319934845,1.9754881858825684,-1.3902236223220825,0.01313302293419838,-0.06539024412631989,2.0471558570861816,-1.6161842346191406,0.05963685363531113
2,0.4712960124015808,0.9199969172477722,-3.455394744873047,0.9974318146705627,0.5396075248718262,0.808944582939148,-3.5858006477355957,0.9962183237075806,0.5808220505714417,0.796769917011261,-3.5852057933807373,0.9949508905410767,0.6147526502609253,0.780754029750824,-3.586153507232666,0.9952349662780762,0.4205471873283386,0.792959451675415,-3.5691840648651123,0.9976511001586914,0.38937121629714966,0.772320032119751,-3.569532871246338,0.9974233508110046,0.3625849187374115,0.7490991353988647,-3.5700535774230957,0.9979658722877502,0.6769267320632935,0.6836967468261719,-3.3470892906188965,0.9970871806144714,0.33654677867889404,0.6360916495323181,-3.2304234504699707,0.9990517497062683,0.5422946810722351,0.969072699546814,-3.266155242919922,0.9984061121940613,0.42120084166526794,0.9524431824684143,-3.2407429218292236,0.998975932598114,0.9298068881034851,0.8702470660209656,-2.6683719158172607,0.9936668872833252,0.1223796159029007,0.8237934708595276,-2.300614595413208,0.999043345451355,1.068505048751831,1.3867228031158447,-1.5257346630096436,0.23455139994621277,-0.0571843758225441,1.469033122062683,-1.2195136547088623,0.4486531615257263,0.9333004951477051,1.9653782844543457,-0.5716043710708618,0.012100618332624435,-0.055535782128572464,2.0215003490448,-0.5217366218566895,0.051288072019815445
2,0.48923197388648987,0.9011553525924683,-3.620238780975342,0.998008131980896,0.5509377121925354,0.7827503681182861,-3.699296236038208,0.9971215128898621,0.5867571830749512,0.769517183303833,-3.6986427307128906,0.9962199330329895,0.6172735691070557,0.7526186108589172,-3.699686050415039,0.996466338634491,0.43386489152908325,0.7728431820869446,-3.6961090564727783,0.9981182217597961,0.39978545904159546,0.755670964717865,-3.6961569786071777,0.9979115724563599,0.37084174156188965,0.7367638349533081,-3.696631908416748,0.9983165860176086,0.6696141958236694,0.658562958240509,-3.197385311126709,0.9978349208831787,0.33184948563575745,0.6381902098655701,-3.1491665840148926,0.9991879463195801,0.552250325679779,0.9473100900650024,-3.346642255783081,0.998772382736206,0.4335896074771881,0.9379751086235046,-3.336430788040161,0.9991098642349243,0.896385669708252,0.833979606628418,-2.242997884750366,0.9954970479011536,0.11982963234186172,0.8271369338035583,-2.183535099029541,0.9991159439086914,1.0266176462173462,1.3546479940414429,-1.4273279905319214,0.2795354723930359,-0.0512484610080719,1.461510419845581,-1.5597037076950073,0.45604008436203003,0.9220249056816101,1.8715405464172363,-1.1182125806808472,0.013130196370184422,-0.03807269409298897,1.983349323272705,-1.6583296060562134,0.04942147433757782
2,0.6189603209495544,0.8521830439567566,-2.7919464111328125,0.9978753924369812,0.673997700214386,0.7272127866744995,-2.885772466659546,0.9968959093093872,0.7048301100730896,0.7173793315887451,-2.8847169876098633,0.9960263967514038,0.7350414991378784,0.7038486003875732,-2.8855090141296387,0.9962406754493713,0.5822888016700745,0.7193988561630249,-2.898313283920288,0.9979339241981506,0.5458734035491943,0.702906608581543,-2.897953987121582,0.9977168440818787,0.5094612836837769,0.6828625798225403,-2.8982677459716797,0.9981452226638794,0.776634156703949,0.6206610798835754,-2.534914016723633,0.9976446628570557,0.4277920722961426,0.5941714644432068,-2.566965103149414,0.9991474747657776,0.6504542231559753,0.9046826958656311,-2.5780060291290283,0.9988098740577698,0.5479313731193542,0.8980921506881714,-2.5887951850891113,0.9991645216941833,0.9019244313240051,0.8185582756996155,-1.7943483591079712,0.9964410066604614,0.16673284769058228,0.7698279619216919,-1.8456611633300781,0.9992834329605103,1.0197092294692993,1.3326315879821777,-0.9909428358078003,0.2851966917514801,-0.05123365670442581,1.381511926651001,-1.3757374286651611,0.578733503818512,0.9201229214668274,1.8273307085037231,-0.5698328018188477,0.013621658086776733,-0.027034932747483253,1.8972179889678955,-1.3690965175628662,0.07318640500307083
2,0.6869678497314453,0.8450590372085571,-3.543152332305908,0.9983965754508972,0.7640138864517212,0.7313674688339233,-3.590528964996338,0.9975565671920776,0.7919217944145203,0.7230125665664673,-3.590053081512451,0.9968344569206238,0.8171388506889343,0.71103835105896,-3.5908913612365723,0.9969300627708435,0.6694228649139404,0.7136609554290771,-3.634143114089966,0.9984394907951355,0.6335325837135315,0.6880155205726624,-3.6350185871124268,0.9983028769493103,0.5965105295181274,0.6559948325157166,-3.636068344116211,0.9986273050308228,0.826675295829773,0.6267002820968628,-3.019686460494995,0.9980525970458984,0.5001758933067322,0.5554727911949158,-3.2264695167541504,0.9993848204612732,0.6922169923782349,0.8999044299125671,-3.2529914379119873,0.9990454316139221,0.5969761610031128,0.8853338360786438,-3.3130366802215576,0.9993907809257507,0.911460280418396,0.8315932750701904,-2.0736441612243652,0.9961853623390198,0.1681356430053711,0.7746050357818604,-2.3468072414398193,0.9994128346443176,1.0463463068008423,1.3260245323181152,-1.1850866079330444,0.2643764317035675,-0.13416080176830292,1.4053298234939575,-1.9903547763824463,0.6468725800514221,0.9881651997566223,1.799433946609497,-1.075539231300354,0.016190193593502045,-0.10689624398946762,1.999498963356018,-2.2512552738189697,0.11129787564277649
2,0.7141966819763184,0.8692105412483215,-2.9803662300109863,0.9983635544776917,0.793080747127533,0.7660601139068604,-3.0540881156921387,0.9973633289337158,0.8182835578918457,0.7559327483177185,-3.053485631942749,0.9965006709098816,0.8410956263542175,0.7427728772163391,-3.0543363094329834,0.9965969324111938,0.7037767767906189,0.7534425258636475,-3.0980618000030518,0.9984034299850464,0.665543794631958,0.7267459630966187,-3.0986440181732178,0.9982807636260986,0.6268479228019714,0.6883337497711182,-3.099445343017578,0.9986346960067749,0.8372656106948853,0.6457479000091553,-2.662095308303833,0.9978036880493164,0.5210983753204346,0.5586465001106262,-2.8522753715515137,0.9993983507156372,0.7093883156776428,0.917045533657074,-2.7522032260894775,0.9989756345748901,0.6156553030014038,0.9019795060157776,-2.8086369037628174,0.9994238615036011,0.9143555760383606,0.8140795826911926,-1.9068975448608398,0.9956331253051758,0.1682218760251999,0.7762731909751892,-2.1224365234375,0.9994367361068726,1.077979564666748,1.3254667520523071,-1.0037916898727417,0.25336721539497375,-0.12599468231201172,1.4249802827835083,-1.814109206199646,0.6593068242073059,1.0046522617340088,1.781106948852539,-0.626860499382019,0.017058108001947403,-0.06632932275533676,2.028944730758667,-1.9058090448379517,0.11585181206464767
2,0.7406327724456787,0.9100818037986755,-2.9577860832214355,0.997450590133667,0.8126994967460632,0.8066390156745911,-3.0015134811401367,0.9958853125572205,0.835284411907196,0.7947736382484436,-3.001378059387207,0.9942949414253235,0.855795681476593,0.7804542183876038,-3.002166509628296,0.9944565892219543,0.731701135635376,0.7989979982376099,-3.072540760040283,0.9977556467056274,0.6944698095321655,0.774189829826355,-3.0735554695129395,0.9976505637168884,0.6552831530570984,0.736935019493103,-3.07466721534729,0.9982541799545288,0.8405438661575317,0.6815367937088013,-2.4988350868225098,0.9964374303817749,0.5475531220436096,0.5889605283737183,-2.8133857250213623,0.9992986917495728,0.729695200920105,0.9593743085861206,-2.689049243927002,0.9981058835983276,0.6421371698379517,0.9449936151504517,-2.7821102142333984,0.9992717504501343,0.9109600186347961,0.7980343103408813,-1.6857722997665405,0.9935435056686401,0.16981090605258942,0.7991048097610474,-2.047468900680542,0.9991872310638428,1.0652110576629639,1.3148643970489502,-0.8921648263931274,0.2093040645122528,-0.10576321184635162,1.4326952695846558,-1.737360954284668,0.6531497836112976,0.9542852640151978,1.690686583518982,-0.826714038848877,0.01972559280693531,-0.0009635252063162625,2.032719612121582,-1.8503849506378174,0.10437682271003723
2,0.6801087260246277,0.929608941078186,-3.4844040870666504,0.9972620010375977,0.7599065899848938,0.8247807025909424,-3.5772786140441895,0.9954650402069092,0.7964919209480286,0.8143024444580078,-3.576690196990967,0.9937145709991455,0.8285576701164246,0.8006889820098877,-3.577538013458252,0.9937313795089722,0.6577015519142151,0.8078874349594116,-3.606100082397461,0.9976098537445068,0.6232473254203796,0.7808362245559692,-3.6069934368133545,0.9975545406341553,0.5881540775299072,0.7456839680671692,-3.6080284118652344,0.9981866478919983,0.8537832498550415,0.7011290788650513,-3.153043270111084,0.9961009621620178,0.49490493535995483,0.5995198488235474,-3.2668251991271973,0.9993064403533936,0.7026764750480652,0.980225145816803,-3.2298011779785156,0.9979832172393799,0.6022420525550842,0.9589630961418152,-3.2668139934539795,0.9992773532867432,0.9616341590881348,0.8405621647834778,-2.2634377479553223,0.992364764213562,0.15828990936279297,0.803662896156311,-2.340285539627075,0.9991814494132996,1.1265963315963745,1.4013100862503052,-1.4730045795440674,0.19086073338985443,-0.08493028581142426,1.443503737449646,-1.6686607599258423,0.6292304396629333,0.9494689106941223,1.7244064807891846,-1.1213252544403076,0.01914261467754841,-0.02444222755730152,2.038388967514038,-1.4933116436004639,0.09754347056150436
2,0.4386642575263977,0.9038915038108826,-3.5063681602478027,0.9967229962348938,0.49819451570510864,0.7985787987709045,-3.632814407348633,0.9948408007621765,0.5421063303947449,0.794720470905304,-3.6321234703063965,0.992775022983551,0.5811545252799988,0.7867966294288635,-3.6333186626434326,0.9933366179466248,0.3947305381298065,0.7762800455093384,-3.5926575660705566,0.996910810470581,0.36979907751083374,0.7583269476890564,-3.5923011302948,0.9965616464614868,0.34709176421165466,0.7361849546432495,-3.5927071571350098,0.9974820613861084,0.6527466773986816,0.7064673900604248,-3.3122589588165283,0.9957088828086853,0.34350287914276123,0.619763970375061,-3.090721607208252,0.998630940914154,0.5060455799102783,0.9586756825447083,-3.2997469902038574,0.9978528022766113,0.40151315927505493,0.9336841702461243,-3.2382912635803223,0.9988847374916077,0.9276098012924194,0.8586826324462891,-2.5552093982696533,0.9923160672187805,0.1492535024881363,0.7895199656486511,-2.1711745262145996,0.9992033839225769,1.1033889055252075,1.425991177558899,-1.7559146881103516,0.25065878033638,-0.06814911216497421,1.4167687892913818,-1.406249761581421,0.5868017673492432,0.9703055620193481,1.939192295074463,-1.0370436906814575,0.015565435402095318,-0.12151776254177094,2.0165281295776367,-1.2142835855484009,0.08000524342060089
2,0.381852924823761,0.906843364238739,-4.033086776733398,0.9941309094429016,0.42939695715904236,0.7914140224456787,-4.125870704650879,0.993197500705719,0.47216901183128357,0.7813301086425781,-4.125891208648682,0.9918087124824524,0.5120130181312561,0.7654697299003601,-4.1275811195373535,0.9928376078605652,0.3249664902687073,0.7803077697753906,-4.1118388175964355,0.9935072660446167,0.2931063175201416,0.7662897109985352,-4.112512111663818,0.991978108882904,0.26169031858444214,0.7491549253463745,-4.11238431930542,0.9924254417419434,0.577113687992096,0.676794707775116,-3.6413044929504395,0.9958358407020569,0.22656802833080292,0.6518207788467407,-3.5464348793029785,0.9944405555725098,0.4491482377052307,0.9538754224777222,-3.7469253540039062,0.9956397414207458,0.3378968834877014,0.9497427344322205,-3.7261173725128174,0.992492139339447,0.8729164004325867,0.8081409335136414,-2.728900194168091,0.9932840466499329,0.10591121017932892,0.8579254150390625,-2.386417865753174,0.9889984130859375,1.1275125741958618,1.3086673021316528,-2.096174716949463,0.3167728781700134,0.01036443654447794,1.407488226890564,-1.681056261062622,0.42624056339263916,1.05155348777771,1.7793124914169312,-1.7229583263397217,0.018757272511720657,0.16945041716098785,1.2709527015686035,-1.422588586807251,0.05678333342075348
2,0.33304882049560547,0.9045886993408203,-4.257413387298584,0.9936401844024658,0.3656453490257263,0.7558051943778992,-4.3533430099487305,0.9934200644493103,0.4156387448310852,0.7292543649673462,-4.353121280670166,0.992466926574707,0.4610658288002014,0.7005944848060608,-4.354949474334717,0.9937521815299988,0.25402748584747314,0.7856569886207581,-4.314754009246826,0.9922699332237244,0.2213600128889084,0.7816261053085327,-4.314610958099365,0.9894932508468628,0.18999186158180237,0.7687148451805115,-4.314468860626221,0.9892326593399048,0.5267151594161987,0.6065055131912231,-3.8565163612365723,0.9965425133705139,0.15361058712005615,0.6849910020828247,-3.639369487762451,0.9921839833259583,0.4302874505519867,0.9362629652023315,-3.9763636589050293,0.9957354664802551,0.3008230924606323,0.9626290202140808,-3.9149558544158936,0.9898999929428101,0.8518388867378235,0.7715465426445007,-2.965864419937134,0.9949332475662231,0.06943058967590332,0.8744533658027649,-2.5286219120025635,0.9815338850021362,1.1603682041168213,1.243033766746521,-2.2340903282165527,0.4138536751270294,0.011018405668437481,1.5637534856796265,-1.2854973077774048,0.31903642416000366,1.1226818561553955,1.893869400024414,-1.7025123834609985,0.03296629711985588,0.14254122972488403,1.9140245914459229,-0.7945975661277771,0.04170955717563629
2,0.34456324577331543,0.8795762658119202,-3.6930713653564453,0.9949622750282288,0.38566797971725464,0.7250828146934509,-3.7808499336242676,0.9947724342346191,0.42994609475135803,0.6990576982498169,-3.7801926136016846,0.9942126274108887,0.46942853927612305,0.6733291149139404,-3.7816765308380127,0.9952381253242493,0.2722838521003723,0.7595451474189758,-3.7576656341552734,0.9937409162521362,0.2409476935863495,0.7577776312828064,-3.7569122314453125,0.9915764927864075,0.21045799553394318,0.7506676912307739,-3.7567172050476074,0.9911752343177795,0.5311981439590454,0.586607038974762,-3.3067188262939453,0.9973833560943604,0.17862001061439514,0.680558443069458,-3.140963554382324,0.9936413168907166,0.43517422676086426,0.916439950466156,-3.428375244140625,0.9970564246177673,0.3108176589012146,0.9516958594322205,-3.383436679840088,0.9928928017616272,0.845391571521759,0.776203989982605,-2.4361655712127686,0.9967197775840759,0.06530579179525375,0.8981104493141174,-2.096421003341675,0.9872505068778992,1.1537479162216187,1.2246533632278442,-1.6863994598388672,0.4956056475639343,0.009223771281540394,1.5914421081542969,-0.9932544827461243,0.26144173741340637,1.1089165210723877,1.8912380933761597,-1.1816998720169067,0.03187668323516846,0.13229240477085114,2.0869104862213135,-0.45209985971450806,0.02854112535715103
2,0.3963589668273926,0.8336867094039917,-3.401392698287964,0.9962814450263977,0.43259772658348083,0.6896911263465881,-3.4707469940185547,0.9960136413574219,0.4638863503932953,0.6691375374794006,-3.4700114727020264,0.9957061409950256,0.49074307084083557,0.6483370661735535,-3.4714698791503906,0.9963868856430054,0.3228420317173004,0.7190337777137756,-3.441635847091675,0.9952843189239502,0.2868301272392273,0.7166000008583069,-3.440842390060425,0.9938411116600037,0.2538067102432251,0.7111555933952332,-3.440769672393799,0.9934439063072205,0.5376461744308472,0.5697362422943115,-2.951498508453369,0.9980343580245972,0.21952538192272186,0.6659454703330994,-2.7688639163970947,0.9953680038452148,0.4648973047733307,0.8849495649337769,-3.1274938583374023,0.9978929758071899,0.3597759008407593,0.9191797971725464,-3.076671600341797,0.9949860572814941,0.8294787406921387,0.7628081440925598,-2.094318151473999,0.9977053999900818,0.07151789218187332,0.8955079913139343,-1.7728172540664673,0.9912505149841309,1.1134699583053589,1.21025812625885,-1.4839977025985718,0.5671805739402771,0.01697145774960518,1.5106076002120972,-0.9396845102310181,0.2986534833908081,1.0917418003082275,1.8545113801956177,-1.3253014087677002,0.03286375477910042,0.09381266683340073,2.0631933212280273,-0.8863295316696167,0.02572520077228546
2,0.5074350833892822,0.7432790994644165,-2.917685031890869,0.9974603056907654,0.5596184134483337,0.6060011982917786,-2.9847936630249023,0.9970666766166687,0.593761682510376,0.5926151871681213,-2.9837729930877686,0.9969091415405273,0.6261273622512817,0.5773503184318542,-2.984513998031616,0.9972617030143738,0.4569012224674225,0.6107045412063599,-2.9721908569335938,0.9967107176780701,0.418229877948761,0.6003485321998596,-2.971461772918701,0.9958714246749878,0.3843788504600525,0.5880123376846313,-2.9715170860290527,0.9955824613571167,0.6781534552574158,0.5133148431777954,-2.5362706184387207,0.9984524846076965,0.32368460297584534,0.533778727054596,-2.444337844848633,0.9969524145126343,0.5580178499221802,0.8159347176551819,-2.677391767501831,0.9985576272010803,0.4559829831123352,0.8304630517959595,-2.6520743370056152,0.9968198537826538,0.8661991357803345,0.7831918001174927,-1.7240779399871826,0.9981454610824585,0.11734610795974731,0.7534261345863342,-1.6702550649642944,0.9946216940879822,1.0584895610809326,1.2607340812683105,-1.0084837675094604,0.5393593311309814,-0.01441197283565998,1.3862226009368896,-1.109409213066101,0.39739784598350525,1.0239908695220947,1.8369466066360474,-0.7696788907051086,0.030876800417900085,0.00033112679375335574,1.907690167427063,-1.2309727668762207,0.03891238197684288
2,0.5158060193061829,0.6588590741157532,-3.0125436782836914,0.9981187582015991,0.5738264322280884,0.537884533405304,-3.053246021270752,0.9976528882980347,0.6044213771820068,0.5294975638389587,-3.05253005027771,0.9975671172142029,0.6338742971420288,0.5205835103988647,-3.053417444229126,0.9976954460144043,0.4723871648311615,0.5407770276069641,-3.0525941848754883,0.9974908828735352,0.4381040632724762,0.534049928188324,-3.051805019378662,0.9969906806945801,0.4057258665561676,0.5270858407020569,-3.0519471168518066,0.9967718124389648,0.6778584122657776,0.47577908635139465,-2.4165656566619873,0.9986672401428223,0.35031750798225403,0.47723907232284546,-2.4115045070648193,0.997841477394104,0.5625001192092896,0.7410406470298767,-2.7344794273376465,0.9988935589790344,0.4609794616699219,0.7493165731430054,-2.7238268852233887,0.9977874755859375,0.8621224164962769,0.7623869180679321,-1.525046706199646,0.9981906414031982,0.13631632924079895,0.7422176003456116,-1.6278244256973267,0.996253252029419,1.0673407316207886,1.2886950969696045,-0.9914425015449524,0.477047324180603,-0.045166678726673126,1.3546268939971924,-1.2348756790161133,0.4233764410018921,1.0470505952835083,1.8317972421646118,-1.2580090761184692,0.028409402817487717,-0.06815861165523529,1.8913383483886719,-1.737544059753418,0.0488755963742733
0,0.518211841583252,0.4574669301509857,-1.2311509847640991,0.9991374611854553,0.5325716733932495,0.39091756939888,-1.156678557395935,0.9983002543449402,0.5459510684013367,0.39217546582221985,-1.1570117473602295,0.9984762668609619,0.5611745119094849,0.39381057024002075,-1.157522439956665,0.99833744764328,0.486288458108902,0.38978052139282227,-1.1766619682312012,0.9980971217155457,0.46670618653297424,0.3913414776325226,-1.1759610176086426,0.9982882142066956,0.44676142930984497,0.39400967955589294,-1.1762293577194214,0.9980804324150085,0.5711805820465088,0.4196871817111969,-0.649208128452301,0.9984533190727234,0.4071435332298279,0.42566853761672974,-0.7008952498435974,0.9983184337615967,0.5419905781745911,0.5212329030036926,-1.0472605228424072,0.9992071986198425,0.48147907853126526,0.5293332934379578,-1.0660805702209473,0.9988968372344971,0.7285562753677368,0.7435953617095947,-0.33134713768959045,0.9978735446929932,0.2764125168323517,0.7930154800415039,-0.44462496042251587,0.9954622983932495,0.851575493812561,1.067028522491455,-0.2564846873283386,0.36409714818000793,0.1400831639766693,1.0690804719924927,-0.3537726104259491,0.34256377816200256,0.9296839833259583,1.4949990510940552,-0.737856924533844,0.11238647252321243,0.08549897372722626,1.601430058479309,-0.8492361307144165,0.0751788541674614
0,0.5341657996177673,0.4669938385486603,-1.0079264640808105,0.9997124671936035,0.5473113059997559,0.40671995282173157,-0.941543698310852,0.9993762373924255,0.5616452693939209,0.4072575569152832,-0.9414676427841187,0.9994580745697021,0.5743567943572998,0.40785059332847595,-0.9418377876281738,0.999398946762085,0.5021501779556274,0.40811729431152344,-0.9576009511947632,0.9993721842765808,0.48257797956466675,0.4102793335914612,-0.9567124247550964,0.9994528293609619,0.46167173981666565,0.41293829679489136,-0.9569643139839172,0.9993489980697632,0.5698055028915405,0.42879047989845276,-0.493873655796051,0.9993666410446167,0.4132045805454254,0.43698951601982117,-0.6327380537986755,0.9994118213653564,0.5542663335800171,0.5301647782325745,-0.8422096371650696,0.9996961951255798,0.4969518780708313,0.5373438000679016,-0.8614699244499207,0.9996498823165894,0.7185010313987732,0.7479629516601562,-0.2816259562969208,0.999350905418396,0.25247639417648315,0.8035964369773865,-0.49427706003189087,0.9987652897834778,0.8430603742599487,1.0194108486175537,-0.18511123955249786,0.30687275528907776,0.1463554948568344,1.240504503250122,-0.4593144357204437,0.27336418628692627,0.9346728324890137,1.4871147871017456,-0.4982263147830963,0.06915219128131866,0.10672197490930557,1.6181552410125732,-0.8280248641967773,0.06741541624069214
0,0.5365044474601746,0.4681365191936493,-1.083044409751892,0.9997150897979736,0.5486122369766235,0.4083288311958313,-1.0079420804977417,0.9993900656700134,0.5626204609870911,0.40914633870124817,-1.00791335105896,0.9994845986366272,0.5751932859420776,0.4099534749984741,-1.0083897113800049,0.9994128942489624,0.5033357739448547,0.4084828197956085,-1.0388002395629883,0.9994022846221924,0.4836868345737457,0.4102727472782135,-1.0381333827972412,0.9994933605194092,0.46279358863830566,0.4126698076725006,-1.0384132862091064,0.9993807673454285,0.5704874992370605,0.43115368485450745,-0.544148862361908,0.9993942379951477,0.4160694479942322,0.4362478256225586,-0.6551851034164429,0.9994747638702393,0.5559005737304688,0.5319956541061401,-0.9025319814682007,0.9997042417526245,0.49894776940345764,0.5379730463027954,-0.9367508888244629,0.9996780753135681,0.7222335338592529,0.7483401894569397,-0.21359387040138245,0.999457061290741,0.25587978959083557,0.8035752177238464,-0.47907519340515137,0.9990270137786865,0.8361495137214661,1.0189378261566162,-0.07682020962238312,0.30880337953567505,0.13803979754447937,1.0981485843658447,-0.40804991126060486,0.31242355704307556,0.9315718412399292,1.4891387224197388,-0.4987001419067383,0.06646336615085602,0.0941021516919136,1.6064388751983643,-0.8529973030090332,0.06906186044216156
0,0.534269392490387,0.4702884256839752,-0.9061644673347473,0.9997759461402893,0.5480359792709351,0.41161665320396423,-0.8464865684509277,0.9995332956314087,0.5624935626983643,0.412537544965744,-0.8462702631950378,0.9995992183685303,0.575302243232727,0.41349321603775024,-0.846562385559082,0.9995493292808533,0.5030267238616943,0.41089752316474915,-0.8675209879875183,0.9995480179786682,0.48336607217788696,0.41213276982307434,-0.8667598962783813,0.9996076822280884,0.4627807140350342,0.4138450026512146,-0.8669306635856628,0.9995240569114685,0.5727734565734863,0.43537816405296326,-0.44113701581954956,0.9995412230491638,0.41645216941833496,0.4361075162887573,-0.5303407311439514,0.9996059536933899,0.554629921913147,0.5343786478042603,-0.7571983933448792,0.9997618794441223,0.49678072333335876,0.5393901467323303,-0.7788856625556946,0.9997504353523254,0.7232689261436462,0.7500730752944946,-0.22774310410022736,0.9995538592338562,0.2616409659385681,0.8004545569419861,-0.40178531408309937,0.9991663098335266,0.8478496670722961,1.0066357851028442,-0.1746543049812317,0.3043142855167389,0.12862856686115265,1.2291226387023926,-0.3828265070915222,0.2859787344932556,0.958188533782959,1.479002833366394,-0.5167567133903503,0.0723821148276329,0.07502222806215286,1.5914361476898193,-0.7509323358535767,0.06534857302904129
0,0.5331147313117981,0.47494542598724365,-1.1219289302825928,0.9997963905334473,0.5465823411941528,0.41382965445518494,-1.0539214611053467,0.9995687007904053,0.560949444770813,0.41442862153053284,-1.0537736415863037,0.9996413588523865,0.5739871263504028,0.4151192009449005,-1.0541225671768188,0.9995856881141663,0.5018933415412903,0.41385725140571594,-1.0787521600723267,0.9995664954185486,0.48206597566604614,0.4150752127170563,-1.0781036615371704,0.9996277093887329,0.4617939591407776,0.41676121950149536,-1.0783641338348389,0.9995280504226685,0.5715628266334534,0.4365752041339874,-0.5936570167541504,0.9995827078819275,0.41552454233169556,0.43903589248657227,-0.690973162651062,0.9996185302734375,0.5537633299827576,0.5374096632003784,-0.9478327631950378,0.999777615070343,0.49607595801353455,0.5444555282592773,-0.974105954170227,0.9997608065605164,0.7251377105712891,0.7535290122032166,-0.30479997396469116,0.9996111989021301,0.2624935805797577,0.8026365041732788,-0.5054746866226196,0.999138355255127,0.8390105962753296,1.0246455669403076,-0.21057727932929993,0.3146491050720215,0.12720714509487152,1.2445544004440308,-0.47433334589004517,0.2673470973968506,0.9386689066886902,1.490739107131958,-0.6213282942771912,0.07927549630403519,0.0762256309390068,1.6052695512771606,-0.9491298794746399,0.0597081296145916
0,0.5296661257743835,0.47887325286865234,-0.8189622759819031,0.9998016357421875,0.5420451760292053,0.4150519371032715,-0.7658429145812988,0.9995946884155273,0.5564076900482178,0.41518962383270264,-0.7655699253082275,0.9996576905250549,0.5700526833534241,0.41551417112350464,-0.7658840417861938,0.9996141791343689,0.4971213936805725,0.4163770377635956,-0.7808302640914917,0.9995949864387512,0.4768679738044739,0.4179922640323639,-0.7800112962722778,0.9996452927589417,0.4574959874153137,0.4199853837490082,-0.7801647186279297,0.9995625615119934,0.5697977542877197,0.43581441044807434,-0.4004967212677002,0.9996118545532227,0.4130488336086273,0.4419343173503876,-0.450974702835083,0.9996535778045654,0.5522047877311707,0.5387120842933655,-0.6809702515602112,0.9997912645339966,0.49402517080307007,0.5479429364204407,-0.6939636468887329,0.9997800588607788,0.7262864708900452,0.7536762952804565,-0.2099599838256836,0.9996182918548584,0.26587921380996704,0.8009976148605347,-0.33638158440589905,0.9991845488548279,0.8519488573074341,1.0759406089782715,-0.1542518436908722,0.32091760635375977,0.13564470410346985,1.2426713705062866,-0.34628573060035706,0.27414798736572266,0.9286249279975891,1.4916255474090576,-0.4346197247505188,0.07841481268405914,0.07973916828632355,1.5964432954788208,-0.7338850498199463,0.06089223176240921
0,0.5302219986915588,0.4797798693180084,-0.9135898351669312,0.9998146891593933,0.5423530340194702,0.4157169461250305,-0.854117214679718,0.9996240139007568,0.5565941333770752,0.41566362977027893,-0.8539717793464661,0.9996846318244934,0.5700794458389282,0.4157826602458954,-0.8544718027114868,0.9996416568756104,0.49761444330215454,0.4171472191810608,-0.882950484752655,0.9996256232261658,0.4774676263332367,0.4186946153640747,-0.8821675181388855,0.9996758103370667,0.4580179750919342,0.42061683535575867,-0.8823565244674683,0.9995980858802795,0.5697821378707886,0.4354163706302643,-0.4422491490840912,0.9996489882469177,0.41312175989151,0.4423818290233612,-0.5561035871505737,0.9996893405914307,0.5525050759315491,0.5390413403511047,-0.755196213722229,0.9998096823692322,0.4948202669620514,0.5489117503166199,-0.7862840890884399,0.9997995495796204,0.7261290550231934,0.7505037784576416,-0.17320498824119568,0.9996512532234192,0.26571154594421387,0.7997337579727173,-0.43951931595802307,0.9992566108703613,0.8452134132385254,1.0152379274368286,-0.034423694014549255,0.31935057044029236,0.13754495978355408,1.2405129671096802,-0.39722079038619995,0.288811594247818,0.9450017809867859,1.4838460683822632,-0.3395591974258423,0.07328488677740097,0.08599396795034409,1.594783067703247,-0.7713020443916321,0.05998490750789642
0,0.5309547185897827,0.478892058134079,-1.1358578205108643,0.9997988343238831,0.5414750576019287,0.41525158286094666,-1.0580143928527832,0.9995757341384888,0.5553045868873596,0.4150488078594208,-1.0579558610916138,0.9996560215950012,0.5687581300735474,0.41502144932746887,-1.0582826137542725,0.9996026158332825,0.4973945617675781,0.41697436571121216,-1.0791161060333252,0.9995723366737366,0.47747039794921875,0.4186590313911438,-1.0783789157867432,0.9996365308761597,0.4580552577972412,0.42053160071372986,-1.0787899494171143,0.9995363354682922,0.5692026019096375,0.434262752532959,-0.5742839574813843,0.9996108412742615,0.41247400641441345,0.44263389706611633,-0.6611049175262451,0.9996320009231567,0.5529012084007263,0.5380565524101257,-0.949729323387146,0.9997897744178772,0.49563756585121155,0.5483004450798035,-0.9725631475448608,0.9997659921646118,0.7270894646644592,0.7518386840820312,-0.2777983546257019,0.9996432662010193,0.26386794447898865,0.80340975522995,-0.46578770875930786,0.9992247819900513,0.8457579612731934,1.1229877471923828,-0.12844911217689514,0.3114827573299408,0.1466599404811859,1.240612268447876,-0.4308597147464752,0.2954055666923523,0.9181852340698242,1.4915271997451782,-0.5034242868423462,0.068792425096035,0.09754467010498047,1.5864301919937134,-0.8674731254577637,0.06335878372192383
0,0.5286969542503357,0.47806718945503235,-0.8100350499153137,0.9998308420181274,0.5412423014640808,0.41483911871910095,-0.760153591632843,0.9996434450149536,0.5555594563484192,0.41479986906051636,-0.7597881555557251,0.9996997117996216,0.5693738460540771,0.4149344861507416,-0.7600336074829102,0.9996656179428101,0.4959104061126709,0.41619864106178284,-0.7739260792732239,0.9996481537818909,0.47574275732040405,0.4178987145423889,-0.7731226682662964,0.9996899366378784,0.45648446679115295,0.41968488693237305,-0.7732561230659485,0.9996198415756226,0.5719465017318726,0.43462449312210083,-0.40379828214645386,0.9996556043624878,0.4131351113319397,0.44210904836654663,-0.44948187470436096,0.9996852874755859,0.5513604879379272,0.5377418398857117,-0.674228847026825,0.9998148083686829,0.492237389087677,0.5470420122146606,-0.6860746145248413,0.9998002648353577,0.727875828742981,0.7538948059082031,-0.21195951104164124,0.9996547102928162,0.2640971839427948,0.8062001466751099,-0.34039539098739624,0.9993060827255249,0.856184184551239,1.0734792947769165,-0.17250840365886688,0.32139715552330017,0.1505272090435028,1.237259030342102,-0.3054989278316498,0.2750626802444458,0.94768226146698,1.4934366941452026,-0.46343183517456055,0.07656580954790115,0.09851133078336716,1.5977251529693604,-0.6526184678077698,0.07058966159820557
0,0.5143904685974121,0.47818857431411743,-0.8862004280090332,0.9998517036437988,0.5315335988998413,0.414767324924469,-0.833625316619873,0.9996817708015442,0.5453081130981445,0.41454917192459106,-0.8333466649055481,0.9997273683547974,0.5602806210517883,0.41449153423309326,-0.8335046768188477,0.9997033476829529,0.4817558825016022,0.4162500202655792,-0.8416085243225098,0.9996880888938904,0.4621281623840332,0.41783037781715393,-0.8407042622566223,0.9997187256813049,0.4432663023471832,0.41984137892723083,-0.8408031463623047,0.9996639490127563,0.5692343711853027,0.4343065321445465,-0.4591340124607086,0.9996792674064636,0.4072484076023102,0.44213220477104187,-0.4755185544490814,0.9997037053108215,0.5415228009223938,0.5377074480056763,-0.7436801195144653,0.9998229742050171,0.4781479835510254,0.5483831763267517,-0.7477845549583435,0.9998085498809814,0.727725625038147,0.757489025592804,-0.2603001296520233,0.9996032118797302,0.2644194960594177,0.8068162798881531,-0.33614394068717957,0.9992455244064331,0.8607591390609741,1.1376103162765503,-0.2207001894712448,0.31248733401298523,0.15234696865081787,1.2323120832443237,-0.2888028621673584,0.23424968123435974,0.9314059019088745,1.5100120306015015,-0.5200185775756836,0.07548356056213379,0.09986640512943268,1.5890214443206787,-0.6667160987854004,0.07073642313480377
0,0.5027225613594055,0.47907552123069763,-1.0173768997192383,0.9998659491539001,0.5225135087966919,0.4170185625553131,-0.9650120735168457,0.9997079372406006,0.5362053513526917,0.41680166125297546,-0.9647283554077148,0.9997496008872986,0.5502256155014038,0.41656288504600525,-0.9649039506912231,0.9997290968894958,0.47062692046165466,0.4181264638900757,-0.9732277989387512,0.9997118711471558,0.45120683312416077,0.4195917248725891,-0.9723596572875977,0.9997389912605286,0.4325111508369446,0.4214745759963989,-0.9724418520927429,0.9996892809867859,0.5657644271850586,0.43537870049476624,-0.5690659284591675,0.9997028708457947,0.4009387493133545,0.4436279535293579,-0.5875322818756104,0.99972003698349,0.5346322059631348,0.5387804508209229,-0.8650649785995483,0.9998312592506409,0.4682413637638092,0.5500779747962952,-0.8695758581161499,0.9998157620429993,0.7276211977005005,0.7586085200309753,-0.34063854813575745,0.9995888471603394,0.26280200481414795,0.8085451126098633,-0.41013726592063904,0.9991852045059204,0.8732109069824219,1.1513739824295044,-0.28937971591949463,0.31168144941329956,0.15037526190280914,1.234708547592163,-0.3108467757701874,0.21229414641857147,0.9359416961669922,1.5276907682418823,-0.5928758978843689,0.07310069352388382,0.10075856745243073,1.5925391912460327,-0.6753726601600647,0.06652646511793137
0,0.5392626523971558,0.47995519638061523,-0.9033814668655396,0.9998577833175659,0.5524953603744507,0.419240266084671,-0.8413099050521851,0.9997062683105469,0.5658351182937622,0.41933202743530273,-0.8411062955856323,0.9997238516807556,0.5779398083686829,0.4193681478500366,-0.8411257863044739,0.9997240900993347,0.5081101655960083,0.41745197772979736,-0.8647543787956238,0.9997223019599915,0.4882226586341858,0.41753557324409485,-0.8639842867851257,0.9997274279594421,0.46620720624923706,0.4184599220752716,-0.8641953468322754,0.9997040033340454,0.5758450031280518,0.4359971284866333,-0.4311310350894928,0.9996492862701416,0.4175083637237549,0.44125086069107056,-0.5333577394485474,0.9997166395187378,0.5570329427719116,0.5403591394424438,-0.7521411180496216,0.9998084306716919,0.5013074278831482,0.547219455242157,-0.7778040170669556,0.9998145699501038,0.7279800176620483,0.7613551020622253,-0.2225099503993988,0.9994858503341675,0.2624538540840149,0.8087041974067688,-0.3947778344154358,0.9991466403007507,0.8434852361679077,1.1833405494689941,-0.14754381775856018,0.266836553812027,0.15239466726779938,1.166986107826233,-0.35135915875434875,0.20239201188087463,0.9502843022346497,1.480618953704834,-0.5455644726753235,0.09708656370639801,0.11944393068552017,1.6378931999206543,-0.7318318486213684,0.07304400950670242
0,0.5345609784126282,0.47101861238479614,-0.86236172914505,0.9998706579208374,0.5479448437690735,0.4088250398635864,-0.8013702630996704,0.9997364282608032,0.5612621307373047,0.40879371762275696,-0.8009620904922485,0.9997510313987732,0.5738697052001953,0.40904346108436584,-0.8011161088943481,0.9997548460960388,0.5035247802734375,0.4077679216861725,-0.8164127469062805,0.9997515082359314,0.4829019606113434,0.40833815932273865,-0.8155624270439148,0.9997532367706299,0.46325621008872986,0.41017764806747437,-0.8157552480697632,0.9997348785400391,0.5740479230880737,0.42854636907577515,-0.41805654764175415,0.9996818900108337,0.41654306650161743,0.4365304112434387,-0.4775172770023346,0.9997451901435852,0.5543094873428345,0.5353664755821228,-0.7153983116149902,0.9998266100883484,0.4984755516052246,0.5413321256637573,-0.7309237718582153,0.999832272529602,0.7299994230270386,0.7623633146286011,-0.21647939085960388,0.9994972348213196,0.26144126057624817,0.8039072155952454,-0.33680325746536255,0.9991699457168579,0.8540105819702148,1.1754144430160522,-0.12429138273000717,0.26560303568840027,0.13037464022636414,1.0676376819610596,-0.2745743989944458,0.19571207463741302,0.9348875880241394,1.5210877656936646,-0.3970831036567688,0.08765271306037903,0.10296126455068588,1.5809016227722168,-0.6335662007331848,0.069229856133461
0,0.5207727551460266,0.4636003375053406,-0.8063308596611023,0.9998797178268433,0.5388873815536499,0.4038456082344055,-0.7510800957679749,0.9997563362121582,0.5525208711624146,0.4050145745277405,-0.7507417798042297,0.9997713565826416,0.5668646097183228,0.4063645303249359,-0.750868022441864,0.9997763633728027,0.4934157431125641,0.4010167121887207,-0.7614325284957886,0.9997704029083252,0.47453340888023376,0.4015631079673767,-0.7605321407318115,0.999772846698761,0.4566957354545593,0.4032707214355469,-0.7606629133224487,0.9997576475143433,0.5739432573318481,0.42725494503974915,-0.39178749918937683,0.9997115135192871,0.41577157378196716,0.4315413236618042,-0.4264681339263916,0.9997621178627014,0.5439314842224121,0.5268002152442932,-0.6731975674629211,0.9998392462730408,0.483694463968277,0.5304352641105652,-0.6822845935821533,0.9998418688774109,0.7271703481674194,0.7593483328819275,-0.2134961634874344,0.9994862675666809,0.2627442479133606,0.7973127961158752,-0.3155125379562378,0.999188244342804,0.8540828824043274,1.1689954996109009,-0.1405407339334488,0.283112108707428,0.13337960839271545,1.1912466287612915,-0.2548609972000122,0.20139530301094055,0.9241046905517578,1.5126351118087769,-0.38140028715133667,0.08374650776386261,0.09927679598331451,1.5516822338104248,-0.6266318559646606,0.07213766872882843
0,0.5174222588539124,0.45793500542640686,-0.9920414090156555,0.9998886585235596,0.5362030267715454,0.40029260516166687,-0.9217998385429382,0.9997859001159668,0.5495017766952515,0.4021075963973999,-0.9216921925544739,0.9997983574867249,0.5641844868659973,0.40421217679977417,-0.9220213890075684,0.9998013377189636,0.49085912108421326,0.39706411957740784,-0.9338639974594116,0.9997900128364563,0.4724046289920807,0.39761167764663696,-0.9330898523330688,0.9997930526733398,0.4547657072544098,0.39911893010139465,-0.9333310127258301,0.9997768402099609,0.5738607048988342,0.42674747109413147,-0.46981868147850037,0.9997578859329224,0.4158119559288025,0.4285419285297394,-0.5089967250823975,0.9997891783714294,0.5409343242645264,0.5223362445831299,-0.8248496055603027,0.9998669624328613,0.4809170663356781,0.5236757397651672,-0.8358626365661621,0.9998654127120972,0.725338339805603,0.7570427060127258,-0.22352758049964905,0.9995694160461426,0.265992671251297,0.7929630875587463,-0.32122331857681274,0.9992181062698364,0.8529084920883179,1.1657905578613281,-0.17996293306350708,0.33882421255111694,0.12457156181335449,1.1659172773361206,-0.3977085053920746,0.23317065834999084,0.9395023584365845,1.4705111980438232,-0.5668697357177734,0.10136404633522034,0.07732566446065903,1.5292112827301025,-1.0130035877227783,0.07014253735542297
0,0.516771674156189,0.45168817043304443,-0.93079674243927,0.9998946189880371,0.535132646560669,0.3934433162212372,-0.8662654757499695,0.9997990727424622,0.5485299229621887,0.39524489641189575,-0.8660612106323242,0.9998101592063904,0.5634351968765259,0.39760780334472656,-0.8663445711135864,0.9998121857643127,0.4890294671058655,0.3917423486709595,-0.8785805702209473,0.99980229139328,0.4703661799430847,0.392877995967865,-0.8777473568916321,0.9998056888580322,0.45243173837661743,0.39478105306625366,-0.8779314160346985,0.9997910261154175,0.5744639039039612,0.4232915937900543,-0.4516715407371521,0.9997744560241699,0.4155624806880951,0.4256848394870758,-0.4935840666294098,0.9998065233230591,0.5409590601921082,0.5169375538825989,-0.7767828106880188,0.9998791217803955,0.4813707768917084,0.5173655152320862,-0.787813663482666,0.999879002571106,0.7253515720367432,0.7550884485244751,-0.2282417267560959,0.9995958209037781,0.26695337891578674,0.7911245226860046,-0.34141942858695984,0.9992718696594238,0.8566309809684753,1.1627240180969238,-0.17247697710990906,0.35314223170280457,0.12457700818777084,1.2036895751953125,-0.32928138971328735,0.24326837062835693,0.941663384437561,1.482658863067627,-0.5159925222396851,0.09667741507291794,0.07667111605405807,1.5383574962615967,-0.800628662109375,0.06797605752944946
2,0.46875816583633423,0.6896390318870544,-2.2912709712982178,0.999610424041748,0.5196235179901123,0.5973882675170898,-2.3661184310913086,0.999350905418396,0.5488042235374451,0.590739369392395,-2.3652291297912598,0.9993391036987305,0.5711226463317871,0.5837250351905823,-2.3659820556640625,0.9992669224739075,0.4237724244594574,0.5992021560668945,-2.3320486545562744,0.9994010925292969,0.3996998369693756,0.5942277908325195,-2.3315608501434326,0.9994122385978699,0.3806900680065155,0.5879847407341003,-2.3313353061676025,0.999390721321106,0.6101669669151306,0.5550943613052368,-2.0044445991516113,0.9994003772735596,0.3626691699028015,0.5660920739173889,-1.8803123235702515,0.9995806813240051,0.5244641304016113,0.7659052014350891,-2.1468653678894043,0.9996518492698669,0.42486318945884705,0.7603399157524109,-2.095231771469116,0.9996944069862366,0.7912715673446655,0.7799279093742371,-1.4401754140853882,0.9979920387268066,0.2531766891479492,0.7619867324829102,-1.2044506072998047,0.9987136125564575,0.956959068775177,1.1903685331344604,-1.2080605030059814,0.3717966675758362,0.07457417249679565,1.06618332862854,-0.6308809518814087,0.3594028651714325,0.9602718353271484,1.557182788848877,-1.0316956043243408,0.03986012563109398,0.08123598992824554,1.5935947895050049,-0.5776697993278503,0.0959862470626831
2,0.46242865920066833,0.7398535013198853,-2.0794548988342285,0.9986926913261414,0.5044980645179749,0.6479278802871704,-2.1285855770111084,0.9981120228767395,0.535940945148468,0.6369884014129639,-2.1285011768341064,0.9978801608085632,0.5611921548843384,0.6253257989883423,-2.1292176246643066,0.9980601072311401,0.41175228357315063,0.6496438980102539,-2.1004834175109863,0.9982243180274963,0.3898727297782898,0.6421740055084229,-2.1006557941436768,0.9979098439216614,0.37043556571006775,0.6337813138961792,-2.100893974304199,0.9980754852294922,0.6038855314254761,0.5732921957969666,-1.8111261129379272,0.9986567497253418,0.35342609882354736,0.5909808874130249,-1.6691850423812866,0.9985784292221069,0.52037113904953,0.8006084561347961,-1.905585527420044,0.9989388585090637,0.43014606833457947,0.7973807454109192,-1.8655542135238647,0.9989880919456482,0.7803289294242859,0.7792320251464844,-1.3035073280334473,0.9952256083488464,0.2695240080356598,0.7644525170326233,-0.9831093549728394,0.9973428845405579,0.9777752757072449,1.1499483585357666,-1.0964391231536865,0.43361133337020874,0.10077261924743652,1.0071887969970703,-0.3328413963317871,0.22642000019550323,0.9899235963821411,1.5221093893051147,-1.236447811126709,0.04650095850229263,0.1419466733932495,1.421236515045166,-0.22637584805488586,0.07382700592279434
2,0.480841726064682,0.8233137726783752,-2.386482000350952,0.9980130195617676,0.5176296234130859,0.7291738986968994,-2.4295859336853027,0.9975302815437317,0.555101215839386,0.7132874131202698,-2.4293293952941895,0.997540295124054,0.5859700441360474,0.6950657963752747,-2.430096387863159,0.9977439045906067,0.41875600814819336,0.7252798676490784,-2.433168649673462,0.9971747398376465,0.3940282464027405,0.7106584906578064,-2.433635950088501,0.9967135190963745,0.3724308907985687,0.6949517726898193,-2.433666706085205,0.9966145753860474,0.6215148568153381,0.6160933375358582,-2.0430777072906494,0.9985002875328064,0.34783217310905457,0.6245424747467041,-2.0532054901123047,0.9979822635650635,0.5395905375480652,0.8563470840454102,-2.172240734100342,0.9975218176841736,0.4521961212158203,0.8526094555854797,-2.1797680854797363,0.9970608353614807,0.7760907411575317,0.7905665040016174,-1.3487412929534912,0.9951821565628052,0.26796668767929077,0.7566910982131958,-1.3470895290374756,0.9949739575386047,0.9549615979194641,1.0282657146453857,-1.0300668478012085,0.48543450236320496,0.11796696484088898,0.9233224987983704,-0.6471821069717407,0.23174390196800232,0.9141042828559875,1.1763228178024292,-1.0024051666259766,0.07607996463775635,0.02784680388867855,1.1142381429672241,-0.3068402111530304,0.08117376267910004
2,0.49819818139076233,0.9556267261505127,-2.9305408000946045,0.9984309077262878,0.5414097905158997,0.8878657221794128,-2.9864752292633057,0.9983415007591248,0.5701565146446228,0.8693815469741821,-2.985766887664795,0.9983600974082947,0.6031554937362671,0.8371676802635193,-2.986414909362793,0.9984789490699768,0.4419645369052887,0.900940477848053,-3.005317211151123,0.99800705909729,0.40420112013816833,0.8879435062408447,-3.0058417320251465,0.9975741505622864,0.3734813630580902,0.8683038353919983,-3.005495071411133,0.9974854588508606,0.6261323690414429,0.7501144409179688,-2.5922751426696777,0.9990202784538269,0.33076968789100647,0.7784608006477356,-2.682802438735962,0.9987375140190125,0.5444729328155518,0.9426713585853577,-2.706505537033081,0.9970093369483948,0.4517621099948883,0.9467490315437317,-2.735691547393799,0.9965640306472778,0.7749494910240173,0.8351277709007263,-1.816375970840454,0.9948288798332214,0.21879906952381134,0.8236598372459412,-1.9577707052230835,0.9908483624458313,0.9141160845756531,0.9133537411689758,-1.0334913730621338,0.4749261140823364,0.0799175575375557,0.9661230444908142,-1.019702672958374,0.2632279694080353,0.9185606241226196,1.0071598291397095,-0.4313526153564453,0.1774604767560959,0.06710710376501083,0.9935148358345032,-0.2609145939350128,0.09737470000982285
2,0.5039070844650269,1.000234603881836,-2.8411500453948975,0.9980518817901611,0.5387493371963501,0.9066181182861328,-2.9004454612731934,0.9981914758682251,0.5702331066131592,0.8727417588233948,-2.8996379375457764,0.9981656074523926,0.6004806756973267,0.8557059168815613,-2.9002246856689453,0.9983460903167725,0.43495869636535645,0.9027960896492004,-2.9180054664611816,0.9977061748504639,0.4120051860809326,0.8919709324836731,-2.9185526371002197,0.9970349073410034,0.37155258655548096,0.87679523229599,-2.9181759357452393,0.9969961643218994,0.6243871450424194,0.8158977031707764,-2.5328328609466553,0.9988690614700317,0.33401113748550415,0.7979252338409424,-2.6107165813446045,0.998371958732605,0.5415895581245422,0.933998167514801,-2.6268985271453857,0.9949159026145935,0.463599294424057,0.9939733743667603,-2.6540188789367676,0.9937163591384888,0.7790292501449585,0.8325845003128052,-1.7818586826324463,0.9925505518913269,0.20002985000610352,0.8407494425773621,-1.9157803058624268,0.9778692722320557,0.8913885951042175,0.8856450915336609,-0.9418490529060364,0.42115575075149536,0.0847434476017952,0.9698096513748169,-1.0414363145828247,0.25327804684638977,0.8827349543571472,0.9388852715492249,-0.26428842544555664,0.1716402769088745,0.12016288191080093,0.916912853717804,-0.1717962622642517,0.08516833931207657
2,0.4834364056587219,0.9897202253341675,-3.013658285140991,0.9980701208114624,0.5200999975204468,0.9175629019737244,-3.092982769012451,0.9983395934104919,0.5436432957649231,0.8968547582626343,-3.0919435024261475,0.9983085989952087,0.566130518913269,0.8880339860916138,-3.0923781394958496,0.9984745383262634,0.4565170407295227,0.9065741300582886,-3.120434284210205,0.9979897141456604,0.4268266260623932,0.8998605608940125,-3.121009349822998,0.9974087476730347,0.40792328119277954,0.8930841088294983,-3.120539903640747,0.9973856806755066,0.6094881892204285,0.8212354779243469,-2.6563544273376465,0.9989532828330994,0.38302990794181824,0.8272048830986023,-2.7237727642059326,0.9985485076904297,0.516694188117981,0.9745504260063171,-2.783849000930786,0.9949072599411011,0.44726213812828064,0.9904301762580872,-2.8478076457977295,0.9937765002250671,0.7498823404312134,0.8454568982124329,-1.8758054971694946,0.990556001663208,0.19601571559906006,0.8688422441482544,-2.017061710357666,0.9771175384521484,0.8820340037345886,0.9260664582252502,-0.9889796376228333,0.3766497075557709,0.1244085282087326,1.0566080808639526,-1.1340229511260986,0.2835104465484619,0.7946190237998962,0.9036073088645935,-0.21898801624774933,0.14173099398612976,0.1705790013074875,0.9096470475196838,-0.23943331837654114,0.0864257961511612
2,0.46655791997909546,0.9661372303962708,-2.4782910346984863,0.9980517625808716,0.5007628202438354,0.9104394912719727,-2.5458712577819824,0.9983983039855957,0.5221887230873108,0.9060388803482056,-2.545071840286255,0.9983544945716858,0.5435191988945007,0.9010134339332581,-2.5454185009002686,0.9985419511795044,0.43875202536582947,0.9024445414543152,-2.5637221336364746,0.9980255961418152,0.4175766110420227,0.8941214084625244,-2.5641605854034424,0.9974685907363892,0.39770573377609253,0.8864604830741882,-2.5638787746429443,0.9975134134292603,0.5861850380897522,0.8100684881210327,-2.284440517425537,0.9990585446357727,0.3610907793045044,0.7977666258811951,-2.368574857711792,0.998619019985199,0.4981068968772888,0.9404247403144836,-2.310305118560791,0.9954711198806763,0.4338628649711609,0.9476504921913147,-2.338618516921997,0.9943763017654419,0.7556949257850647,0.8176388144493103,-1.666235327720642,0.9921112060546875,0.20366635918617249,0.776351273059845,-1.8033758401870728,0.9814720153808594,0.9121133089065552,0.9253793954849243,-1.1045695543289185,0.4343327283859253,0.11764222383499146,0.9831439852714539,-0.9783668518066406,0.2816072106361389,0.910545825958252,1.0252554416656494,-0.6964210867881775,0.17710156738758087,0.12122324854135513,0.9427533745765686,-0.28314927220344543,0.09560498595237732
1,0.48041456937789917,0.5147067308425903,-1.8308042287826538,0.9998201727867126,0.5223545432090759,0.4279792904853821,-1.8002784252166748,0.999687671661377,0.5467562079429626,0.4281586706638336,-1.8001253604888916,0.9996513724327087,0.5669904947280884,0.4307430386543274,-1.8004910945892334,0.9995940327644348,0.44174256920814514,0.4329758584499359,-1.785872220993042,0.9996978044509888,0.4172399044036865,0.43530696630477905,-1.7851085662841797,0.9996967315673828,0.39872440695762634,0.43768808245658875,-1.7852646112442017,0.99969482421875,0.610839307308197,0.45825836062431335,-1.3247311115264893,0.9996539354324341,0.3747316002845764,0.4638822674751282,-1.2296713590621948,0.9997851252555847,0.5317922234535217,0.5956643223762512,-1.6332159042358398,0.9998450875282288,0.43485960364341736,0.6060371994972229,-1.6079063415527344,0.9998584389686584,0.7852491140365601,0.7849829792976379,-0.8747609853744507,0.9959818124771118,0.2623078227043152,0.7805582284927368,-0.7226852178573608,0.9970185160636902,0.9400731921195984,1.0007225275039673,-0.6863594055175781,0.31894609332084656,0.07853063195943832,1.014601707458496,-0.4217985272407532,0.5222188234329224,1.0108182430267334,1.5636093616485596,-0.9277850389480591,0.060073621571063995,-0.010902723297476768,1.4991847276687622,-0.7518934011459351,0.1358083337545395
1,0.4961637556552887,0.4993293583393097,-1.7170188426971436,0.9999228119850159,0.5375892519950867,0.41993677616119385,-1.6753928661346436,0.9998779296875,0.5595397353172302,0.42188677191734314,-1.6753298044204712,0.9998567700386047,0.5784302949905396,0.4259006083011627,-1.6755844354629517,0.9998367428779602,0.46433013677597046,0.41877639293670654,-1.659688949584961,0.999883234500885,0.43885594606399536,0.4206823706626892,-1.658905267715454,0.9998795390129089,0.4182029664516449,0.4231049120426178,-1.6590757369995117,0.9998757839202881,0.6222416162490845,0.45403873920440674,-1.150072455406189,0.9998610019683838,0.3967800736427307,0.4534478485584259,-1.066859245300293,0.9999028444290161,0.5424017906188965,0.5835581421852112,-1.5057239532470703,0.9999398589134216,0.45222482085227966,0.5867881178855896,-1.4809311628341675,0.999941349029541,0.783389687538147,0.7616589069366455,-0.717896580696106,0.9971498847007751,0.28125908970832825,0.7660691738128662,-0.5936940908432007,0.996921956539154,0.9308940768241882,0.9759820699691772,-0.5831058025360107,0.3754405677318573,0.10232369601726532,1.008983850479126,-0.6337993144989014,0.45664453506469727,1.0147356986999512,1.5032411813735962,-0.965711772441864,0.13153335452079773,0.12015452235937119,1.3643078804016113,-1.4296220541000366,0.3050397038459778
1,0.493419349193573,0.49614521861076355,-1.7992607355117798,0.9999040365219116,0.5345614552497864,0.41971269249916077,-1.7538121938705444,0.9998527765274048,0.5568501949310303,0.4220227003097534,-1.75384521484375,0.9998188614845276,0.5757201313972473,0.42615801095962524,-1.7541110515594482,0.9997988343238831,0.4609507620334625,0.4170660078525543,-1.7422535419464111,0.9998639225959778,0.4363311231136322,0.41831329464912415,-1.7417278289794922,0.9998599886894226,0.4172879159450531,0.41993197798728943,-1.7420508861541748,0.9998636841773987,0.6186202764511108,0.45523181557655334,-1.2328981161117554,0.9998208284378052,0.3955378532409668,0.4504736065864563,-1.1697986125946045,0.9998822212219238,0.5395887494087219,0.5813209414482117,-1.5901310443878174,0.9999212622642517,0.44787901639938354,0.5814504027366638,-1.5721293687820435,0.9999274015426636,0.7796591520309448,0.7685755491256714,-0.7854720950126648,0.9963817596435547,0.277365505695343,0.7684051990509033,-0.6679948568344116,0.9966014623641968,0.9321988821029663,0.9786546230316162,-0.6161090135574341,0.44037505984306335,0.08729148656129837,1.0010766983032227,-0.5986944437026978,0.49983903765678406,1.0000107288360596,1.5319761037826538,-0.9334943890571594,0.12103704363107681,0.010364188812673092,1.3677537441253662,-1.2308571338653564,0.33365175127983093
1,0.5930102467536926,0.5532829761505127,-0.842056930065155,0.9997867345809937,0.6222099661827087,0.5021827816963196,-0.7802460789680481,0.9995929598808289,0.6387813687324524,0.5058963298797607,-0.7801975011825562,0.999595046043396,0.6555872559547424,0.5101147890090942,-0.7805601358413696,0.9995530247688293,0.5753508806228638,0.4929008185863495,-0.7824112176895142,0.9996148347854614,0.5582439303398132,0.49104300141334534,-0.7815412878990173,0.9996643662452698,0.540715217590332,0.4901360273361206,-0.7818364500999451,0.9996547102928162,0.6692204475402832,0.5398867130279541,-0.39044520258903503,0.9994502663612366,0.5146471858024597,0.5119551420211792,-0.3879247307777405,0.9996687769889832,0.612707793712616,0.6233387589454651,-0.701103925704956,0.999786913394928,0.5567951202392578,0.6143491864204407,-0.6991358399391174,0.9998152852058411,0.7793112993240356,0.8690101504325867,-0.1950460821390152,0.9980481863021851,0.35792309045791626,0.8517410159111023,-0.25431329011917114,0.9982967972755432,0.8633910417556763,1.252142310142517,-0.16328033804893494,0.28685101866722107,0.2844354510307312,1.2610995769500732,-0.23014576733112335,0.33688515424728394,0.8605748414993286,1.5848314762115479,-0.49627742171287537,0.05484074726700783,0.22883829474449158,1.5662109851837158,-0.7125464677810669,0.11139019578695297
1,0.5772554278373718,0.6446099877357483,-0.9186824560165405,0.9998279809951782,0.6034924387931824,0.5905478596687317,-0.8741170763969421,0.9996621012687683,0.6189663410186768,0.5910289287567139,-0.874252438545227,0.9996632933616638,0.6348320245742798,0.5922820568084717,-0.8746991157531738,0.9996338486671448,0.5544576048851013,0.5869423747062683,-0.8737835884094238,0.9996947050094604,0.5356384515762329,0.5860560536384583,-0.8730324506759644,0.9997259974479675,0.5181155800819397,0.5859078764915466,-0.8732477426528931,0.9997238516807556,0.6583861708641052,0.6069216132164001,-0.4835050702095032,0.9995680451393127,0.4907202124595642,0.6029461026191711,-0.4654950201511383,0.9997566938400269,0.6047751307487488,0.7073314785957336,-0.7665935158729553,0.9998168349266052,0.5431352853775024,0.7078981995582581,-0.7604672908782959,0.9998476505279541,0.7899179458618164,0.8895070552825928,-0.2242584228515625,0.9984452128410339,0.3709644377231598,0.8916076421737671,-0.26990649104118347,0.9988679885864258,0.8732771873474121,1.2508785724639893,-0.21384906768798828,0.2374604195356369,0.2765620946884155,1.2608705759048462,-0.3679952621459961,0.33612295985221863,0.870500922203064,1.5744725465774536,-0.5479862689971924,0.04178960621356964,0.2249341458082199,1.4981703758239746,-0.9799272418022156,0.09668285399675369
1,0.6088364720344543,0.788932204246521,-0.8739827871322632,0.9997128844261169,0.6363799571990967,0.7308492064476013,-0.8563071489334106,0.9993518590927124,0.6505600214004517,0.7302612066268921,-0.8560010194778442,0.9993743300437927,0.6641333699226379,0.7291081547737122,-0.8563734889030457,0.9992697238922119,0.5879385471343994,0.7235519289970398,-0.8464015126228333,0.9994675517082214,0.5711563229560852,0.7179766297340393,-0.8453851938247681,0.9995087385177612,0.5556281805038452,0.7129214406013489,-0.845470130443573,0.9994852542877197,0.6837822198867798,0.7223132848739624,-0.5050612092018127,0.9993089437484741,0.5315471887588501,0.7034760117530823,-0.4357058107852936,0.9996556639671326,0.6312917470932007,0.8329333662986755,-0.7223606705665588,0.9997214674949646,0.5755569934844971,0.8299586772918701,-0.7029659152030945,0.9997885227203369,0.8075188398361206,0.937074601650238,-0.19634224474430084,0.9987108111381531,0.4089584946632385,0.8940989971160889,-0.22445373237133026,0.9995124936103821,0.8744797706604004,1.2745769023895264,-0.07079029828310013,0.19117142260074615,0.316980242729187,1.2441582679748535,-0.23749347031116486,0.2945333421230316,0.8408498764038086,1.578345537185669,-0.26432937383651733,0.02901153452694416,0.28498828411102295,1.4951869249343872,-0.7337538599967957,0.06932006031274796
1,0.5418898463249207,0.7441638112068176,-0.8200393915176392,0.9998337030410767,0.5629042387008667,0.6718584299087524,-0.8037328720092773,0.9996172785758972,0.5822675228118896,0.6667166352272034,-0.8036783337593079,0.9996435046195984,0.5999476909637451,0.6626783609390259,-0.8040434122085571,0.999580442905426,0.5123686194419861,0.6859834790229797,-0.7743717432022095,0.9996695518493652,0.49775251746177673,0.6898471713066101,-0.773335337638855,0.9996935129165649,0.48352664709091187,0.6934707760810852,-0.7735156416893005,0.9996597170829773,0.6331035494804382,0.6653451323509216,-0.4956844747066498,0.9996245503425598,0.47944530844688416,0.6987273693084717,-0.35481566190719604,0.9997724294662476,0.5874282121658325,0.7927882075309753,-0.6887258291244507,0.9998377561569214,0.5210323333740234,0.8028082251548767,-0.6423487067222595,0.9998594522476196,0.7980067729949951,0.9265516996383667,-0.26884862780570984,0.9991947412490845,0.38408392667770386,0.905978798866272,-0.1720801293849945,0.9995917081832886,0.8569110631942749,1.277410626411438,-0.3300580382347107,0.18785901367664337,0.29212766885757446,1.2422263622283936,-0.3165673613548279,0.23354312777519226,0.8206253051757812,1.5942951440811157,-0.680315375328064,0.027467824518680573,0.2618388235569,1.4940564632415771,-0.9894013404846191,0.05607756972312927
1,0.519166886806488,0.7540140151977539,-0.7755113840103149,0.9997749924659729,0.5318434238433838,0.6783467531204224,-0.7641250491142273,0.9994660019874573,0.5489786863327026,0.6706029772758484,-0.7641634941101074,0.9995720982551575,0.5667193531990051,0.6634607315063477,-0.7648352384567261,0.9994982481002808,0.48951786756515503,0.7145092487335205,-0.7397456765174866,0.9994901418685913,0.4768005311489105,0.7232758402824402,-0.7388244271278381,0.9995548129081726,0.46460142731666565,0.7317095398902893,-0.7391080260276794,0.9994540214538574,0.6083295345306396,0.6527723073959351,-0.466655433177948,0.9996278285980225,0.4691694676876068,0.7318611741065979,-0.3111465573310852,0.9996541142463684,0.570414662361145,0.7899922728538513,-0.6447274684906006,0.9998190402984619,0.510175883769989,0.803930938243866,-0.6029254198074341,0.9997758269309998,0.8060296773910522,0.91368567943573,-0.2273978888988495,0.9992563128471375,0.4064394533634186,0.8983615040779114,-0.14458468556404114,0.9995675086975098,0.8729759454727173,1.2657930850982666,-0.19876492023468018,0.2092660665512085,0.32916390895843506,1.2441532611846924,-0.20811891555786133,0.233803391456604,0.8608198165893555,1.5729390382766724,-0.4527686536312103,0.02145322784781456,0.31864359974861145,1.5016846656799316,-0.7310852408409119,0.045552950352430344
1,0.5078778266906738,0.7635371685028076,-0.7944723963737488,0.9997758865356445,0.5155177712440491,0.6892745494842529,-0.7826797962188721,0.9995179772377014,0.5323343276977539,0.677135169506073,-0.7827309370040894,0.9996369481086731,0.548643171787262,0.6652136445045471,-0.7833434343338013,0.999575674533844,0.4742761254310608,0.724136471748352,-0.756128191947937,0.9995100498199463,0.4612906873226166,0.7326899766921997,-0.7551666498184204,0.9995710849761963,0.44932571053504944,0.740321695804596,-0.7553937435150146,0.9994560480117798,0.5932685732841492,0.6496050953865051,-0.47710639238357544,0.9997314810752869,0.4585414528846741,0.7395575642585754,-0.32396358251571655,0.9996642470359802,0.5644693374633789,0.7930370569229126,-0.6636602878570557,0.9998489022254944,0.5082289576530457,0.8124532699584961,-0.6198939681053162,0.9997780323028564,0.8096903562545776,0.909115731716156,-0.24074557423591614,0.9993632435798645,0.40648141503334045,0.9043042659759521,-0.13902030885219574,0.9995468258857727,0.8764408826828003,1.2662386894226074,-0.2374907284975052,0.21230779588222504,0.3336484134197235,1.2539736032485962,-0.2037123739719391,0.24468077719211578,0.853843092918396,1.5800635814666748,-0.47954392433166504,0.017323369160294533,0.33387747406959534,1.5240670442581177,-0.7630413174629211,0.03419984132051468
1,0.5108617544174194,0.765537440776825,-0.8181087374687195,0.999624490737915,0.5212815999984741,0.6911837458610535,-0.8051508069038391,0.9992231726646423,0.5390428304672241,0.6791958212852478,-0.8052748441696167,0.9994310140609741,0.5570132732391357,0.6677812337875366,-0.8059438467025757,0.9993070363998413,0.4782653748989105,0.7248775959014893,-0.7817981243133545,0.9991963505744934,0.465003103017807,0.7332707047462463,-0.7809235453605652,0.9993255734443665,0.45298728346824646,0.7407638430595398,-0.7811830639839172,0.9991182684898376,0.5977786779403687,0.6545936465263367,-0.49987220764160156,0.9995986223220825,0.4614885449409485,0.740584135055542,-0.3622024655342102,0.9994772672653198,0.5684633255004883,0.7955926060676575,-0.6867547035217285,0.9997462034225464,0.5108934640884399,0.8139121532440186,-0.647469162940979,0.9996282458305359,0.8040949702262878,0.9087355136871338,-0.2328062802553177,0.9990448951721191,0.4069250524044037,0.900434136390686,-0.17817559838294983,0.9992235898971558,0.8856515884399414,1.2559438943862915,-0.18441429734230042,0.19071276485919952,0.3288657069206238,1.2661728858947754,-0.20979580283164978,0.21107886731624603,0.8775144815444946,1.548723578453064,-0.3858889937400818,0.015557060949504375,0.33285436034202576,1.5153491497039795,-0.7369784712791443,0.029709264636039734
0,0.5063856840133667,0.373511403799057,-1.3771318197250366,0.9992220401763916,0.5412513017654419,0.28865185379981995,-1.2924630641937256,0.9991276264190674,0.5601638555526733,0.29200878739356995,-1.2927075624465942,0.9991515278816223,0.5792468190193176,0.2962830364704132,-1.2930076122283936,0.9990529417991638,0.46975478529930115,0.2815288305282593,-1.3034507036209106,0.9989714622497559,0.44482046365737915,0.2792929708957672,-1.3027350902557373,0.9989123344421387,0.4213688373565674,0.27842894196510315,-1.303072214126587,0.9987962245941162,0.6098440885543823,0.3346248269081116,-0.7278327941894531,0.9990159869194031,0.3896886706352234,0.3162079155445099,-0.7499903440475464,0.9988213181495667,0.5419251322746277,0.4614013731479645,-1.1664824485778809,0.9981696009635925,0.4550445079803467,0.46200257539749146,-1.1736186742782593,0.9975399374961853,0.7829592227935791,0.7626383900642395,-0.40055927634239197,0.9944940209388733,0.23289017379283905,0.7628722786903381,-0.4782271385192871,0.992781400680542,0.9225942492485046,1.2231487035751343,-0.4564937949180603,0.24383801221847534,0.09962929785251617,1.0466818809509277,-0.653983473777771,0.3272964358329773,0.9216970205307007,1.6169662475585938,-1.0661890506744385,0.08764615654945374,0.08281783759593964,1.568463921546936,-1.616546392440796,0.16059602797031403
0,0.5092459321022034,0.3756128251552582,-1.3639354705810547,0.9994967579841614,0.5432102680206299,0.2911248505115509,-1.2811919450759888,0.9994169473648071,0.562313437461853,0.295063316822052,-1.281436562538147,0.999424934387207,0.582862913608551,0.2996746003627777,-1.2818577289581299,0.9993569254875183,0.4721567630767822,0.2826809883117676,-1.2912533283233643,0.999326765537262,0.44675213098526,0.2804383635520935,-1.2903423309326172,0.9992964863777161,0.42318281531333923,0.28003066778182983,-1.2907273769378662,0.99922776222229,0.6137799620628357,0.33700430393218994,-0.72360759973526,0.999337375164032,0.38997596502304077,0.3181276023387909,-0.7377866506576538,0.9992596507072449,0.5441704988479614,0.46508538722991943,-1.1526310443878174,0.9988934993743896,0.45822256803512573,0.4642004668712616,-1.157529592514038,0.9985246062278748,0.7845368385314941,0.7669742107391357,-0.39690864086151123,0.9959691762924194,0.23183222115039825,0.7624874711036682,-0.4819498062133789,0.995098888874054,0.939357578754425,1.2236181497573853,-0.4378055930137634,0.22193241119384766,0.0864889845252037,1.0507844686508179,-0.5464466214179993,0.32874801754951477,0.9394108057022095,1.6236531734466553,-1.0145776271820068,0.06919422000646591,0.05666952580213547,1.583569884300232,-1.4075927734375,0.13197393715381622
0,0.5078761577606201,0.3810502290725708,-1.3689281940460205,0.999607503414154,0.5427526235580444,0.2952705919742584,-1.2875134944915771,0.9995335936546326,0.5618093013763428,0.29937881231307983,-1.2877404689788818,0.9995357990264893,0.5826160311698914,0.30400022864341736,-1.2881540060043335,0.9994810819625854,0.47132474184036255,0.2857661247253418,-1.295580267906189,0.999467670917511,0.44602298736572266,0.2834075689315796,-1.2946593761444092,0.9994473457336426,0.4224741458892822,0.28310874104499817,-1.2950341701507568,0.9993969202041626,0.6140350699424744,0.3401012122631073,-0.7299689650535583,0.9994667172431946,0.38966482877731323,0.3200908899307251,-0.7333022356033325,0.9994304776191711,0.543674111366272,0.4717555344104767,-1.157952904701233,0.999178946018219,0.457447350025177,0.46907681226730347,-1.1590244770050049,0.9989109039306641,0.7846869230270386,0.7710521817207336,-0.41170206665992737,0.9966151118278503,0.23119783401489258,0.7612190842628479,-0.4638170599937439,0.9960645437240601,0.92522794008255,1.2463033199310303,-0.4601525664329529,0.212275892496109,0.08366729319095612,1.0523093938827515,-0.5391725301742554,0.32916054129600525,0.9085976481437683,1.639288067817688,-1.0414645671844482,0.061067551374435425,0.060278862714767456,1.5922999382019043,-1.439439058303833,0.11706157773733139
0,0.5001807808876038,0.37981024384498596,-1.3925187587738037,0.9997156858444214,0.536349356174469,0.29478636384010315,-1.3115308284759521,0.9996389150619507,0.5558920502662659,0.29871702194213867,-1.3119189739227295,0.9996338486671448,0.5742661952972412,0.3035285174846649,-1.312288761138916,0.9995896220207214,0.466541588306427,0.2863980531692505,-1.3146793842315674,0.9996002316474915,0.4422268271446228,0.2842831313610077,-1.3138507604599,0.9995946288108826,0.4191538393497467,0.2839858829975128,-1.3143045902252197,0.9995641708374023,0.6075648665428162,0.3409165143966675,-0.7507433295249939,0.9995810985565186,0.38880646228790283,0.3211524784564972,-0.737861156463623,0.9996036887168884,0.5384756922721863,0.46829167008399963,-1.181077003479004,0.9994859099388123,0.4512711465358734,0.4675762355327606,-1.1778024435043335,0.9993292689323425,0.7836581468582153,0.7666694521903992,-0.42821255326271057,0.9972638487815857,0.2306009978055954,0.7609094381332397,-0.45426908135414124,0.9970473051071167,0.9306322336196899,1.2306671142578125,-0.48991814255714417,0.21370790898799896,0.08710552752017975,1.0534255504608154,-0.5827487707138062,0.33365607261657715,0.9305017590522766,1.630798101425171,-1.1396732330322266,0.055623192340135574,0.08286000788211823,1.5949153900146484,-1.5783429145812988,0.10874766856431961
0,0.5207747220993042,0.4419107735157013,-1.3621971607208252,0.9997882843017578,0.550557017326355,0.35405460000038147,-1.2886872291564941,0.9996469616889954,0.5698418021202087,0.35493984818458557,-1.2888619899749756,0.9996291399002075,0.5916165113449097,0.35641080141067505,-1.289189100265503,0.9995771646499634,0.48151883482933044,0.3520980775356293,-1.2893004417419434,0.999657392501831,0.4553348124027252,0.35262706875801086,-1.2883780002593994,0.9996801614761353,0.43190211057662964,0.3536706566810608,-1.288761854171753,0.9996700882911682,0.6199179291725159,0.3809942305088043,-0.7410651445388794,0.9995697736740112,0.3967501223087311,0.3836565315723419,-0.7421711683273315,0.999739944934845,0.556047797203064,0.5214982628822327,-1.1545217037200928,0.99980628490448,0.47556567192077637,0.5320120453834534,-1.1478577852249146,0.9997870922088623,0.7925935387611389,0.7776185274124146,-0.4158358573913574,0.9975847601890564,0.2589329183101654,0.7829265594482422,-0.4825112223625183,0.9979792833328247,0.9421451687812805,1.2034903764724731,-0.4121848940849304,0.21518822014331818,0.1302320659160614,1.2557852268218994,-0.5295450687408447,0.3628218173980713,0.9472759366035461,1.6168538331985474,-0.9182888269424438,0.04798192158341408,0.11131177842617035,1.6133017539978027,-1.3373844623565674,0.11220838874578476
0,0.4811433255672455,0.4577969014644623,-1.1296818256378174,0.9997559785842896,0.521072268486023,0.3687323331832886,-1.0883970260620117,0.999549388885498,0.5462176203727722,0.36912962794303894,-1.088219404220581,0.9995296001434326,0.5638387799263,0.37051665782928467,-1.088558316230774,0.9994926452636719,0.4478906989097595,0.36617788672447205,-1.0661216974258423,0.9995713233947754,0.4240586757659912,0.36506667733192444,-1.0650888681411743,0.9995911717414856,0.406137079000473,0.3653927743434906,-1.0653327703475952,0.9995927810668945,0.5965299606323242,0.39147689938545227,-0.678113579750061,0.9995174407958984,0.3869859576225281,0.3928191363811493,-0.5396301746368408,0.9996727705001831,0.5277458429336548,0.5377603769302368,-0.9675306081771851,0.9998273849487305,0.4367179870605469,0.5431440472602844,-0.9288744926452637,0.9998229146003723,0.7785972356796265,0.780472457408905,-0.40050095319747925,0.9974921345710754,0.2496076375246048,0.7634721994400024,-0.26555702090263367,0.9983896017074585,0.9468695521354675,1.2090857028961182,-0.23018690943717957,0.22951100766658783,0.10034625232219696,1.0317130088806152,-0.09992796927690506,0.3192071318626404,0.9326199293136597,1.604522943496704,-0.38000985980033875,0.04015326872467995,0.05720756575465202,1.560762643814087,-0.6200472116470337,0.09339942038059235
0,0.48146137595176697,0.44502076506614685,-1.1347566843032837,0.9998787641525269,0.5210922956466675,0.35950756072998047,-1.0780904293060303,0.9997798204421997,0.5450956225395203,0.3596137464046478,-1.0781023502349854,0.9997571706771851,0.5631126165390015,0.3603787422180176,-1.0784878730773926,0.9997448921203613,0.4447881579399109,0.35770225524902344,-1.0671141147613525,0.999809205532074,0.41961997747421265,0.35697051882743835,-1.0660741329193115,0.9998145699501038,0.4004381597042084,0.35746973752975464,-1.066424012184143,0.9998247027397156,0.5980443358421326,0.37952402234077454,-0.6351928114891052,0.9997479319572449,0.3766022324562073,0.38688138127326965,-0.5542721748352051,0.9998546242713928,0.5277155637741089,0.5283938050270081,-0.9657767415046692,0.9999170899391174,0.43523603677749634,0.5325534343719482,-0.9425294995307922,0.9999224543571472,0.7922040224075317,0.7775892615318298,-0.3625938296318054,0.997827410697937,0.23724043369293213,0.7864686846733093,-0.3355563282966614,0.9991375803947449,0.9554583430290222,1.2432416677474976,-0.30444926023483276,0.22804580628871918,0.12882483005523682,1.2917327880859375,-0.25912025570869446,0.34982824325561523,0.9551360011100769,1.662023663520813,-0.6061544418334961,0.032804958522319794,0.10080693662166595,1.6602462530136108,-0.865658164024353,0.10788694769144058
0,0.4793876111507416,0.43497517704963684,-1.227644920349121,0.9999091625213623,0.5205196142196655,0.34834519028663635,-1.1624553203582764,0.9998257160186768,0.5436210632324219,0.3499618470668793,-1.1625490188598633,0.9998059868812561,0.5619738101959229,0.35129085183143616,-1.162969708442688,0.999796986579895,0.44475969672203064,0.3415168821811676,-1.1537930965423584,0.9998558163642883,0.4195846915245056,0.33941519260406494,-1.1526696681976318,0.999862551689148,0.39999544620513916,0.3380714952945709,-1.1529901027679443,0.9998757839202881,0.5960556268692017,0.3754454553127289,-0.6763848662376404,0.9997774362564087,0.37565866112709045,0.3709353804588318,-0.60597163438797,0.999891459941864,0.5234960913658142,0.5225065350532532,-1.0406506061553955,0.9999288320541382,0.42961564660072327,0.5218304991722107,-1.0209239721298218,0.9999392032623291,0.7933355569839478,0.7929373383522034,-0.356100857257843,0.9976228475570679,0.22076508402824402,0.7999404668807983,-0.35306796431541443,0.9993299841880798,0.9697366952896118,1.2609097957611084,-0.2672985792160034,0.1746540665626526,0.13681817054748535,1.3273597955703735,-0.27462121844291687,0.36026692390441895,0.9618186950683594,1.6823272705078125,-0.6229826807975769,0.020800132304430008,0.1252816915512085,1.7040055990219116,-0.9887586832046509,0.09771218150854111
0,0.4786716401576996,0.4339635670185089,-1.0941672325134277,0.9999173879623413,0.5215967297554016,0.3493260443210602,-1.0416640043258667,0.9998489618301392,0.5445276498794556,0.3527412712574005,-1.0415089130401611,0.99982750415802,0.5629962086677551,0.35563769936561584,-1.0419204235076904,0.9998267292976379,0.447876513004303,0.34094423055648804,-1.0216351747512817,0.9998752474784851,0.42397165298461914,0.3384898006916046,-1.0205808877944946,0.9998772144317627,0.4039309024810791,0.336882621049881,-1.0208423137664795,0.9998912215232849,0.5984540581703186,0.381059855222702,-0.6204934120178223,0.9998034238815308,0.3822270631790161,0.36937999725341797,-0.493988573551178,0.999897837638855,0.523500382900238,0.5219830274581909,-0.9342435598373413,0.9999399185180664,0.4290802478790283,0.5216160416603088,-0.89862060546875,0.9999459981918335,0.7880947589874268,0.7948169708251953,-0.3948308825492859,0.9977448582649231,0.23699982464313507,0.7925440073013306,-0.24575379490852356,0.9993711709976196,0.9652148485183716,1.248844861984253,-0.3186643719673157,0.2054780274629593,0.12862528860569,1.2918881177902222,-0.13787031173706055,0.36565184593200684,0.9469170570373535,1.6560472249984741,-0.5625719428062439,0.02270907536149025,0.10539990663528442,1.640290379524231,-0.7233729958534241,0.09885231405496597
0,0.4936444163322449,0.43707606196403503,-1.3165791034698486,0.9998679757118225,0.5331155061721802,0.35365739464759827,-1.2466230392456055,0.9997626543045044,0.5545594096183777,0.3571331799030304,-1.246764063835144,0.9997344613075256,0.5742599368095398,0.35969218611717224,-1.2471249103546143,0.9997178316116333,0.4587457776069641,0.343782901763916,-1.2423409223556519,0.9997920989990234,0.4333145022392273,0.3405230641365051,-1.241306185722351,0.9997996687889099,0.41105684638023376,0.3387426733970642,-1.2417054176330566,0.9998173713684082,0.6066398024559021,0.3852004408836365,-0.7496392130851746,0.9996804594993591,0.384186327457428,0.3712335228919983,-0.691911518573761,0.999837338924408,0.5321681499481201,0.5251885652542114,-1.1236964464187622,0.9999026656150818,0.44258221983909607,0.526966392993927,-1.109904408454895,0.9999146461486816,0.7901868224143982,0.8248304128646851,-0.4343331456184387,0.9967972040176392,0.23416933417320251,0.7930206656455994,-0.3948114514350891,0.9990392923355103,0.9322257041931152,1.284685730934143,-0.36996904015541077,0.15760107338428497,0.09615519642829895,1.3027390241622925,-0.23445646464824677,0.3476242423057556,0.901027500629425,1.683298110961914,-0.7806189656257629,0.019154326990246773,0.08397991955280304,1.6871389150619507,-0.8035456538200378,0.08117617666721344
0,0.5061365365982056,0.45036545395851135,-1.5410748720169067,0.9989566802978516,0.5317273736000061,0.3692244589328766,-1.4455782175064087,0.9985790252685547,0.5498262047767639,0.37104496359825134,-1.4461772441864014,0.998418390750885,0.5688232183456421,0.3732169568538666,-1.446396827697754,0.9982637166976929,0.4675441384315491,0.3648199141025543,-1.4578872919082642,0.998591423034668,0.44209179282188416,0.36488449573516846,-1.4578090906143188,0.998599648475647,0.41825562715530396,0.3652138113975525,-1.4584187269210815,0.9986701011657715,0.5947563648223877,0.41097408533096313,-0.8066932559013367,0.9985958337783813,0.3817351758480072,0.3992931544780731,-0.8532589673995972,0.9987902641296387,0.5352062582969666,0.5366104245185852,-1.2970150709152222,0.9993470907211304,0.45756322145462036,0.5308687090873718,-1.3118722438812256,0.9994370341300964,0.769217312335968,0.8420747518539429,-0.4360284209251404,0.9880484342575073,0.214542955160141,0.8309687376022339,-0.4386993944644928,0.9758861064910889,0.9367424845695496,1.2923914194107056,-0.510339617729187,0.21322643756866455,0.042740702629089355,1.2795741558074951,-0.7491284012794495,0.2193657010793686,0.8984280824661255,1.6792232990264893,-1.1574621200561523,0.038721151649951935,0.08768616616725922,1.2870502471923828,-1.9390949010849,0.05410844087600708
0,0.5097277760505676,0.45579323172569275,-1.5255980491638184,0.9987943768501282,0.5338878035545349,0.37375110387802124,-1.4301342964172363,0.9983413815498352,0.5517070293426514,0.37559938430786133,-1.4307790994644165,0.998141348361969,0.5701186060905457,0.3781117796897888,-1.4310120344161987,0.9979309439659119,0.47026532888412476,0.36999762058258057,-1.445920705795288,0.9983912110328674,0.4444984495639801,0.3695055842399597,-1.4457428455352783,0.9984332323074341,0.4205840528011322,0.36921969056129456,-1.4464201927185059,0.9985232353210449,0.5943707227706909,0.41668981313705444,-0.8001171946525574,0.9982897639274597,0.38103410601615906,0.4042206108570099,-0.85991370677948,0.9986366629600525,0.5367833375930786,0.5424870252609253,-1.2857694625854492,0.9991931915283203,0.45953384041786194,0.5386698842048645,-1.3042006492614746,0.9993382096290588,0.7623427510261536,0.8427168130874634,-0.4135870337486267,0.9849237203598022,0.2157287299633026,0.8322595953941345,-0.4686525762081146,0.9738877415657043,0.9233242273330688,1.2743265628814697,-0.438448429107666,0.20843730866909027,0.05702138692140579,1.2969510555267334,-0.642096757888794,0.2097807675600052,0.903056263923645,1.6556528806686401,-1.0974695682525635,0.035511575639247894,0.08748506009578705,1.4876792430877686,-1.7297385931015015,0.04636890068650246
0,0.5074196457862854,0.4566057622432709,-1.5317766666412354,0.9988892078399658,0.5323232412338257,0.3750767707824707,-1.437433123588562,0.9984607696533203,0.5503889322280884,0.3769836127758026,-1.4381036758422852,0.9982699751853943,0.568852424621582,0.37943729758262634,-1.438302755355835,0.9980634450912476,0.4672732949256897,0.37076249718666077,-1.4513213634490967,0.9984973073005676,0.44255495071411133,0.37045392394065857,-1.4511585235595703,0.9985406994819641,0.41827717423439026,0.3700600266456604,-1.451814889907837,0.9986141324043274,0.5936400890350342,0.41776686906814575,-0.8112727999687195,0.9983885288238525,0.3801552653312683,0.405546635389328,-0.8635194897651672,0.9987125396728516,0.5361137390136719,0.543519914150238,-1.2930184602737427,0.9992347955703735,0.45763054490089417,0.5397866368293762,-1.3092081546783447,0.9993684887886047,0.7622725963592529,0.8415905237197876,-0.4257187247276306,0.9852958917617798,0.21686355769634247,0.8342534899711609,-0.46077388525009155,0.9741533994674683,0.9250587224960327,1.2691842317581177,-0.4684266149997711,0.20703125,0.06957449018955231,1.3033373355865479,-0.6243404746055603,0.19807004928588867,0.9028064012527466,1.637744665145874,-1.1407678127288818,0.035839155316352844,0.0876864641904831,1.5325301885604858,-1.7149899005889893,0.04292426258325577
0,0.5023719072341919,0.4568064510822296,-1.507263422012329,0.9990236759185791,0.5287906527519226,0.3753543496131897,-1.4156177043914795,0.9986549019813538,0.547069251537323,0.3770429491996765,-1.4162189960479736,0.9984813928604126,0.5658429861068726,0.3791408836841583,-1.416374921798706,0.9982986450195312,0.46291059255599976,0.3714003264904022,-1.4228026866912842,0.9986738562583923,0.4386869966983795,0.3710627853870392,-1.4225322008132935,0.9987040758132935,0.4142344892024994,0.37053054571151733,-1.4230644702911377,0.9987635016441345,0.5924369096755981,0.41736215353012085,-0.8018289804458618,0.9985858798027039,0.3789057731628418,0.4060779809951782,-0.8242436647415161,0.9988382458686829,0.5335720777511597,0.5436018109321594,-1.2748641967773438,0.9993211627006531,0.4535982608795166,0.5400776267051697,-1.2826685905456543,0.9994310736656189,0.7622266411781311,0.8422144055366516,-0.43344148993492126,0.9860764741897583,0.21708516776561737,0.8340541124343872,-0.4222855567932129,0.9743672013282776,0.9232398867607117,1.2788970470428467,-0.5067988634109497,0.20494744181632996,0.059019677340984344,1.2972347736358643,-0.6943821907043457,0.19078132510185242,0.9041755795478821,1.6562278270721436,-1.1943809986114502,0.03816106915473938,0.08198700845241547,1.3981435298919678,-1.8446075916290283,0.04509799927473068
0,0.5004933476448059,0.4567837715148926,-1.4956709146499634,0.9990878105163574,0.5274984836578369,0.37527406215667725,-1.4047667980194092,0.9987565279006958,0.5459420680999756,0.3768860697746277,-1.405378818511963,0.9985948801040649,0.5648677945137024,0.378862589597702,-1.405574917793274,0.998429000377655,0.4611533582210541,0.37159082293510437,-1.410843849182129,0.9987625479698181,0.4368683695793152,0.3712209463119507,-1.410683274269104,0.9987812042236328,0.41235145926475525,0.3707128167152405,-1.4111781120300293,0.9988311529159546,0.592319667339325,0.4170237183570862,-0.7902064919471741,0.9987062215805054,0.37817367911338806,0.40641289949417114,-0.8086957931518555,0.9988823533058167,0.5327440500259399,0.5435482263565063,-1.2618266344070435,0.9993653893470764,0.4518005847930908,0.5401220917701721,-1.2686158418655396,0.9994552731513977,0.7622999548912048,0.8421433568000793,-0.43637174367904663,0.9864663481712341,0.21718387305736542,0.8332868814468384,-0.3892729580402374,0.9732641577720642,0.9229685664176941,1.2762736082077026,-0.510898768901825,0.2105444073677063,0.05190230533480644,1.2685506343841553,-0.7171805500984192,0.18733707070350647,0.90357905626297,1.6510250568389893,-1.1664427518844604,0.04238303750753403,0.07980643212795258,1.3011938333511353,-1.9587945938110352,0.048291925340890884
0,0.4906540513038635,0.48997166752815247,-1.285125970840454,0.9995842576026917,0.5251738429069519,0.40846899151802063,-1.2101974487304688,0.9992215037345886,0.5461992025375366,0.40935325622558594,-1.2108409404754639,0.9992485642433167,0.5624417662620544,0.41100504994392395,-1.2111870050430298,0.9990940690040588,0.4568668007850647,0.41210833191871643,-1.2029730081558228,0.9992237091064453,0.4370923638343811,0.4138437807559967,-1.2019991874694824,0.9993067383766174,0.41640934348106384,0.4166156053543091,-1.2026660442352295,0.9993288516998291,0.6002481579780579,0.44565221667289734,-0.7148995399475098,0.9990912675857544,0.3961300551891327,0.4530741572380066,-0.6527253985404968,0.9994164705276489,0.5357899069786072,0.5676117539405823,-1.0979230403900146,0.9995664358139038,0.44944706559181213,0.5721355676651001,-1.0817301273345947,0.9996676445007324,0.7811229825019836,0.8657876253128052,-0.41714078187942505,0.9893290996551514,0.24023981392383575,0.865650475025177,-0.37928828597068787,0.9945883750915527,0.9040600657463074,1.3144046068191528,-0.5583289861679077,0.047895096242427826,0.10522037744522095,1.378836750984192,-0.36002597212791443,0.24545186758041382,0.8867371678352356,1.7257463932037354,-1.1868603229522705,0.013159762136638165,0.11669846624135971,1.789306640625,-1.0022552013397217,0.05968453735113144
0,0.4976668953895569,0.48314061760902405,-1.2582406997680664,0.9997375011444092,0.5296522378921509,0.40412193536758423,-1.1855207681655884,0.999495804309845,0.5485012531280518,0.4054969549179077,-1.1860336065292358,0.9995293021202087,0.5666248202323914,0.40714767575263977,-1.1864643096923828,0.9994218945503235,0.46177688241004944,0.4063568413257599,-1.1828210353851318,0.9995034337043762,0.4398881494998932,0.4085092842578888,-1.1818687915802002,0.9995696544647217,0.41968804597854614,0.41077834367752075,-1.1824424266815186,0.9995617270469666,0.6021444201469421,0.4439869821071625,-0.6892173886299133,0.9994038939476013,0.3950290083885193,0.45082929730415344,-0.6492283344268799,0.9996140599250793,0.5399487614631653,0.5594940781593323,-1.0700410604476929,0.9997097849845886,0.45475631952285767,0.5621652007102966,-1.0600504875183105,0.9997618794441223,0.7800759673118591,0.8640533089637756,-0.40090179443359375,0.9921100735664368,0.24876146018505096,0.8672817349433899,-0.3992539346218109,0.996356189250946,0.8958120346069336,1.3106704950332642,-0.4933866858482361,0.04834961146116257,0.13663551211357117,1.3754299879074097,-0.41185951232910156,0.23415812849998474,0.8915390968322754,1.7082597017288208,-1.0445653200149536,0.012225985527038574,0.13380637764930725,1.7751961946487427,-1.0935171842575073,0.05811550095677376
0,0.5021594762802124,0.47918522357940674,-1.1782792806625366,0.9997854232788086,0.5331467390060425,0.3999370336532593,-1.1038053035736084,0.9995799660682678,0.5509697198867798,0.4010297954082489,-1.1042035818099976,0.9996206760406494,0.5702990293502808,0.4022656977176666,-1.1045379638671875,0.9995293617248535,0.4655334949493408,0.40260744094848633,-1.101855754852295,0.999582827091217,0.4422729015350342,0.40510547161102295,-1.1008579730987549,0.999646008014679,0.42219552397727966,0.4074057340621948,-1.1014035940170288,0.9996265172958374,0.6041253209114075,0.4400727450847626,-0.6388463377952576,0.9995153546333313,0.39383232593536377,0.44865700602531433,-0.6024741530418396,0.9996770620346069,0.5431641340255737,0.5571197271347046,-1.0056403875350952,0.9997543096542358,0.45771628618240356,0.5595957040786743,-0.996658444404602,0.999796986579895,0.7784757018089294,0.864250898361206,-0.39208024740219116,0.9933960437774658,0.24576321244239807,0.8685794472694397,-0.39376407861709595,0.9967641234397888,0.8913930058479309,1.3228414058685303,-0.5243241190910339,0.05032015219330788,0.12544561922550201,1.3838741779327393,-0.42205995321273804,0.21263901889324188,0.8703573942184448,1.71930992603302,-1.0485315322875977,0.012404114007949829,0.12939873337745667,1.7742153406143188,-1.1007673740386963,0.050857990980148315
0,0.4946352541446686,0.47356298565864563,-1.248708724975586,0.99983149766922,0.5269675850868225,0.3973996043205261,-1.1713613271713257,0.9996610283851624,0.5452689528465271,0.39938077330589294,-1.1718653440475464,0.9996973872184753,0.561855673789978,0.40167826414108276,-1.1722326278686523,0.9996215105056763,0.46068841218948364,0.3992246687412262,-1.171161413192749,0.9996601343154907,0.43930935859680176,0.4009779095649719,-1.1701207160949707,0.999714732170105,0.41983094811439514,0.4035714864730835,-1.1706902980804443,0.9996957182884216,0.5975939035415649,0.4409513771533966,-0.6793028116226196,0.9996086955070496,0.39288002252578735,0.44634994864463806,-0.6470045447349548,0.9997371435165405,0.5366726517677307,0.5515313744544983,-1.0648860931396484,0.9998047947883606,0.45160531997680664,0.5530831813812256,-1.0579297542572021,0.999835729598999,0.7761322855949402,0.8640638589859009,-0.4033431112766266,0.9941461682319641,0.2428300678730011,0.8692346811294556,-0.41760867834091187,0.99718177318573,0.8870679140090942,1.3183505535125732,-0.5368958115577698,0.050517890602350235,0.12087129056453705,1.3733479976654053,-0.4624561667442322,0.21760669350624084,0.8758349418640137,1.7158482074737549,-1.1274107694625854,0.013648198917508125,0.12830039858818054,1.7646822929382324,-1.1799509525299072,0.052374642342329025
0,0.4929482936859131,0.5084561109542847,-1.215334177017212,0.9998102784156799,0.5266037583351135,0.4232611060142517,-1.1441881656646729,0.9996053576469421,0.5454376935958862,0.42369920015335083,-1.1446924209594727,0.9996567964553833,0.5638744831085205,0.42456719279289246,-1.1450921297073364,0.9995574355125427,0.4580131471157074,0.4215511679649353,-1.1449923515319824,0.9996140599250793,0.43715739250183105,0.42132875323295593,-1.1440036296844482,0.9996841549873352,0.4173102378845215,0.42186129093170166,-1.144550085067749,0.9996534585952759,0.5996954441070557,0.44915592670440674,-0.6614498496055603,0.9995525479316711,0.39146503806114197,0.45271652936935425,-0.6335177421569824,0.999718189239502,0.5354668498039246,0.5847744345664978,-1.0314427614212036,0.9997686743736267,0.44960933923721313,0.5873422622680664,-1.0255435705184937,0.9998123645782471,0.7771164178848267,0.8629776835441589,-0.3694968819618225,0.9945645928382874,0.2386181801557541,0.8727428317070007,-0.4095589518547058,0.9972897171974182,0.8952577710151672,1.321424961090088,-0.43820881843566895,0.04875478893518448,0.12698671221733093,1.3991705179214478,-0.40069976449012756,0.2153976708650589,0.8817194104194641,1.715282917022705,-0.9535020589828491,0.012663478963077068,0.14134319126605988,1.7970155477523804,-1.0209869146347046,0.04740990325808525
0,0.4468989968299866,0.5237891674041748,-1.2809040546417236,0.9996622800827026,0.48099446296691895,0.4358426630496979,-1.2225823402404785,0.9993503093719482,0.506149411201477,0.4326910972595215,-1.223220944404602,0.9994038343429565,0.5292536616325378,0.4304160475730896,-1.2236779928207397,0.9992738366127014,0.4098566174507141,0.4446539878845215,-1.2040784358978271,0.9993535280227661,0.39114782214164734,0.44728681445121765,-1.2031269073486328,0.9994292259216309,0.37742602825164795,0.4492577314376831,-1.2037599086761475,0.9994103908538818,0.5648914575576782,0.45058444142341614,-0.7463803291320801,0.999313473701477,0.36436769366264343,0.4719039499759674,-0.6423066258430481,0.9995068907737732,0.5031145811080933,0.5975304245948792,-1.0990660190582275,0.9996666312217712,0.4123012125492096,0.6084522008895874,-1.0674033164978027,0.9997094869613647,0.7689321637153625,0.8557776212692261,-0.4475793242454529,0.9929016828536987,0.2276482880115509,0.8780407309532166,-0.3476143479347229,0.9962099194526672,0.8876625299453735,1.3149120807647705,-0.5709461569786072,0.056028738617897034,0.1025979071855545,1.3978943824768066,-0.2972838282585144,0.23171086609363556,0.8955172300338745,1.7252833843231201,-1.1483774185180664,0.01234555896371603,0.11432162672281265,1.8071980476379395,-0.9154346585273743,0.04827437549829483
0,0.48864150047302246,0.5098426938056946,-1.186826467514038,0.9998301863670349,0.520485520362854,0.4209842085838318,-1.1137629747390747,0.999652624130249,0.5393652319908142,0.41970452666282654,-1.1140952110290527,0.9996908903121948,0.5599013566970825,0.41859108209609985,-1.1143436431884766,0.9996182918548584,0.4498438239097595,0.4277566075325012,-1.1108982563018799,0.9996606707572937,0.4276336133480072,0.4306281507015228,-1.1096761226654053,0.99970942735672,0.40768617391586304,0.43397030234336853,-1.1101255416870117,0.9996923804283142,0.5983052849769592,0.4458037316799164,-0.6428918838500977,0.9996277093887329,0.3831573724746704,0.4688655138015747,-0.5896620154380798,0.999754011631012,0.5330204963684082,0.5857630968093872,-1.0044405460357666,0.9998104572296143,0.4481077790260315,0.5949525237083435,-0.9919845461845398,0.9998339414596558,0.7771469354629517,0.8593401312828064,-0.36904197931289673,0.9946364164352417,0.24134981632232666,0.8820407390594482,-0.3615899980068207,0.997576117515564,0.9126524925231934,1.3229374885559082,-0.4974574148654938,0.04534932225942612,0.11276433616876602,1.3874528408050537,-0.368356853723526,0.23403236269950867,0.9093554615974426,1.7162320613861084,-1.0740208625793457,0.01336637232452631,0.12289732694625854,1.7642251253128052,-1.0538408756256104,0.04876574128866196
0,0.5107289552688599,0.5041776299476624,-1.2825024127960205,0.9997087121009827,0.5414218902587891,0.42008286714553833,-1.21257746219635,0.9994004368782043,0.5616020560264587,0.4198419749736786,-1.2130577564239502,0.9994773864746094,0.5844854712486267,0.4203592836856842,-1.2135519981384277,0.999326765537262,0.47439733147621155,0.4205828309059143,-1.2122482061386108,0.999428391456604,0.44937998056411743,0.4217761158943176,-1.2112648487091064,0.9995341897010803,0.4304186701774597,0.4234677851200104,-1.2118556499481201,0.999495804309845,0.6215692758560181,0.4484488368034363,-0.7139431834220886,0.9993063807487488,0.4024973511695862,0.4587334394454956,-0.6862460374832153,0.9995965361595154,0.551770031452179,0.5840626955032349,-1.091212511062622,0.9996721148490906,0.4712982177734375,0.5844958424568176,-1.08419668674469,0.999738335609436,0.7875405550003052,0.8604223728179932,-0.42041343450546265,0.9934173822402954,0.2559170722961426,0.8728249669075012,-0.4294804632663727,0.9973016381263733,0.9058707356452942,1.3177300691604614,-0.48160940408706665,0.04539589583873749,0.1286003291606903,1.3744423389434814,-0.43811458349227905,0.233256995677948,0.9056321382522583,1.7241480350494385,-0.9983847737312317,0.01124160923063755,0.14197367429733276,1.7798998355865479,-1.1358528137207031,0.044552069157361984
0,0.5098599195480347,0.5119925737380981,-1.2195109128952026,0.9996697902679443,0.5409093499183655,0.42756497859954834,-1.1478087902069092,0.9993440508842468,0.5609453916549683,0.42722901701927185,-1.1483080387115479,0.9994227886199951,0.583535373210907,0.4276329278945923,-1.1487996578216553,0.9992653727531433,0.47302302718162537,0.4286843538284302,-1.1514400243759155,0.9993736743927002,0.44867825508117676,0.42999351024627686,-1.1504753828048706,0.9994840621948242,0.4295996129512787,0.4318017065525055,-1.151033639907837,0.9994475245475769,0.6201704740524292,0.45291200280189514,-0.6688947081565857,0.9992565512657166,0.4022826552391052,0.46206027269363403,-0.6500692367553711,0.9995587468147278,0.5510162115097046,0.591087281703949,-1.0354719161987305,0.999635636806488,0.46941885352134705,0.593727707862854,-1.032588005065918,0.999707818031311,0.7879047989845276,0.860729992389679,-0.371574729681015,0.992944598197937,0.25553473830223083,0.8726273775100708,-0.40627995133399963,0.997002899646759,0.9057464599609375,1.3197675943374634,-0.4259986877441406,0.04422334209084511,0.11781284958124161,1.3773080110549927,-0.3927624225616455,0.23306627571582794,0.9072326421737671,1.72331964969635,-0.9450565576553345,0.011032912880182266,0.13278743624687195,1.7841331958770752,-1.0131220817565918,0.04353681579232216
0,0.49741870164871216,0.5074111223220825,-1.250022292137146,0.9996932148933411,0.5301536321640015,0.42419344186782837,-1.1794970035552979,0.999402642250061,0.5496852993965149,0.4245981276035309,-1.1799461841583252,0.9994645118713379,0.5668408870697021,0.42530718445777893,-1.180357813835144,0.9993351101875305,0.45968833565711975,0.4254963994026184,-1.1771141290664673,0.9994186758995056,0.4390849471092224,0.4265306293964386,-1.176063895225525,0.9995066523551941,0.41855382919311523,0.4280313551425934,-1.1765780448913574,0.9994773864746094,0.6036118268966675,0.45252764225006104,-0.6906665563583374,0.9993329048156738,0.39531224966049194,0.46072807908058167,-0.6515872478485107,0.9995659589767456,0.5420876741409302,0.584221601486206,-1.06467604637146,0.9996681809425354,0.4552433490753174,0.58870530128479,-1.054091215133667,0.9997259378433228,0.7831821441650391,0.8594410419464111,-0.4125569462776184,0.9933395385742188,0.24798336625099182,0.8742514848709106,-0.4102284908294678,0.9968068599700928,0.8939094543457031,1.321228265762329,-0.49167460203170776,0.047577276825904846,0.12649914622306824,1.3868805170059204,-0.42248302698135376,0.21596671640872955,0.8828139305114746,1.7152459621429443,-1.0012812614440918,0.011606170795857906,0.13796326518058777,1.7874772548675537,-1.090186357498169,0.04292533919215202
0,0.4900076389312744,0.502442479133606,-1.1810352802276611,0.9997196793556213,0.5239027738571167,0.41831138730049133,-1.1082130670547485,0.9994574189186096,0.5447264909744263,0.41856110095977783,-1.1085588932037354,0.9995135068893433,0.5610777735710144,0.41942349076271057,-1.1087710857391357,0.999399721622467,0.45308375358581543,0.422324538230896,-1.1057007312774658,0.9994683265686035,0.43313613533973694,0.4236852526664734,-1.1048431396484375,0.9995478987693787,0.41234079003334045,0.42591461539268494,-1.1054308414459229,0.9995225071907043,0.5988120436668396,0.44986391067504883,-0.6373494267463684,0.9994065165519714,0.3928227722644806,0.4601181745529175,-0.5996230244636536,0.9995980858802795,0.5374969840049744,0.5779999494552612,-1.005713701248169,0.9996930360794067,0.4489361643791199,0.5847942233085632,-0.9966020584106445,0.9997420907020569,0.7828407883644104,0.8599406480789185,-0.38630712032318115,0.9931911826133728,0.2477446049451828,0.8754392266273499,-0.3801846504211426,0.996702253818512,0.89509516954422,1.3264622688293457,-0.53959721326828,0.04771963506937027,0.1130741611123085,1.390304684638977,-0.4134034514427185,0.2096022069454193,0.8789747953414917,1.7255194187164307,-1.0972028970718384,0.012205148115754128,0.12561547756195068,1.7892909049987793,-1.0981671810150146,0.04273006319999695
0,0.4905470013618469,0.4973721504211426,-1.2055578231811523,0.9997251033782959,0.524124801158905,0.4137670695781708,-1.1346585750579834,0.9994617700576782,0.544590950012207,0.4142950773239136,-1.1351243257522583,0.9995217323303223,0.5612279176712036,0.4153899550437927,-1.1355727910995483,0.9994081854820251,0.45370516180992126,0.41800153255462646,-1.1318278312683105,0.9994710087776184,0.43341168761253357,0.4195290803909302,-1.1308664083480835,0.999553918838501,0.41273799538612366,0.4218275249004364,-1.1314386129379272,0.9995260238647461,0.598714292049408,0.44810134172439575,-0.6602702140808105,0.9994121789932251,0.39237180352211,0.4578861594200134,-0.6207131147384644,0.9995995163917542,0.537349283695221,0.5734049081802368,-1.027801275253296,0.9996936917304993,0.44910383224487305,0.5790478587150574,-1.017165184020996,0.9997421503067017,0.7823606729507446,0.8599132299423218,-0.39627188444137573,0.9932098984718323,0.24691906571388245,0.876094400882721,-0.39144983887672424,0.9966379404067993,0.8929620981216431,1.3228833675384521,-0.4988690912723541,0.04757382348179817,0.11567096412181854,1.3847250938415527,-0.4515700340270996,0.20163871347904205,0.8768399953842163,1.7154210805892944,-1.0097005367279053,0.012035505846142769,0.1289624571800232,1.775984287261963,-1.181391954421997,0.041421759873628616
0,0.49387049674987793,0.4853721857070923,-1.1759943962097168,0.9998315572738647,0.5273979902267456,0.4068547487258911,-1.1019887924194336,0.9996465444564819,0.5460264682769775,0.4076136350631714,-1.1023805141448975,0.9996955990791321,0.5643460750579834,0.4088096022605896,-1.102722406387329,0.9996108412742615,0.4573962688446045,0.41077423095703125,-1.1006858348846436,0.9996574521064758,0.4353370666503906,0.4126969575881958,-1.0996487140655518,0.999722421169281,0.41520434617996216,0.41465649008750916,-1.1001722812652588,0.999694287776947,0.5994429588317871,0.44364291429519653,-0.6314200162887573,0.9995983242988586,0.39114823937416077,0.4531140625476837,-0.595543384552002,0.9997480511665344,0.538239061832428,0.5634139180183411,-1.00046968460083,0.999790370464325,0.4495773911476135,0.5679236054420471,-0.9914014935493469,0.9998272061347961,0.7803815603256226,0.8624026775360107,-0.37625184655189514,0.9947941303253174,0.24302871525287628,0.879404604434967,-0.3971734941005707,0.9976586699485779,0.896560549736023,1.3293261528015137,-0.4755913317203522,0.04338160902261734,0.124620720744133,1.391426920890808,-0.3811776638031006,0.1937904804944992,0.8805694580078125,1.7243130207061768,-0.9805628061294556,0.011884060688316822,0.1355966180562973,1.7787152528762817,-0.9970074892044067,0.041602782905101776
0,0.4919387400150299,0.48280659317970276,-1.149106740951538,0.9998270273208618,0.5264074206352234,0.4047289490699768,-1.079097032546997,0.9996313452720642,0.5453273057937622,0.40538832545280457,-1.0795124769210815,0.9996830224990845,0.5632954835891724,0.4065329134464264,-1.079796552658081,0.99959397315979,0.45627063512802124,0.4098922610282898,-1.0736204385757446,0.9996442794799805,0.4345164895057678,0.4119175374507904,-1.0726295709609985,0.9997126460075378,0.4143620431423187,0.41423356533050537,-1.0731875896453857,0.9996842741966248,0.5990489721298218,0.4418424069881439,-0.6288748979568481,0.9995830655097961,0.3910180628299713,0.45269498229026794,-0.5744629502296448,0.9997368454933167,0.5369802117347717,0.5604008436203003,-0.9809181094169617,0.9997795820236206,0.44755440950393677,0.5658050179481506,-0.9668277502059937,0.9998199939727783,0.7797303199768066,0.8622901439666748,-0.3881096839904785,0.9943445324897766,0.2433209866285324,0.8788236379623413,-0.37688177824020386,0.9975244402885437,0.8965131640434265,1.3288494348526,-0.4883355498313904,0.04374314099550247,0.12565235793590546,1.3882625102996826,-0.3728790879249573,0.19034719467163086,0.8757761120796204,1.7206963300704956,-0.9758697748184204,0.01187267154455185,0.13955450057983398,1.7801251411437988,-0.992477536201477,0.041342977434396744
0,0.48806285858154297,0.48453429341316223,-1.1741080284118652,0.9997989535331726,0.5220376253128052,0.40520116686820984,-1.1054097414016724,0.9995932579040527,0.5422998666763306,0.4053627848625183,-1.1058779954910278,0.9996365308761597,0.5595266222953796,0.4062037467956543,-1.10622239112854,0.999553382396698,0.45259666442871094,0.4106840193271637,-1.0987794399261475,0.9996026754379272,0.43184694647789,0.41204947233200073,-1.0977792739868164,0.999666154384613,0.41203397512435913,0.4143922030925751,-1.098342776298523,0.999647319316864,0.5950285196304321,0.4406057298183441,-0.6486117243766785,0.9995502233505249,0.3904203772544861,0.4518839418888092,-0.5896584391593933,0.9996892213821411,0.5335429906845093,0.5601217746734619,-1.0028904676437378,0.9997536540031433,0.44425782561302185,0.5659500956535339,-0.9868208765983582,0.9997880458831787,0.7765883207321167,0.8576697707176208,-0.40458688139915466,0.9936758279800415,0.24521152675151825,0.8759045004844666,-0.36928364634513855,0.9971354603767395,0.8969923853874207,1.323135495185852,-0.5078288316726685,0.045156288892030716,0.1307494044303894,1.3916195631027222,-0.3741576075553894,0.17930486798286438,0.8641584515571594,1.7147393226623535,-0.9812539219856262,0.012701740488409996,0.14160941541194916,1.776737093925476,-0.9766569137573242,0.04343007132411003
0,0.48688608407974243,0.4846091568470001,-1.1720060110092163,0.9997866153717041,0.5208956003189087,0.4049805700778961,-1.1048896312713623,0.9995598793029785,0.5414695143699646,0.40507772564888,-1.1052696704864502,0.9996086359024048,0.5587155818939209,0.40584614872932434,-1.1056787967681885,0.999517560005188,0.4513421952724457,0.41051480174064636,-1.09988272190094,0.9995741844177246,0.43089884519577026,0.4118523597717285,-1.098933458328247,0.9996444582939148,0.41125908493995667,0.41422316431999207,-1.0995018482208252,0.9996224641799927,0.5943135619163513,0.4398577809333801,-0.6459670662879944,0.9995093941688538,0.39037030935287476,0.45170411467552185,-0.5914788246154785,0.9996660947799683,0.5329610705375671,0.5598292946815491,-1.0014588832855225,0.9997392296791077,0.4436322748661041,0.5656490921974182,-0.9874223470687866,0.9997768402099609,0.7764495611190796,0.8579800128936768,-0.4047464430332184,0.9938104748725891,0.2465800940990448,0.8750126957893372,-0.3919117748737335,0.9972617030143738,0.8965179324150085,1.3260976076126099,-0.47323769330978394,0.047235455363988876,0.13293468952178955,1.3915164470672607,-0.4310552477836609,0.17633311450481415,0.8690198063850403,1.7213000059127808,-0.8940851092338562,0.012608370743691921,0.1447153389453888,1.7750097513198853,-1.038395643234253,0.04289460927248001
0,0.478875070810318,0.5238195657730103,-1.163926601409912,0.9998045563697815,0.5169179439544678,0.43335041403770447,-1.100685715675354,0.9996014833450317,0.539315938949585,0.43214014172554016,-1.1010494232177734,0.9996448159217834,0.5568088889122009,0.4318625032901764,-1.101408839225769,0.9995601177215576,0.4448978900909424,0.43643152713775635,-1.0951517820358276,0.999617338180542,0.42418891191482544,0.4364989697933197,-1.0940080881118774,0.9996787309646606,0.40393924713134766,0.4366552531719208,-1.094468355178833,0.999661922454834,0.5944231748580933,0.45142942667007446,-0.6465160846710205,0.9995677471160889,0.3878801763057709,0.46197137236595154,-0.5899284482002258,0.9997199177742004,0.5276657938957214,0.5963563919067383,-0.9904546737670898,0.9997614622116089,0.4384930729866028,0.6033453345298767,-0.9748252630233765,0.999799907207489,0.7752959132194519,0.8602903485298157,-0.37630730867385864,0.9942367672920227,0.24038676917552948,0.8731315732002258,-0.37154215574264526,0.997614324092865,0.8998764157295227,1.3251533508300781,-0.466658353805542,0.040885042399168015,0.11894764006137848,1.3945566415786743,-0.34112292528152466,0.19418929517269135,0.8846228718757629,1.7053148746490479,-0.9576185941696167,0.011387460865080357,0.12857849895954132,1.7792713642120361,-0.9875379800796509,0.044323816895484924
0,0.47640594840049744,0.5267768502235413,-1.2223989963531494,0.9997645616531372,0.5156106948852539,0.43551307916641235,-1.1583679914474487,0.9995261430740356,0.5385562181472778,0.4342581033706665,-1.1588749885559082,0.999575138092041,0.5562209486961365,0.4339536428451538,-1.1592833995819092,0.9994710087776184,0.44348305463790894,0.43867626786231995,-1.1523240804672241,0.9995489120483398,0.42274150252342224,0.43875640630722046,-1.1512726545333862,0.9996201395988464,0.4026317000389099,0.43878933787345886,-1.1517908573150635,0.9996037483215332,0.5944465398788452,0.45266008377075195,-0.6915572881698608,0.9994881749153137,0.38750872015953064,0.46313297748565674,-0.6294146776199341,0.9996814727783203,0.5257566571235657,0.600161612033844,-1.0420516729354858,0.9997227191925049,0.43648868799209595,0.6062648296356201,-1.025672197341919,0.9997739195823669,0.7754789590835571,0.8605795502662659,-0.4190281331539154,0.993256151676178,0.2388688623905182,0.872270941734314,-0.38393595814704895,0.997249186038971,0.9025334119796753,1.3205859661102295,-0.546209454536438,0.0384959951043129,0.11340764909982681,1.3908746242523193,-0.3493648171424866,0.19866596162319183,0.8842276334762573,1.7024381160736084,-1.089218258857727,0.011309715919196606,0.12741369009017944,1.7825579643249512,-1.0111478567123413,0.04577206075191498
0,0.4745437502861023,0.5285108685493469,-1.2254942655563354,0.9997577667236328,0.5137105584144592,0.43720924854278564,-1.1620041131973267,0.9995244741439819,0.5371811389923096,0.435573935508728,-1.1625142097473145,0.9995666742324829,0.5549204349517822,0.43491119146347046,-1.16292142868042,0.9994660019874573,0.44174107909202576,0.44142845273017883,-1.1540870666503906,0.9995455741882324,0.42078250646591187,0.4418015778064728,-1.1529648303985596,0.9996089935302734,0.40101319551467896,0.4418422281742096,-1.153454065322876,0.9995967745780945,0.5940051078796387,0.4531913697719574,-0.6934728622436523,0.9994907379150391,0.38690608739852905,0.46500205993652344,-0.6207144856452942,0.9996792674064636,0.5242000222206116,0.6022446155548096,-1.0442769527435303,0.9997251033782959,0.43493086099624634,0.6086231470108032,-1.0247763395309448,0.9997759461402893,0.7755267024040222,0.8614665269851685,-0.42201656103134155,0.9929908514022827,0.23861059546470642,0.8718491196632385,-0.3669154942035675,0.9970798492431641,0.9036178588867188,1.320204257965088,-0.5335409045219421,0.03759990632534027,0.10833291709423065,1.3867579698562622,-0.34091952443122864,0.19936639070510864,0.8881213068962097,1.7003443241119385,-1.0605279207229614,0.011604719795286655,0.12535914778709412,1.7814589738845825,-0.9946001172065735,0.04753416031599045
0,0.5146371126174927,0.4666551947593689,-1.1925251483917236,0.9997095465660095,0.5428103804588318,0.4015689790248871,-1.1121684312820435,0.999409019947052,0.5612682700157166,0.40442201495170593,-1.1127156019210815,0.9994556307792664,0.5820850133895874,0.4079185724258423,-1.1131504774093628,0.9993361234664917,0.4834915101528168,0.40066686272621155,-1.1148241758346558,0.9994465708732605,0.4604369103908539,0.40363359451293945,-1.1138628721237183,0.9995452761650085,0.44059640169143677,0.4059760272502899,-1.1144882440567017,0.9995498061180115,0.6152149438858032,0.4513287842273712,-0.6174414157867432,0.9992562532424927,0.41151246428489685,0.4509273171424866,-0.6009705662727356,0.9995948672294617,0.5509411692619324,0.5502464771270752,-1.0081255435943604,0.9996310472488403,0.47373372316360474,0.5464329123497009,-1.0055598020553589,0.9997106790542603,0.7708860039710999,0.8602973818778992,-0.33558225631713867,0.9900471568107605,0.25899338722229004,0.8719163537025452,-0.3773944079875946,0.9964921474456787,0.8949135541915894,1.3011412620544434,-0.3754841685295105,0.039238736033439636,0.13889308273792267,1.3563239574432373,-0.3160324990749359,0.2316719889640808,0.8868100047111511,1.7041343450546265,-0.8191665410995483,0.009278333745896816,0.1554185301065445,1.7369951009750366,-0.8871896862983704,0.053145550191402435
0,0.4936355650424957,0.4774623513221741,-1.2272673845291138,0.999724268913269,0.5277119278907776,0.40590301156044006,-1.1491005420684814,0.9994361996650696,0.5468640923500061,0.408465713262558,-1.1496208906173706,0.9994776248931885,0.5634790658950806,0.4113215506076813,-1.1499031782150269,0.999370276927948,0.461545467376709,0.4059786796569824,-1.1485023498535156,0.9994657039642334,0.44169217348098755,0.4077822268009186,-1.147485613822937,0.999555766582489,0.4233211874961853,0.40922826528549194,-1.1480920314788818,0.9995615482330322,0.5995191931724548,0.4516873061656952,-0.666295051574707,0.9992971420288086,0.4010775089263916,0.45193541049957275,-0.6400107741355896,0.9995979070663452,0.5377964377403259,0.5561704039573669,-1.051390528678894,0.9996604323387146,0.4516987204551697,0.5548650026321411,-1.043791651725769,0.9997294545173645,0.7684935927391052,0.8613595962524414,-0.39575114846229553,0.9904918670654297,0.24145054817199707,0.8819886445999146,-0.40783557295799255,0.9963133335113525,0.8968418836593628,1.3092290163040161,-0.4827183783054352,0.04355515167117119,0.12657764554023743,1.390074610710144,-0.4001566767692566,0.233767569065094,0.8804326057434082,1.7166320085525513,-0.9859060049057007,0.01087646558880806,0.13741430640220642,1.7661564350128174,-1.0101053714752197,0.0558164156973362
0,0.49139928817749023,0.48936474323272705,-1.244282841682434,0.9997332692146301,0.5253108143806458,0.4104088246822357,-1.1668312549591064,0.9994499683380127,0.5446274280548096,0.4122704863548279,-1.1673856973648071,0.9994922280311584,0.5616575479507446,0.4143316149711609,-1.1677957773208618,0.9993857741355896,0.45757049322128296,0.4119492471218109,-1.1679776906967163,0.9994732737541199,0.4376848638057709,0.41363826394081116,-1.1670128107070923,0.9995619654655457,0.41893190145492554,0.41572386026382446,-1.1676089763641357,0.999563992023468,0.5982285141944885,0.4520702660083771,-0.6739271879196167,0.9993157386779785,0.39758527278900146,0.45645564794540405,-0.6512758135795593,0.9995992183685303,0.5366791486740112,0.5649729371070862,-1.0595329999923706,0.9996750354766846,0.45050516724586487,0.5672169327735901,-1.054486632347107,0.9997392892837524,0.7677897810935974,0.8619619607925415,-0.3861255645751953,0.9907321929931641,0.24170103669166565,0.8829953074455261,-0.40579795837402344,0.9962254166603088,0.8917101621627808,1.3109056949615479,-0.4677947163581848,0.04519477114081383,0.12617364525794983,1.3826783895492554,-0.41973477602005005,0.23014338314533234,0.8988326787948608,1.7157014608383179,-1.0036780834197998,0.011657029390335083,0.13972939550876617,1.7552025318145752,-1.0863020420074463,0.05526254326105118
0,0.49372053146362305,0.4925573170185089,-1.2313026189804077,0.9997559785842896,0.5262261629104614,0.41429564356803894,-1.1539267301559448,0.9994955062866211,0.5449548959732056,0.4162217080593109,-1.154389500617981,0.999534010887146,0.5626421570777893,0.41819775104522705,-1.1547412872314453,0.9994366765022278,0.45898938179016113,0.4149382710456848,-1.1577184200286865,0.9995150566101074,0.4383634030818939,0.41653159260749817,-1.1566532850265503,0.9995942115783691,0.4197559356689453,0.41804227232933044,-1.1571874618530273,0.9995944499969482,0.5987035036087036,0.4546562433242798,-0.660291850566864,0.9993687272071838,0.3970951735973358,0.45814499258995056,-0.6458002328872681,0.9996309280395508,0.5373729467391968,0.5704413056373596,-1.0457707643508911,0.9996981024742126,0.4521571695804596,0.5717926025390625,-1.0434324741363525,0.9997603893280029,0.7675338387489319,0.8623058199882507,-0.37042713165283203,0.9912256598472595,0.24171122908592224,0.8831570148468018,-0.41899028420448303,0.9962475895881653,0.8893810510635376,1.312239408493042,-0.42816105484962463,0.042222876101732254,0.11931395530700684,1.3788068294525146,-0.41945090889930725,0.2179294377565384,0.8893098831176758,1.7114348411560059,-0.8877177238464355,0.011310419999063015,0.1241525411605835,1.7477551698684692,-1.0363504886627197,0.0513889454305172
0,0.5025657415390015,0.4717117249965668,-1.2474068403244019,0.999803364276886,0.5304448008537292,0.40092214941978455,-1.163027048110962,0.9995850920677185,0.5475357174873352,0.40306082367897034,-1.163544774055481,0.9996195435523987,0.5661888718605042,0.40571263432502747,-1.1638939380645752,0.9995335936546326,0.4681752324104309,0.40376779437065125,-1.1685476303100586,0.9996050596237183,0.44438353180885315,0.4082026183605194,-1.1676101684570312,0.9996748566627502,0.4254155158996582,0.41143038868904114,-1.1681925058364868,0.9996716976165771,0.6010732054710388,0.45072612166404724,-0.656779944896698,0.9994599223136902,0.3974112272262573,0.4564610421657562,-0.6575960516929626,0.9996997714042664,0.5423611402511597,0.5532729625701904,-1.0612331628799438,0.9997526407241821,0.45876389741897583,0.5562077164649963,-1.0617525577545166,0.9998047351837158,0.7700430750846863,0.865642786026001,-0.38363808393478394,0.9917042851448059,0.2427014857530594,0.886468768119812,-0.4267845153808594,0.9967771172523499,0.8912131190299988,1.3146413564682007,-0.4302944242954254,0.04379046708345413,0.12491749227046967,1.3765442371368408,-0.378048837184906,0.23709538578987122,0.8916627168655396,1.7133744955062866,-0.9137645959854126,0.012818539515137672,0.1277626007795334,1.7478677034378052,-0.9344748258590698,0.06406381726264954
1,0.4723373055458069,0.4638846516609192,-1.19613516330719,0.9996491074562073,0.5033203363418579,0.4042123854160309,-1.1117184162139893,0.9991028904914856,0.524089515209198,0.40742409229278564,-1.1121894121170044,0.9993146061897278,0.5416296720504761,0.4112672209739685,-1.112422227859497,0.9991238117218018,0.4404061436653137,0.40937694907188416,-1.1065783500671387,0.9991258382797241,0.4214748442173004,0.4143507182598114,-1.105530023574829,0.9993616342544556,0.4027983248233795,0.42056113481521606,-1.1061893701553345,0.9992932081222534,0.5760834217071533,0.462697297334671,-0.6452008485794067,0.9989488124847412,0.38228654861450195,0.4751525819301605,-0.5931946635246277,0.9992691278457642,0.5212109684944153,0.5478803515434265,-1.0259506702423096,0.9994357824325562,0.43278607726097107,0.5529128313064575,-1.012416124343872,0.9994642734527588,0.7622883915901184,0.8730364441871643,-0.3879278898239136,0.9887324571609497,0.22572922706604004,0.9085572957992554,-0.3917975425720215,0.9952441453933716,0.886452853679657,1.318472146987915,-0.39639812707901,0.04099617525935173,0.09788751602172852,1.37543523311615,-0.26652127504348755,0.2291896492242813,0.8881037831306458,1.7253631353378296,-0.7861868143081665,0.011337654665112495,0.08079128712415695,1.7334333658218384,-0.6730939149856567,0.04855160787701607
1,0.4729321599006653,0.45701369643211365,-1.161984920501709,0.9996628761291504,0.5028943419456482,0.39996248483657837,-1.0803463459014893,0.9991533160209656,0.5234444737434387,0.4029461443424225,-1.0807559490203857,0.9993478059768677,0.5408340692520142,0.40643635392189026,-1.081079125404358,0.9991787672042847,0.43995556235313416,0.4053851366043091,-1.0749785900115967,0.9991702437400818,0.4211099147796631,0.41075676679611206,-1.0738847255706787,0.9993828535079956,0.4025282859802246,0.4168645441532135,-1.0745000839233398,0.9993215203285217,0.5738601088523865,0.4573150873184204,-0.6243419647216797,0.9990042448043823,0.3820899724960327,0.4725396931171417,-0.5667108297348022,0.9992809295654297,0.5210850834846497,0.5409605503082275,-0.9971725344657898,0.9994457364082336,0.4332168698310852,0.5463451147079468,-0.982708752155304,0.9994561672210693,0.7628707885742188,0.8720191121101379,-0.3834093511104584,0.9884011149406433,0.22730223834514618,0.907099723815918,-0.37034541368484497,0.9950994253158569,0.8886793851852417,1.1701064109802246,-0.36463698744773865,0.03687751665711403,0.10139955580234528,1.3790829181671143,-0.2718827426433563,0.2096971869468689,0.8788743019104004,1.7235028743743896,-0.6884398460388184,0.011097355745732784,0.12162766605615616,1.7505537271499634,-0.7019607424736023,0.04565201327204704
1,0.4715890884399414,0.4200967252254486,-1.1082631349563599,0.9995547533035278,0.500320315361023,0.37737587094306946,-1.025219202041626,0.9989030361175537,0.5212032794952393,0.38162267208099365,-1.0255862474441528,0.9991560578346252,0.5394594669342041,0.3873189687728882,-1.025760531425476,0.998979389667511,0.43801626563072205,0.3830151855945587,-1.0167990922927856,0.9989169836044312,0.4193529486656189,0.3906151354312897,-1.015735149383545,0.9991759657859802,0.40125560760498047,0.39823785424232483,-1.0163500308990479,0.9991180896759033,0.5723954439163208,0.4450778663158417,-0.576729953289032,0.9987269639968872,0.38107115030288696,0.4603080153465271,-0.5147319436073303,0.9989646077156067,0.5218197703361511,0.5069804191589355,-0.9505347013473511,0.9991524815559387,0.4345649182796478,0.5096483826637268,-0.9337460398674011,0.9991363286972046,0.7596359252929688,0.8657398819923401,-0.36012178659439087,0.9843466281890869,0.22710394859313965,0.9053604602813721,-0.33103397488594055,0.9927504658699036,0.9034110307693481,1.3034071922302246,-0.3834516108036041,0.031036021187901497,0.09957452863454819,1.3742096424102783,-0.1537107527256012,0.17630812525749207,0.8967514038085938,1.7009061574935913,-0.7166024446487427,0.009753280319273472,0.13177119195461273,1.7442694902420044,-0.5437314510345459,0.03867477551102638
1,0.4632819592952728,0.41581863164901733,-1.1424328088760376,0.9994791150093079,0.49242234230041504,0.3732433319091797,-1.065651774406433,0.998738706111908,0.5150217413902283,0.3777235448360443,-1.0661484003067017,0.9990307688713074,0.5350225567817688,0.3837459981441498,-1.0663560628890991,0.9988489747047424,0.4308643937110901,0.379102885723114,-1.0457208156585693,0.9987133741378784,0.4127875864505768,0.38715317845344543,-1.0447757244110107,0.9990127086639404,0.39626139402389526,0.3954565227031708,-1.0455408096313477,0.9989455938339233,0.5714575052261353,0.44304683804512024,-0.6320986747741699,0.9985625743865967,0.3787776827812195,0.45988309383392334,-0.5095555186271667,0.9987408518791199,0.5179011821746826,0.5028558373451233,-0.9857512712478638,0.9990924596786499,0.4294518530368805,0.506194531917572,-0.9530215263366699,0.9990054368972778,0.7596543431282043,0.8609932661056519,-0.3975142538547516,0.9835702180862427,0.2275979071855545,0.9025800824165344,-0.3069286048412323,0.992016077041626,0.9101241827011108,1.304275393486023,-0.49378782510757446,0.03517596423625946,0.09664950519800186,1.349692463874817,-0.18817463517189026,0.178840771317482,0.9123495221138,1.7213234901428223,-0.9773402214050293,0.010295758955180645,0.1246354728937149,1.7210396528244019,-0.6473442912101746,0.036891721189022064
1,0.46028780937194824,0.4141114056110382,-1.1321685314178467,0.9994778633117676,0.48883143067359924,0.3718450963497162,-1.0514562129974365,0.9987804889678955,0.511319637298584,0.3762422204017639,-1.0519556999206543,0.9990731477737427,0.5314801931381226,0.38200756907463074,-1.0521414279937744,0.9989058971405029,0.4281999170780182,0.37824001908302307,-1.033719778060913,0.9987083673477173,0.41028156876564026,0.3862561881542206,-1.0327003002166748,0.9990079998970032,0.39383262395858765,0.3944741189479828,-1.0334100723266602,0.9989352822303772,0.5703308582305908,0.4413125216960907,-0.6043883562088013,0.998673677444458,0.37740984559059143,0.46002599596977234,-0.4914360046386719,0.9987486004829407,0.5147050023078918,0.49837639927864075,-0.972833514213562,0.999172031879425,0.42721182107925415,0.5035796165466309,-0.942546010017395,0.9990542531013489,0.759686291217804,0.8532963395118713,-0.3843331038951874,0.9854644536972046,0.22902366518974304,0.9011764526367188,-0.2865114212036133,0.9921730160713196,0.913200855255127,1.2955008745193481,-0.49722832441329956,0.04230444133281708,0.09071370214223862,1.341563105583191,-0.17422911524772644,0.19181331992149353,0.9307727813720703,1.7120869159698486,-0.994300365447998,0.011777866631746292,0.11436872184276581,1.7224174737930298,-0.6363615393638611,0.03625776246190071
1,0.467221200466156,0.4047078490257263,-1.1472291946411133,0.9994779229164124,0.493854284286499,0.36855974793434143,-1.0626773834228516,0.9987351894378662,0.5144965052604675,0.37335845828056335,-1.0631330013275146,0.999067485332489,0.5337511301040649,0.3795124292373657,-1.0633710622787476,0.9988728165626526,0.4361751079559326,0.37486448884010315,-1.0538896322250366,0.9986607432365417,0.4186612069606781,0.38338786363601685,-1.0528947114944458,0.9989966750144958,0.40178006887435913,0.3926160931587219,-1.0536205768585205,0.9988957643508911,0.5708774924278259,0.44296517968177795,-0.6109479665756226,0.9986357092857361,0.38224244117736816,0.4624490737915039,-0.540917158126831,0.9987459182739258,0.5203524827957153,0.49292388558387756,-0.9865605235099792,0.9991390705108643,0.4340757727622986,0.49992382526397705,-0.968900203704834,0.9990299940109253,0.7628410458564758,0.8593558669090271,-0.36966821551322937,0.9866302013397217,0.23083317279815674,0.9025322794914246,-0.3604687452316284,0.9924656748771667,0.9118490219116211,1.302471399307251,-0.3856218755245209,0.04639485478401184,0.09177874028682709,1.3464463949203491,-0.20114409923553467,0.19468411803245544,0.9264994859695435,1.721346378326416,-0.776448667049408,0.01250060461461544,0.11116351932287216,1.724088191986084,-0.5728887915611267,0.03465738520026207
1,0.4634493887424469,0.4079868197441101,-1.1695634126663208,0.9994779825210571,0.49178704619407654,0.3706291913986206,-1.0912554264068604,0.9985771179199219,0.5130217671394348,0.3756236135959625,-1.0916035175323486,0.9990015625953674,0.5327898263931274,0.3817874789237976,-1.0918281078338623,0.9987272024154663,0.43450236320495605,0.37636899948120117,-1.077832818031311,0.998543918132782,0.4178682863712311,0.38430243730545044,-1.0768983364105225,0.9989723563194275,0.40155094861984253,0.3930688202381134,-1.0775072574615479,0.9988015294075012,0.5710384845733643,0.44612058997154236,-0.6598148345947266,0.9984409213066101,0.3840497136116028,0.4641259014606476,-0.5545244812965393,0.9986993074417114,0.5178762674331665,0.49453821778297424,-1.0153582096099854,0.9991241693496704,0.43143296241760254,0.5010248422622681,-0.9881925582885742,0.9990031123161316,0.7628101706504822,0.8619298338890076,-0.3956942856311798,0.9888931512832642,0.23046886920928955,0.9033412337303162,-0.3483560383319855,0.994103729724884,0.9188463091850281,1.2940294742584229,-0.3346407115459442,0.06178874894976616,0.09337922930717468,1.3408005237579346,-0.15211784839630127,0.20388390123844147,0.9332900047302246,1.7110347747802734,-0.674085795879364,0.014741484075784683,0.11751379817724228,1.708282232284546,-0.5776311755180359,0.03877938538789749
1,0.4628872871398926,0.4098055958747864,-1.1138925552368164,0.9994950890541077,0.4914732575416565,0.36942294239997864,-1.0359687805175781,0.9986159205436707,0.5127075910568237,0.37418076395988464,-1.0363047122955322,0.9990161657333374,0.5324295163154602,0.380165159702301,-1.0365885496139526,0.9987637996673584,0.4335452914237976,0.37573686242103577,-1.0192402601242065,0.9985981583595276,0.4165695607662201,0.3837102949619293,-1.018234133720398,0.9990067481994629,0.4000333249568939,0.39231401681900024,-1.018893837928772,0.9988647699356079,0.5713451504707336,0.4438060224056244,-0.6084740161895752,0.9984502196311951,0.3832607865333557,0.4631562829017639,-0.5067305564880371,0.9987313151359558,0.5166444182395935,0.49301403760910034,-0.963701069355011,0.9991311430931091,0.4309651851654053,0.5009222626686096,-0.9352525472640991,0.9990077018737793,0.7612278461456299,0.8587677478790283,-0.3514977693557739,0.9881095290184021,0.23148179054260254,0.9028491377830505,-0.3198479115962982,0.9942184686660767,0.9160879850387573,1.2856369018554688,-0.247937873005867,0.060523293912410736,0.09946117550134659,1.3360042572021484,-0.0772564560174942,0.20813603699207306,0.9202200174331665,1.691715121269226,-0.5117444396018982,0.01375214010477066,0.10718295723199844,1.6927757263183594,-0.39638909697532654,0.03820061683654785
1,0.45071783661842346,0.41619327664375305,-1.1031594276428223,0.9996251463890076,0.48368287086486816,0.36949434876441956,-1.0298582315444946,0.998967170715332,0.50623619556427,0.3735828697681427,-1.0301055908203125,0.9992595911026001,0.5274686813354492,0.37917324900627136,-1.0303162336349487,0.9990649819374084,0.4242149889469147,0.37684494256973267,-1.011939287185669,0.9989511370658875,0.40743717551231384,0.3844573199748993,-1.0108906030654907,0.9992523789405823,0.39274728298187256,0.39247438311576843,-1.0114214420318604,0.9991434216499329,0.5701805353164673,0.4404357671737671,-0.6117939352989197,0.9988290667533875,0.3816404938697815,0.4596163034439087,-0.5001975297927856,0.9990454316139221,0.5056927800178528,0.49703487753868103,-0.9544253349304199,0.9993288516998291,0.42197251319885254,0.5050113797187805,-0.9240092039108276,0.9992204308509827,0.7606056928634644,0.8564818501472473,-0.3567148447036743,0.9898365139961243,0.23086240887641907,0.9015699625015259,-0.30849674344062805,0.9952484369277954,0.9167482256889343,1.2831476926803589,-0.2681279480457306,0.0611572302877903,0.09789378196001053,1.3312184810638428,-0.08946897089481354,0.21024928987026215,0.9177644848823547,1.6898674964904785,-0.5378147959709167,0.01511112879961729,0.10817243158817291,1.6903685331344604,-0.48197779059410095,0.045685071498155594
1,0.44767898321151733,0.41236764192581177,-1.0958720445632935,0.9996259808540344,0.4830546975135803,0.36651143431663513,-1.034415602684021,0.9990127086639404,0.5056532621383667,0.3705090582370758,-1.0347340106964111,0.9992618560791016,0.526900589466095,0.37630900740623474,-1.0349326133728027,0.9990786910057068,0.42345038056373596,0.37248459458351135,-1.0056506395339966,0.99898761510849,0.4068306088447571,0.37886011600494385,-1.004598617553711,0.9992583990097046,0.392296701669693,0.3853968381881714,-1.0052340030670166,0.9991755485534668,0.5724607706069946,0.4379397928714752,-0.6606768369674683,0.9988505840301514,0.3861748278141022,0.4491273760795593,-0.4982318878173828,0.999065101146698,0.5019386410713196,0.4949601888656616,-0.9586798548698425,0.999337911605835,0.4194279611110687,0.5011975765228271,-0.9149535298347473,0.9992297291755676,0.762427806854248,0.8615936040878296,-0.4178481698036194,0.9876830577850342,0.23381027579307556,0.8952777981758118,-0.30211809277534485,0.9948065876960754,0.9072870016098022,1.3030140399932861,-0.3664368987083435,0.05326312780380249,0.09688097983598709,1.3314080238342285,-0.13707910478115082,0.20078937709331512,0.8887081146240234,1.7137410640716553,-0.6400923132896423,0.014755768701434135,0.10396663099527359,1.7003310918807983,-0.5835743546485901,0.05097451061010361
1,0.444088876247406,0.41111698746681213,-1.1144609451293945,0.9996366500854492,0.4823397994041443,0.3653780519962311,-1.0486184358596802,0.9990555047988892,0.5047517418861389,0.36928945779800415,-1.0489689111709595,0.9992838501930237,0.5263615846633911,0.3752044439315796,-1.0490504503250122,0.9991092681884766,0.42312517762184143,0.3705953061580658,-1.0182087421417236,0.9990240335464478,0.40661555528640747,0.3764153718948364,-1.017293930053711,0.9992811679840088,0.39232170581817627,0.38244929909706116,-1.0179975032806396,0.9992015361785889,0.5730696320533752,0.43753498792648315,-0.6539838314056396,0.9988957047462463,0.38957494497299194,0.44534406065940857,-0.4827643036842346,0.9990740418434143,0.4969152510166168,0.4939016103744507,-0.9706825017929077,0.9993646144866943,0.4159073233604431,0.499594509601593,-0.9246295690536499,0.9992356300354004,0.7627649307250977,0.8663014769554138,-0.40623363852500916,0.9872024059295654,0.2318865805864334,0.8957881331443787,-0.2932323217391968,0.994580864906311,0.9158811569213867,1.300638198852539,-0.4164937436580658,0.05206651613116264,0.09903313964605331,1.333770990371704,-0.1354101598262787,0.1882598102092743,0.8990551829338074,1.717984914779663,-0.7699263691902161,0.01485324464738369,0.07667608559131622,1.6865187883377075,-0.6025137901306152,0.05363932624459267
1,0.4376111626625061,0.40704473853111267,-1.058813452720642,0.9994857907295227,0.4799438416957855,0.36429542303085327,-1.0065327882766724,0.9986799955368042,0.5026415586471558,0.36825549602508545,-1.0067195892333984,0.9989933371543884,0.5249044895172119,0.37440159916877747,-1.0068178176879883,0.9987511038780212,0.42190489172935486,0.3689594566822052,-0.972832202911377,0.9986302256584167,0.40599656105041504,0.37458470463752747,-0.9717276692390442,0.9989882707595825,0.39224761724472046,0.3804718255996704,-0.9722946286201477,0.9988911747932434,0.5732930302619934,0.4422846734523773,-0.6682397127151489,0.9984515309333801,0.3914185166358948,0.4473241865634918,-0.4808741509914398,0.9986957907676697,0.4880065321922302,0.49282509088516235,-0.9352926015853882,0.9991217851638794,0.40928879380226135,0.4984355866909027,-0.8838407397270203,0.9989385604858398,0.7637326717376709,0.8789111375808716,-0.4597359299659729,0.9823085069656372,0.2291787564754486,0.8990792036056519,-0.31419485807418823,0.9929307699203491,0.9149500131607056,1.322992205619812,-0.4594319462776184,0.04342558607459068,0.10059620440006256,1.3554987907409668,-0.2007598876953125,0.16778837144374847,0.8932870030403137,1.736356496810913,-0.7926247715950012,0.013612902723252773,0.10847514867782593,1.7349108457565308,-0.7186535596847534,0.05033809691667557
1,0.4334767758846283,0.4116211533546448,-1.0027306079864502,0.999489963054657,0.4785326421260834,0.3657369911670685,-0.9559024572372437,0.9987359046936035,0.501484751701355,0.36983001232147217,-0.9561220407485962,0.9990110993385315,0.5240479111671448,0.37630897760391235,-0.9562983512878418,0.9988089799880981,0.421516090631485,0.3701912760734558,-0.9212594032287598,0.9986736178398132,0.406262069940567,0.3755348026752472,-0.9200504422187805,0.9989761710166931,0.39283937215805054,0.3810361921787262,-0.9205763936042786,0.9989030957221985,0.5734449028968811,0.44559967517852783,-0.6422275304794312,0.9985440373420715,0.3961896300315857,0.4480644762516022,-0.4548576772212982,0.998736560344696,0.48240333795547485,0.5001993179321289,-0.8879610300064087,0.9990940690040588,0.40592628717422485,0.5060255527496338,-0.8356651067733765,0.9989486336708069,0.7651954889297485,0.8795298933982849,-0.44680485129356384,0.982258677482605,0.22944705188274384,0.9006925821304321,-0.2977798879146576,0.9916303157806396,0.9125055074691772,1.3269829750061035,-0.5006891489028931,0.0346112921833992,0.09516172111034393,1.36013925075531,-0.1298891007900238,0.14187194406986237,0.8981993794441223,1.7427831888198853,-0.8423323631286621,0.012234792113304138,0.10796855390071869,1.7434548139572144,-0.5453592538833618,0.04019220918416977
1,0.431706041097641,0.41191986203193665,-1.020328402519226,0.9994520545005798,0.47747689485549927,0.365811288356781,-0.9735441207885742,0.9986765384674072,0.5005764961242676,0.37010064721107483,-0.973901629447937,0.9989486932754517,0.5233563184738159,0.37686777114868164,-0.9739977717399597,0.9987630248069763,0.42100152373313904,0.3696899116039276,-0.935372531414032,0.9986056685447693,0.4061674475669861,0.3746785521507263,-0.9342600107192993,0.9988922476768494,0.39308688044548035,0.3796617388725281,-0.9348499178886414,0.9988406896591187,0.5734280347824097,0.4468291997909546,-0.6665074825286865,0.9985021948814392,0.3974536955356598,0.4454635679721832,-0.46201592683792114,0.9986684918403625,0.4802551865577698,0.5009161829948425,-0.9078282117843628,0.9990233778953552,0.404414564371109,0.5049363374710083,-0.850738525390625,0.9988868832588196,0.7657128572463989,0.877376139163971,-0.46499019861221313,0.9815685749053955,0.22816267609596252,0.9017366766929626,-0.2777478098869324,0.9907979369163513,0.9221517443656921,1.3171902894973755,-0.5195423364639282,0.03129889443516731,0.09082259237766266,1.3653929233551025,-0.019502680748701096,0.13432151079177856,0.9084051251411438,1.733486533164978,-0.8798543214797974,0.011857585050165653,0.10373489558696747,1.7507400512695312,-0.37528738379478455,0.036152433604002
1,0.43073853850364685,0.41196879744529724,-1.0523383617401123,0.999332070350647,0.47542890906333923,0.3655412793159485,-0.9951594471931458,0.9984162449836731,0.4983294606208801,0.36964157223701477,-0.9954973459243774,0.9987501502037048,0.5209149122238159,0.3761618733406067,-0.995631992816925,0.998524010181427,0.4184249937534332,0.3693734407424927,-0.967064380645752,0.9983090162277222,0.40401172637939453,0.37426701188087463,-0.9660347700119019,0.9986559748649597,0.3918997347354889,0.3791707754135132,-0.9666715860366821,0.9985955953598022,0.5719024538993835,0.4452251195907593,-0.6431522965431213,0.9983100295066833,0.39777109026908875,0.4441524147987366,-0.47458308935165405,0.9984406232833862,0.48013177514076233,0.49976736307144165,-0.9194945096969604,0.9988545775413513,0.4026898443698883,0.5038512349128723,-0.8766525387763977,0.998721182346344,0.7661077976226807,0.8735044002532959,-0.43707409501075745,0.9798743724822998,0.23149538040161133,0.9000324010848999,-0.2985683083534241,0.9900553226470947,0.915780246257782,1.3110939264297485,-0.5085328817367554,0.030625859275460243,0.09918586909770966,1.3535327911376953,-0.21244914829730988,0.12371844798326492,0.9031734466552734,1.7175441980361938,-0.8834158182144165,0.011688368394970894,0.10768631845712662,1.7267916202545166,-0.7184311747550964,0.031880974769592285
1,0.4475836753845215,0.41252052783966064,-1.1060214042663574,0.9995109438896179,0.4842046797275543,0.36578986048698425,-1.0337965488433838,0.9988293051719666,0.5065568089485168,0.36982861161231995,-1.034218668937683,0.999085009098053,0.5277910232543945,0.37612485885620117,-1.0343286991119385,0.9989067912101746,0.4230828881263733,0.3700752258300781,-1.0144343376159668,0.9987630844116211,0.40628451108932495,0.37571409344673157,-1.013383150100708,0.999031126499176,0.3927047550678253,0.3815332353115082,-1.0140653848648071,0.9989825487136841,0.5739735960960388,0.44058433175086975,-0.6173043251037598,0.9987532496452332,0.3905862271785736,0.4443884491920471,-0.5035060048103333,0.9988634586334229,0.5009394884109497,0.4985934793949127,-0.95611971616745,0.999142587184906,0.41546541452407837,0.5028175115585327,-0.9252218008041382,0.9990557432174683,0.7656953930854797,0.8696932196617126,-0.37182894349098206,0.9826120734214783,0.23128192126750946,0.8989136815071106,-0.29325392842292786,0.991600751876831,0.9096782803535461,1.3098945617675781,-0.34352266788482666,0.033278219401836395,0.09337268769741058,1.347709059715271,-0.12483128160238266,0.1517447829246521,0.8947945833206177,1.7139235734939575,-0.6705092191696167,0.011985773220658302,0.1088762879371643,1.717746615409851,-0.5170432925224304,0.03650565445423126
1,0.45906686782836914,0.4257560968399048,-1.1783162355422974,0.9996173977851868,0.4911828637123108,0.37436601519584656,-1.104061484336853,0.9990351796150208,0.5134070515632629,0.37876078486442566,-1.1043622493743896,0.999258816242218,0.5328313112258911,0.3842833340167999,-1.1044342517852783,0.9990915656089783,0.4284457266330719,0.3803432881832123,-1.089510202407837,0.9989988803863525,0.41023898124694824,0.38752084970474243,-1.0885270833969116,0.9992318153381348,0.394723504781723,0.3948224186897278,-1.0891326665878296,0.9991661906242371,0.5749481916427612,0.4434955418109894,-0.6679164171218872,0.9989399909973145,0.38664382696151733,0.45521101355552673,-0.5747365355491638,0.9990671277046204,0.5125943422317505,0.5135882496833801,-1.0216021537780762,0.99932461977005,0.42490673065185547,0.5158838629722595,-0.9960759878158569,0.9992417693138123,0.7653681635856628,0.8674907684326172,-0.39084744453430176,0.9859038591384888,0.2310059815645218,0.8985841870307922,-0.3550678491592407,0.9932391047477722,0.9109805822372437,1.2988414764404297,-0.3314424157142639,0.04207047447562218,0.09325873851776123,1.3421821594238281,-0.19289293885231018,0.17314593493938446,0.9050158262252808,1.7117043733596802,-0.6401662230491638,0.013733858242630959,0.11477092653512955,1.7083958387374878,-0.6182600259780884,0.044428154826164246
1,0.4745023846626282,0.440043181180954,-1.176356554031372,0.9996562004089355,0.5026816129684448,0.386496365070343,-1.0967698097229004,0.9990858435630798,0.5232136845588684,0.391218364238739,-1.097137689590454,0.999313235282898,0.5414841771125793,0.39682480692863464,-1.0972330570220947,0.9991439580917358,0.44014471769332886,0.393185555934906,-1.0859736204147339,0.999069333076477,0.4213506281375885,0.4010869264602661,-1.084923505783081,0.9993002414703369,0.4034889340400696,0.4098131060600281,-1.0855166912078857,0.9992237091064453,0.5780158638954163,0.4562241733074188,-0.6463070511817932,0.9989901185035706,0.38665279746055603,0.4713185727596283,-0.5721431374549866,0.9991415739059448,0.5261601805686951,0.5326538681983948,-1.0158965587615967,0.9993799328804016,0.4363144338130951,0.5366613864898682,-0.9950143098831177,0.9993074536323547,0.765342652797699,0.8687440752983093,-0.3892334997653961,0.9877381324768066,0.23042726516723633,0.900651216506958,-0.3579087257385254,0.9939152002334595,0.9172621965408325,1.2970662117004395,-0.3695533573627472,0.046940043568611145,0.09355078637599945,1.351100206375122,-0.20121487975120544,0.18507826328277588,0.9194594621658325,1.7095649242401123,-0.7303974628448486,0.015283494256436825,0.12050364166498184,1.7169702053070068,-0.615990400314331,0.04886249452829361
1,0.49142542481422424,0.42832547426223755,-1.19147527217865,0.9996883869171143,0.5121967792510986,0.38175395131111145,-1.1075507402420044,0.999161422252655,0.5302963852882385,0.3864057958126068,-1.1078838109970093,0.9993754029273987,0.5477378368377686,0.39203527569770813,-1.1080610752105713,0.9992218017578125,0.4525960385799408,0.3870014250278473,-1.1011849641799927,0.9991497993469238,0.4322226643562317,0.3953932821750641,-1.1001397371292114,0.9993621706962585,0.41330423951148987,0.40450459718704224,-1.1007053852081299,0.999281108379364,0.5778618454933167,0.45148786902427673,-0.6459249258041382,0.9990688562393188,0.3873152434825897,0.4699403643608093,-0.5896202921867371,0.9991970658302307,0.5373027324676514,0.5201631188392639,-1.0270155668258667,0.9994483590126038,0.44796738028526306,0.5241023898124695,-1.0119484663009644,0.9993689060211182,0.7658032178878784,0.8684093952178955,-0.3840944170951843,0.9895862340927124,0.2288990467786789,0.9045588970184326,-0.3785451054573059,0.9942221641540527,0.9208706617355347,1.3005191087722778,-0.2811518609523773,0.04970811307430267,0.09418316185474396,1.370460033416748,-0.15760564804077148,0.18240830302238464,0.9182004928588867,1.7198978662490845,-0.5505518317222595,0.015742478892207146,0.12125641107559204,1.738690733909607,-0.5040494203567505,0.046314988285303116
1,0.5044149160385132,0.4228253662586212,-1.1188619136810303,0.9997463226318359,0.5185034275054932,0.37550240755081177,-1.029148817062378,0.999312698841095,0.5348732471466064,0.3792975842952728,-1.0293776988983154,0.9994920492172241,0.5511329770088196,0.3840213716030121,-1.029517412185669,0.9993650317192078,0.46041932702064514,0.380758136510849,-1.0328484773635864,0.9992977380752563,0.4391559660434723,0.3895421624183655,-1.0317370891571045,0.999471127986908,0.4198385775089264,0.39904943108558655,-1.0321766138076782,0.999392032623291,0.5751450657844543,0.43947574496269226,-0.5780339241027832,0.9992367029190063,0.3882278800010681,0.46307092905044556,-0.5588153600692749,0.9993354678153992,0.5449808835983276,0.5127888917922974,-0.9580622911453247,0.9995281100273132,0.4603343605995178,0.5176199674606323,-0.9549495577812195,0.999464750289917,0.7668377161026001,0.8703163862228394,-0.3346400856971741,0.991763174533844,0.22827991843223572,0.9106699228286743,-0.40769869089126587,0.9945589900016785,0.9202393293380737,1.3151109218597412,-0.24790461361408234,0.04674805328249931,0.10027824342250824,1.4000164270401,-0.2009575366973877,0.16771867871284485,0.9257930517196655,1.7355825901031494,-0.5728797316551208,0.016403883695602417,0.1301015317440033,1.7754368782043457,-0.539702296257019,0.03961402550339699
1,0.5053847432136536,0.41802945733070374,-1.0821253061294556,0.9997854828834534,0.5183462500572205,0.3708746135234833,-0.9938597679138184,0.9994196891784668,0.5348513126373291,0.3734709918498993,-0.9941250681877136,0.9995751976966858,0.5511828660964966,0.3768562376499176,-0.9942839741706848,0.9994679093360901,0.45993226766586304,0.3781535029411316,-1.0000349283218384,0.9994015097618103,0.438825786113739,0.387602299451828,-0.9989882707595825,0.9995471835136414,0.41959962248802185,0.3978743851184845,-0.9994842410087585,0.999472975730896,0.5725654363632202,0.43057510256767273,-0.5559446215629578,0.9993671178817749,0.3881038725376129,0.461865097284317,-0.5519727468490601,0.9994324445724487,0.5482150316238403,0.5064579248428345,-0.926313042640686,0.9995701313018799,0.4633856415748596,0.5128528475761414,-0.9268465042114258,0.9995057582855225,0.7683935761451721,0.8722394108772278,-0.3264274001121521,0.9923501014709473,0.2274535894393921,0.9134902358055115,-0.4202984869480133,0.9944202899932861,0.9174922704696655,1.318877100944519,-0.23006241023540497,0.039252571761608124,0.10089107602834702,1.4027329683303833,-0.2197805643081665,0.14824029803276062,0.919631838798523,1.7250961065292358,-0.525258481502533,0.014964194037020206,0.12879708409309387,1.7612918615341187,-0.5747037529945374,0.035493768751621246
1,0.5132697820663452,0.4239976108074188,-1.1656239032745361,0.9997738003730774,0.5220986008644104,0.37164726853370667,-1.071675419807434,0.9993966817855835,0.5374521017074585,0.37404459714889526,-1.0720864534378052,0.999567449092865,0.5530670285224915,0.3772633373737335,-1.072379469871521,0.9994469881057739,0.4671390950679779,0.3788074254989624,-1.089916467666626,0.9993672370910645,0.44520196318626404,0.3882046937942505,-1.0891525745391846,0.9995265007019043,0.4253113269805908,0.3984009027481079,-1.0898340940475464,0.9994323253631592,0.5710731744766235,0.4302658438682556,-0.586086630821228,0.9993602633476257,0.3894781470298767,0.4618472754955292,-0.6172970533370972,0.9994226694107056,0.5508207678794861,0.508313000202179,-0.988045334815979,0.9995636343955994,0.4709279537200928,0.5148723721504211,-1.003378987312317,0.9995073080062866,0.7691289186477661,0.8701252341270447,-0.32440119981765747,0.9934899210929871,0.22691011428833008,0.9180874228477478,-0.45244961977005005,0.9948834776878357,0.9158118963241577,1.3121318817138672,-0.3030704855918884,0.039297036826610565,0.10354866832494736,1.407875895500183,-0.3031996786594391,0.1541953980922699,0.9300035238265991,1.717691421508789,-0.7132967710494995,0.014686708338558674,0.13627706468105316,1.769158124923706,-0.6951713562011719,0.03371260687708855
1,0.5265070199966431,0.42513447999954224,-1.038745641708374,0.9997984170913696,0.5285455584526062,0.37185904383659363,-0.9438594579696655,0.9994578957557678,0.542603075504303,0.37400105595588684,-0.94402015209198,0.9996145963668823,0.5569689869880676,0.3768084645271301,-0.9442842602729797,0.9995061755180359,0.4763495922088623,0.38003137707710266,-0.9694546461105347,0.9994327425956726,0.45349830389022827,0.39051342010498047,-0.9685214757919312,0.9995725154876709,0.43217819929122925,0.40225204825401306,-0.9690825343132019,0.9994813203811646,0.5705051422119141,0.4298766851425171,-0.4956514239311218,0.9994313716888428,0.3918103575706482,0.46775034070014954,-0.5621311664581299,0.9994852542877197,0.5646028518676758,0.5118033289909363,-0.877888560295105,0.9995875358581543,0.48697805404663086,0.5209614038467407,-0.9019263386726379,0.9995384216308594,0.7685929536819458,0.8675137162208557,-0.26181909441947937,0.9943533539772034,0.22687086462974548,0.918844997882843,-0.4419376254081726,0.9951812624931335,0.9181817173957825,1.3164482116699219,-0.21052905917167664,0.035917237401008606,0.10297169536352158,1.4175052642822266,-0.2735881209373474,0.1447155922651291,0.936569094657898,1.7168946266174316,-0.5543808937072754,0.014490645378828049,0.14026887714862823,1.78835928440094,-0.5743078589439392,0.030681459233164787
1,0.5426186919212341,0.42086973786354065,-0.9821473956108093,0.9998038411140442,0.5392746925354004,0.3714475631713867,-0.8941051363945007,0.9994797110557556,0.55122971534729,0.37357720732688904,-0.8943004608154297,0.999627411365509,0.5635588765144348,0.3762666583061218,-0.8944435119628906,0.9995341897010803,0.49140042066574097,0.37905043363571167,-0.9032251238822937,0.9994518756866455,0.46835166215896606,0.38905906677246094,-0.9021457433700562,0.9995723366737366,0.44604164361953735,0.400420606136322,-0.9027263522148132,0.9994775652885437,0.5698385834693909,0.4294043779373169,-0.5043765902519226,0.9994508028030396,0.39942654967308044,0.46712765097618103,-0.5522181391716003,0.9994841814041138,0.5756842494010925,0.510503888130188,-0.8340561985969543,0.9995889663696289,0.5042243003845215,0.5197170376777649,-0.839982807636261,0.9995251893997192,0.7666006088256836,0.8661132454872131,-0.3092944025993347,0.9952830672264099,0.22914111614227295,0.9200733304023743,-0.47691917419433594,0.995255172252655,0.9204354286193848,1.322533130645752,-0.24324028193950653,0.03547104820609093,0.1101609319448471,1.4333689212799072,-0.28939342498779297,0.12730981409549713,0.9330483675003052,1.7408809661865234,-0.5723752975463867,0.01492456253618002,0.15073654055595398,1.797830581665039,-0.5413686037063599,0.026438694447278976
1,0.5542852878570557,0.4142622947692871,-0.7842879295349121,0.9997307062149048,0.5454378128051758,0.367302268743515,-0.7282716035842896,0.9993351697921753,0.5563300848007202,0.3689952492713928,-0.7282873392105103,0.9995108246803284,0.5674402713775635,0.37097853422164917,-0.7283540368080139,0.9994230270385742,0.49799633026123047,0.3746086359024048,-0.7345677614212036,0.9992992877960205,0.47459307312965393,0.383941113948822,-0.7336133122444153,0.9994232058525085,0.4516846537590027,0.3950285017490387,-0.7341059446334839,0.9993184208869934,0.5675107836723328,0.4249919354915619,-0.45606914162635803,0.9993115663528442,0.40241122245788574,0.46544212102890015,-0.4544443190097809,0.9993264079093933,0.5854349136352539,0.505767822265625,-0.6879180669784546,0.9994601607322693,0.5177344083786011,0.5142331719398499,-0.6884602308273315,0.9993765354156494,0.7657569050788879,0.8683344125747681,-0.3344999849796295,0.9951004385948181,0.22995391488075256,0.919590413570404,-0.4192875921726227,0.9947628974914551,0.9160448908805847,1.336500644683838,-0.2810716927051544,0.03205007314682007,0.1163884624838829,1.4428712129592896,-0.20082001388072968,0.1052718386054039,0.9112949371337891,1.7530759572982788,-0.5011411309242249,0.014283920638263226,0.13833101093769073,1.809551477432251,-0.36757731437683105,0.022563112899661064
1,0.5642448663711548,0.4160841107368469,-0.8844603300094604,0.9997197389602661,0.55109041929245,0.3668682277202606,-0.8203595280647278,0.9993380904197693,0.5608856081962585,0.3684156835079193,-0.8204774856567383,0.9994986653327942,0.5710080862045288,0.3700222074985504,-0.8205534219741821,0.9994356036186218,0.5041045546531677,0.372984379529953,-0.8281446695327759,0.9992859363555908,0.480042040348053,0.3815346360206604,-0.8272004127502441,0.9993807673454285,0.45649608969688416,0.39192742109298706,-0.8277857899665833,0.9992873668670654,0.5640377402305603,0.4230920970439911,-0.505767822265625,0.9993318915367126,0.405101478099823,0.46298646926879883,-0.5090330243110657,0.9993158578872681,0.5928975343704224,0.507239580154419,-0.7696720361709595,0.9994672536849976,0.5262801647186279,0.5171976685523987,-0.7726730704307556,0.9993608593940735,0.7651438117027283,0.8687734007835388,-0.3081555664539337,0.9953509569168091,0.2310718297958374,0.9162216782569885,-0.43020814657211304,0.9944910407066345,0.9260268211364746,1.3433890342712402,-0.2647862136363983,0.031244363635778427,0.11589205265045166,1.4472030401229858,-0.18954864144325256,0.09321897476911545,0.9206857681274414,1.760054111480713,-0.5766413807868958,0.01529520470649004,0.13234838843345642,1.7915432453155518,-0.4001029431819916,0.021425645798444748
1,0.5778630971908569,0.41250598430633545,-0.9303646087646484,0.9996477961540222,0.5558801889419556,0.3661964535713196,-0.8671540021896362,0.9991589188575745,0.5636241436004639,0.36734846234321594,-0.8673125505447388,0.9993984699249268,0.5720366835594177,0.36839568614959717,-0.8675323724746704,0.9992857575416565,0.5140074491500854,0.3725007474422455,-0.8866405487060547,0.9990869164466858,0.49077171087265015,0.3809446692466736,-0.8858953714370728,0.9992517828941345,0.4669385552406311,0.39140012860298157,-0.8865432739257812,0.9990851283073425,0.5596096515655518,0.42181622982025146,-0.540023922920227,0.9992230534553528,0.40869325399398804,0.46404826641082764,-0.5982598662376404,0.9992050528526306,0.6024829149246216,0.5014833211898804,-0.8082756996154785,0.9993802309036255,0.5462623834609985,0.50984787940979,-0.8261898756027222,0.9992493391036987,0.7652862668037415,0.8675483465194702,-0.3430788218975067,0.9955269694328308,0.23241034150123596,0.9155981540679932,-0.525843620300293,0.9944319725036621,0.9231861233711243,1.339203953742981,-0.251646488904953,0.03645629808306694,0.11419971287250519,1.4423249959945679,-0.3238876760005951,0.09794147312641144,0.9157943725585938,1.7566485404968262,-0.546113908290863,0.016046153381466866,0.13551752269268036,1.8003826141357422,-0.5237759351730347,0.02082863263785839
1,0.5990453958511353,0.413177490234375,-0.9840663075447083,0.9992660880088806,0.5709148049354553,0.3663334548473358,-0.9218170046806335,0.9982830882072449,0.5759420394897461,0.36725446581840515,-0.9221515655517578,0.9988382458686829,0.5812241435050964,0.36809152364730835,-0.922595202922821,0.9985300898551941,0.5360504388809204,0.37254247069358826,-0.9422163963317871,0.9980916380882263,0.5143086314201355,0.3804885149002075,-0.9416111707687378,0.9985507130622864,0.49034199118614197,0.39055436849594116,-0.9424104690551758,0.9981475472450256,0.558376669883728,0.42214423418045044,-0.5802075862884521,0.9985755681991577,0.41934284567832947,0.4661315083503723,-0.6493308544158936,0.9985111355781555,0.6151445508003235,0.501034140586853,-0.8564284443855286,0.9989105463027954,0.5674252510070801,0.5094619989395142,-0.876497745513916,0.9987074732780457,0.764930009841919,0.865425169467926,-0.3800196945667267,0.994714617729187,0.23359298706054688,0.913405179977417,-0.5421757102012634,0.9930387735366821,0.9168087840080261,1.3341554403305054,-0.33231693506240845,0.04000813141465187,0.11185041815042496,1.4371317625045776,-0.3549434542655945,0.10353679209947586,0.9091701507568359,1.7441351413726807,-0.6828500032424927,0.015884947031736374,0.13723495602607727,1.8072121143341064,-0.5734032392501831,0.01948566548526287
1,0.614690899848938,0.4198761582374573,-0.834033191204071,0.999045729637146,0.5846613645553589,0.36832186579704285,-0.7783589363098145,0.9978458881378174,0.5882467031478882,0.36890938878059387,-0.7785731554031372,0.9985575675964355,0.5921567678451538,0.3695443272590637,-0.7789456248283386,0.9981557726860046,0.5559821128845215,0.37471264600753784,-0.8212922215461731,0.9976556301116943,0.5379060506820679,0.3820105493068695,-0.8207370638847351,0.9982360005378723,0.516978919506073,0.39158499240875244,-0.8215646743774414,0.997701108455658,0.5622339248657227,0.42354848980903625,-0.47712355852127075,0.998297393321991,0.43583592772483826,0.47060659527778625,-0.6427377462387085,0.998253345489502,0.6288343667984009,0.5062525868415833,-0.7215955257415771,0.9986216425895691,0.5873119235038757,0.5160276889801025,-0.7702244520187378,0.998450517654419,0.7647824883460999,0.8628438115119934,-0.2740902900695801,0.9944182634353638,0.2383262813091278,0.9093033671379089,-0.5949997305870056,0.9923221468925476,0.9078561067581177,1.3267483711242676,-0.1998273730278015,0.0393146313726902,0.11070722341537476,1.4436582326889038,-0.4407699704170227,0.10920848697423935,0.9026020169258118,1.7400497198104858,-0.5340700149536133,0.015014921315014362,0.13842901587486267,1.8143112659454346,-0.6101923584938049,0.01829300820827484
1,0.621791422367096,0.4261242747306824,-0.7799334526062012,0.9986789226531982,0.5903106331825256,0.3727925717830658,-0.725940465927124,0.9972029328346252,0.5933555960655212,0.37295782566070557,-0.7262410521507263,0.9981256127357483,0.5961910486221313,0.37329891324043274,-0.7267084717750549,0.9976257085800171,0.5617563724517822,0.37992286682128906,-0.7632478475570679,0.9969683289527893,0.5441828966140747,0.38678914308547974,-0.7627013921737671,0.9977046251296997,0.523330807685852,0.3955278992652893,-0.7636249661445618,0.9970055818557739,0.5630115270614624,0.42498669028282166,-0.432903528213501,0.9979233741760254,0.44311919808387756,0.47179487347602844,-0.5728390216827393,0.9977810382843018,0.6365832090377808,0.5098472833633423,-0.668938934803009,0.9981663823127747,0.5966845750808716,0.5187966823577881,-0.7101784944534302,0.9979710578918457,0.7639689445495605,0.86252361536026,-0.2388201504945755,0.9935793280601501,0.24585437774658203,0.9061824679374695,-0.5316933393478394,0.990688681602478,0.9024292230606079,1.322403073310852,-0.1721288412809372,0.03520198166370392,0.1094035729765892,1.4420558214187622,-0.39518046379089355,0.10241715610027313,0.9025017619132996,1.7244446277618408,-0.5063540935516357,0.013559672981500626,0.14125017821788788,1.8015739917755127,-0.5626236200332642,0.01718386821448803
2,0.4977419972419739,0.6627788543701172,-2.8352580070495605,0.9988285303115845,0.5457839369773865,0.5492554903030396,-2.802961587905884,0.9978160262107849,0.5723603367805481,0.5467646718025208,-2.8033535480499268,0.9978402256965637,0.5967310667037964,0.5449194312095642,-2.8040077686309814,0.9971005320549011,0.44851428270339966,0.5460287928581238,-2.8031458854675293,0.9981734752655029,0.415299654006958,0.5411432385444641,-2.8033013343811035,0.9984119534492493,0.3907942771911621,0.536549985408783,-2.8040804862976074,0.9983775019645691,0.6454763412475586,0.5483564734458923,-2.1449334621429443,0.9980990290641785,0.35320213437080383,0.52565997838974,-2.1251626014709473,0.9991298317909241,0.5440900325775146,0.7490880489349365,-2.5441842079162598,0.9988846778869629,0.43947634100914,0.7532774806022644,-2.541041135787964,0.9993109703063965,0.8063201904296875,0.894747793674469,-1.4235336780548096,0.9874477982521057,0.1794748455286026,0.8788856863975525,-1.3308855295181274,0.9885419607162476,1.0167962312698364,1.3210009336471558,-1.263094186782837,0.1698789745569229,-0.0184892900288105,1.3991541862487793,-0.9940926432609558,0.35916867852211,1.0167790651321411,1.7863352298736572,-1.7236206531524658,0.025889959186315536,-0.03002590872347355,1.8604940176010132,-1.5100784301757812,0.14258982241153717
2,0.4782332479953766,0.7156619429588318,-3.651132583618164,0.9987571239471436,0.5330986976623535,0.5984395742416382,-3.6272647380828857,0.9974963068962097,0.5645419955253601,0.597264289855957,-3.6273231506347656,0.9974355697631836,0.5902456045150757,0.5957109928131104,-3.627915859222412,0.9965469837188721,0.42230838537216187,0.5934482216835022,-3.612374782562256,0.9979504942893982,0.390648752450943,0.5893892049789429,-3.612771987915039,0.9981561899185181,0.3664900064468384,0.583626925945282,-3.6132938861846924,0.9980855584144592,0.6463361382484436,0.5877989530563354,-2.9553608894348145,0.9976549744606018,0.33314165472984314,0.5616477727890015,-2.871108055114746,0.9989566206932068,0.5376683473587036,0.7991155982017517,-3.351557493209839,0.9986181855201721,0.41787227988243103,0.8006740212440491,-3.3299434185028076,0.9991917610168457,0.8225210905075073,0.9431378841400146,-2.163595199584961,0.9893180727958679,0.15605860948562622,0.9046205878257751,-1.882265329360962,0.992946445941925,1.0186902284622192,1.4381287097930908,-1.959374189376831,0.23646874725818634,-0.036438923329114914,1.469078779220581,-1.340666651725769,0.36964043974876404,0.9452322125434875,1.8930258750915527,-2.2831852436065674,0.019056523218750954,-0.0510319247841835,1.9420655965805054,-1.7965452671051025,0.07995553314685822
2,0.4737395644187927,0.7504373788833618,-3.86212158203125,0.998988926410675,0.5346223711967468,0.6316564083099365,-3.8516547679901123,0.9982002973556519,0.5660982131958008,0.6280788779258728,-3.8515830039978027,0.9981210827827454,0.5918097496032715,0.6250647306442261,-3.852235794067383,0.9975327253341675,0.41892877221107483,0.6286340951919556,-3.839174747467041,0.9984869360923767,0.3853228986263275,0.6226336359977722,-3.839682102203369,0.9985270500183105,0.3590306043624878,0.6163246631622314,-3.840017795562744,0.9983850121498108,0.6467676162719727,0.6099545359611511,-3.2090747356414795,0.9981851577758789,0.32106655836105347,0.5931068062782288,-3.136258602142334,0.9991087317466736,0.5316939949989319,0.8395366072654724,-3.5622329711914062,0.998271107673645,0.40911683440208435,0.8360433578491211,-3.5461621284484863,0.9989241361618042,0.8268283605575562,0.9480075836181641,-2.335608959197998,0.9865771532058716,0.1378145068883896,0.9231935143470764,-2.0532002449035645,0.9925124645233154,0.9694440960884094,1.4206334352493286,-1.8334300518035889,0.24819092452526093,0.005192046519368887,1.4924757480621338,-1.2685813903808594,0.2517925500869751,0.9216272234916687,1.8287996053695679,-1.7796783447265625,0.022300787270069122,0.02815331146121025,1.8973195552825928,-1.2335824966430664,0.04469435662031174
2,0.4675326347351074,0.7681297063827515,-4.030660629272461,0.9990713000297546,0.5344341993331909,0.6458317041397095,-4.0288848876953125,0.9985173940658569,0.5670032501220703,0.642244279384613,-4.028675556182861,0.9984045624732971,0.5947678685188293,0.6389751434326172,-4.029440879821777,0.9979450702667236,0.41071105003356934,0.6459046006202698,-4.007264137268066,0.998734176158905,0.3766530454158783,0.6390919089317322,-4.00762939453125,0.9987221956253052,0.35017499327659607,0.6317409873008728,-4.007626533508301,0.9985994100570679,0.653124988079071,0.6246708631515503,-3.3976871967315674,0.998466432094574,0.30907824635505676,0.612088143825531,-3.2915923595428467,0.9992297887802124,0.530947744846344,0.8710909485816956,-3.737236499786377,0.9983093738555908,0.4029296338558197,0.8710203170776367,-3.709996461868286,0.9989089369773865,0.8366878628730774,0.9792329668998718,-2.554234266281128,0.9853538274765015,0.1405542939901352,0.9226347804069519,-2.152446985244751,0.9929837584495544,0.9698969125747681,1.4684864282608032,-2.170741558074951,0.24504750967025757,0.002609548857435584,1.4588345289230347,-1.3955042362213135,0.20158343017101288,0.9148427844047546,1.8654065132141113,-2.082019805908203,0.020233729854226112,0.03373013809323311,1.804514765739441,-1.3905956745147705,0.0344395637512207
2,0.46564310789108276,0.8272214531898499,-3.9669220447540283,0.99917072057724,0.5344213247299194,0.7058730721473694,-3.982783794403076,0.998762309551239,0.5686864256858826,0.7005146741867065,-3.9825756549835205,0.9986182451248169,0.5984048843383789,0.6942017078399658,-3.983227252960205,0.9982751607894897,0.4034380316734314,0.702610194683075,-3.9636051654815674,0.9989342093467712,0.36764582991600037,0.6976159811019897,-3.9640612602233887,0.9988744258880615,0.34087830781936646,0.6931887269020081,-3.9641547203063965,0.998772144317627,0.6577500700950623,0.6565610766410828,-3.374819278717041,0.9987095594406128,0.29170745611190796,0.6600585579872131,-3.2776520252227783,0.9993135929107666,0.5340791940689087,0.9212505221366882,-3.6782939434051514,0.998401403427124,0.40161794424057007,0.921758234500885,-3.6541855335235596,0.9989404082298279,0.8436124920845032,0.9795548915863037,-2.5154621601104736,0.986230194568634,0.13573482632637024,0.9263424277305603,-2.171616315841675,0.9936038851737976,0.990959644317627,1.4730631113052368,-2.1750009059906006,0.2399805337190628,0.006659903563559055,1.522124171257019,-1.4925322532653809,0.16771885752677917,0.9374778866767883,1.8769723176956177,-2.2001209259033203,0.020404785871505737,0.044136326760053635,1.898613691329956,-1.5733764171600342,0.030971981585025787
2,0.464289128780365,0.8795537352561951,-3.77178692817688,0.9990753531455994,0.533806562423706,0.7521852254867554,-3.8122782707214355,0.9988921284675598,0.5721547603607178,0.7445064187049866,-3.8119571208953857,0.9986936450004578,0.6040393710136414,0.734070897102356,-3.8125979900360107,0.9985460042953491,0.3906487822532654,0.7465479373931885,-3.7896568775177,0.9989649057388306,0.35439521074295044,0.7363660335540771,-3.7901577949523926,0.9987975358963013,0.32830101251602173,0.7270223498344421,-3.790128707885742,0.9987680912017822,0.6661115288734436,0.681283712387085,-3.2802371978759766,0.9989026784896851,0.2802749276161194,0.6889280080795288,-3.1705429553985596,0.9992707967758179,0.5392574667930603,0.9611956477165222,-3.499861240386963,0.9980125427246094,0.3999525010585785,0.9646996259689331,-3.470921277999878,0.9984801411628723,0.8498504757881165,0.9755275845527649,-2.4590468406677246,0.9849890470504761,0.12961699068546295,0.9203752875328064,-2.1049742698669434,0.9927206635475159,0.9924793243408203,1.4666047096252441,-2.15020751953125,0.2066570669412613,0.002526963595300913,1.5092371702194214,-1.564259648323059,0.12620863318443298,0.9131029844284058,1.8348733186721802,-2.244196653366089,0.020448852330446243,0.0762607604265213,1.7619421482086182,-1.804330587387085,0.03303331136703491
2,0.4673716127872467,0.8600499033927917,-3.9118595123291016,0.9990493655204773,0.5338834524154663,0.739936888217926,-3.9311671257019043,0.9989034533500671,0.5712901949882507,0.7308512926101685,-3.9308924674987793,0.998676061630249,0.6026619672775269,0.7206553816795349,-3.9317240715026855,0.9985619783401489,0.3976101577281952,0.7414098978042603,-3.9161581993103027,0.99897301197052,0.36029481887817383,0.7331936955451965,-3.9163818359375,0.9987900853157043,0.33228927850723267,0.7248322367668152,-3.9163594245910645,0.9987818002700806,0.664932131767273,0.6747128963470459,-3.3583717346191406,0.9989022016525269,0.284956693649292,0.6870995759963989,-3.2761974334716797,0.9992692470550537,0.5387828946113586,0.9418741464614868,-3.6342227458953857,0.9979063868522644,0.401810884475708,0.9508317708969116,-3.6126275062561035,0.9983376264572144,0.8474513292312622,0.9667722582817078,-2.446906089782715,0.9857213497161865,0.13487431406974792,0.9172455668449402,-2.1900129318237305,0.9931365847587585,1.0034154653549194,1.4099411964416504,-1.712964653968811,0.228069007396698,0.034817732870578766,1.4764246940612793,-1.316857099533081,0.13176493346691132,0.9462833404541016,1.8267748355865479,-1.3009601831436157,0.022007079795002937,0.06724702566862106,1.8502134084701538,-1.1269209384918213,0.03369547426700592
2,0.48128098249435425,0.5460244417190552,-1.7028290033340454,0.9993217587471008,0.5268663763999939,0.43995779752731323,-1.6536089181900024,0.9988272190093994,0.5536726713180542,0.437898188829422,-1.6541141271591187,0.9987293481826782,0.5768422484397888,0.436742901802063,-1.6546485424041748,0.9984531998634338,0.44127678871154785,0.44269847869873047,-1.627516508102417,0.9989568591117859,0.412523090839386,0.4429056942462921,-1.6267528533935547,0.9989893436431885,0.3867300748825073,0.4440763294696808,-1.6273399591445923,0.9989946484565735,0.6222356557846069,0.4495612680912018,-1.118058443069458,0.9986967444419861,0.3655086159706116,0.4604645073413849,-0.9634730219841003,0.9993453621864319,0.5351344347000122,0.6330117583274841,-1.484585165977478,0.9991894364356995,0.4323256015777588,0.6485165357589722,-1.4405685663223267,0.9993811845779419,0.8290438652038574,0.8989180326461792,-0.7081835269927979,0.9925017952919006,0.19936449825763702,0.8820839524269104,-0.519277036190033,0.996821939945221,1.030193567276001,1.3643265962600708,-0.6989403963088989,0.18224257230758667,0.013545721769332886,1.4424781799316406,-0.2819143235683441,0.36272701621055603,1.0080578327178955,1.8371193408966064,-1.2542858123779297,0.0168233010917902,-0.0005501319537870586,1.9373584985733032,-0.8898822665214539,0.05030498653650284
2,0.4720649719238281,0.7122248411178589,-2.1197657585144043,0.9987452030181885,0.5161269307136536,0.5910371541976929,-2.115795850753784,0.9974484443664551,0.5474170446395874,0.5818042755126953,-2.115739345550537,0.9974576234817505,0.5739659070968628,0.5711279511451721,-2.116262674331665,0.9965813755989075,0.4099012017250061,0.5969673991203308,-2.0956006050109863,0.9978824257850647,0.3809199929237366,0.5902747511863708,-2.0949203968048096,0.9981595873832703,0.3585130274295807,0.5807887315750122,-2.0952515602111816,0.9981080293655396,0.6198713183403015,0.527608335018158,-1.586524486541748,0.9976541996002197,0.3333231210708618,0.530834972858429,-1.459018349647522,0.9989452362060547,0.5316377878189087,0.7732468843460083,-1.8773435354232788,0.9989168643951416,0.42251619696617126,0.7775596380233765,-1.841248869895935,0.9993027448654175,0.8289653658866882,0.9085497260093689,-0.9898223876953125,0.9928023219108582,0.19060787558555603,0.869004487991333,-0.8817447423934937,0.9975211024284363,1.0047861337661743,1.3939944505691528,-0.751392662525177,0.1327686607837677,0.007582178805023432,1.443162441253662,-0.5760841965675354,0.3234807848930359,0.9576202630996704,1.8471311330795288,-1.0808278322219849,0.011071625165641308,2.701658013393171e-05,1.9258226156234741,-1.0829895734786987,0.03681550174951553
2,0.45599231123924255,0.7421329021453857,-2.6693644523620605,0.9987465143203735,0.5053843259811401,0.6237562894821167,-2.6807191371917725,0.9973210096359253,0.5410804152488708,0.6160809993743896,-2.680406332015991,0.9974793195724487,0.5695729851722717,0.6069574952125549,-2.6808881759643555,0.9964976906776428,0.3920268416404724,0.6187547445297241,-2.66256046295166,0.9978171586990356,0.3637077212333679,0.6099898815155029,-2.6618471145629883,0.9981594085693359,0.3388094902038574,0.5997311472892761,-2.6621651649475098,0.9980071783065796,0.618823230266571,0.5589872002601624,-2.1240570545196533,0.9978157877922058,0.3047386407852173,0.5435357689857483,-2.003383159637451,0.9989967346191406,0.5234745740890503,0.8103170394897461,-2.40547251701355,0.9989178776741028,0.4065670073032379,0.8093668222427368,-2.372358560562134,0.9993006587028503,0.8314623832702637,0.9130502939224243,-1.4026439189910889,0.9938768744468689,0.16441568732261658,0.8772791028022766,-1.313222050666809,0.9979851245880127,1.008486032485962,1.4223599433898926,-1.1023657321929932,0.13178661465644836,-0.001507081207819283,1.482259750366211,-0.9483124017715454,0.3077894151210785,0.9600513577461243,1.8951038122177124,-1.394366979598999,0.009387143887579441,-0.0006044972105883062,1.967763066291809,-1.3898698091506958,0.03151695057749748
2,0.45570236444473267,0.7528896331787109,-2.626359701156616,0.9988079071044922,0.5064471960067749,0.6320746541023254,-2.6306312084198,0.9974281787872314,0.5425030589103699,0.6224870681762695,-2.6305317878723145,0.9976176023483276,0.5711936950683594,0.6120920181274414,-2.6311569213867188,0.996720016002655,0.39117002487182617,0.626974880695343,-2.6150858402252197,0.9978715777397156,0.36252719163894653,0.6171695590019226,-2.614490270614624,0.9981897473335266,0.33695441484451294,0.6063956022262573,-2.6148650646209717,0.9980091452598572,0.6235133409500122,0.5633045434951782,-2.066267251968384,0.9980570673942566,0.29933878779411316,0.5478250980377197,-1.9565025568008423,0.9990314841270447,0.5224601626396179,0.8208093643188477,-2.3613412380218506,0.9989652633666992,0.40536099672317505,0.8218320608139038,-2.331678628921509,0.9993001222610474,0.8332821726799011,0.9140645265579224,-1.377440333366394,0.9945028424263,0.16128821671009064,0.8811191320419312,-1.254690408706665,0.9979894757270813,1.0287456512451172,1.427941083908081,-1.138119101524353,0.13624152541160583,0.001565953018143773,1.4863953590393066,-0.8719320297241211,0.29078391194343567,0.9865095019340515,1.9169446229934692,-1.453842043876648,0.00888392236083746,0.0008326914394274354,1.9745515584945679,-1.3424365520477295,0.0278463251888752
2,0.4636147618293762,0.7707790732383728,-2.6841657161712646,0.9987049102783203,0.5193648934364319,0.6494554281234741,-2.692427158355713,0.9971529245376587,0.5545957684516907,0.640429675579071,-2.6923575401306152,0.9973481297492981,0.5828026533126831,0.6302059888839722,-2.6929147243499756,0.9963015913963318,0.39613479375839233,0.6425832509994507,-2.676121950149536,0.9976742267608643,0.36494913697242737,0.6299375295639038,-2.6756317615509033,0.998018741607666,0.3387027978897095,0.6171108484268188,-2.6760244369506836,0.9977890253067017,0.6346603035926819,0.5826988816261292,-2.1283509731292725,0.9979114532470703,0.2998006045818329,0.5559646487236023,-2.019077777862549,0.9989702105522156,0.5259052515029907,0.8375324606895447,-2.4171082973480225,0.9988114833831787,0.40837210416793823,0.8356800079345703,-2.3878591060638428,0.9992180466651917,0.8277670741081238,0.9070642590522766,-1.4154579639434814,0.99420565366745,0.1613648235797882,0.881395161151886,-1.316160798072815,0.9977583289146423,1.0339866876602173,1.4030612707138062,-1.1520105600357056,0.14186742901802063,-0.0036700076889246702,1.4596885442733765,-0.9781069755554199,0.2651691734790802,0.9943073391914368,1.898356556892395,-1.459084153175354,0.008725222200155258,-0.025534287095069885,1.9498708248138428,-1.4609860181808472,0.02630099095404148
2,0.4234279990196228,0.713434636592865,-2.4376518726348877,0.998522162437439,0.478620707988739,0.5860046744346619,-2.4398415088653564,0.9966317415237427,0.5179019570350647,0.580342173576355,-2.4398727416992188,0.9969842433929443,0.5491641759872437,0.5743892192840576,-2.4404749870300293,0.9958423376083374,0.3738498091697693,0.5914036631584167,-2.40610933303833,0.9971457719802856,0.34801092743873596,0.5876791477203369,-2.4053101539611816,0.9975623488426208,0.32415562868118286,0.5817342400550842,-2.4056429862976074,0.9972297549247742,0.6029961109161377,0.550195574760437,-1.9024051427841187,0.9976679086685181,0.3009285628795624,0.5412966012954712,-1.7044813632965088,0.9985941648483276,0.49666666984558105,0.7932752966880798,-2.187873363494873,0.9986189007759094,0.38332661986351013,0.7936940789222717,-2.1346006393432617,0.9990030527114868,0.8267489671707153,0.912695050239563,-1.247485876083374,0.993419885635376,0.16348490118980408,0.8767099976539612,-1.0139814615249634,0.9973421692848206,1.0461806058883667,1.40229332447052,-1.0315109491348267,0.14520427584648132,-0.007075758185237646,1.4495539665222168,-0.5626711845397949,0.25243860483169556,1.0128047466278076,1.8926342725753784,-1.2892881631851196,0.008471363224089146,-0.027444463223218918,1.950147271156311,-1.0067609548568726,0.023962033912539482
2,0.3682700991630554,0.7041074633598328,-2.282534122467041,0.9980446696281433,0.41458767652511597,0.5778939723968506,-2.312042713165283,0.9953882694244385,0.45398229360580444,0.5717450380325317,-2.3121535778045654,0.9960567951202393,0.4927520155906677,0.5645464658737183,-2.312709331512451,0.9946457147598267,0.33605891466140747,0.5833709836006165,-2.246307611465454,0.9959863424301147,0.31270813941955566,0.5796140432357788,-2.24579119682312,0.9966092109680176,0.29032617807388306,0.5731489062309265,-2.2462716102600098,0.9961333870887756,0.5714119672775269,0.5452038645744324,-1.9134340286254883,0.9970356225967407,0.2887290418148041,0.5363600254058838,-1.5800018310546875,0.9978261590003967,0.4401783347129822,0.7846366763114929,-2.088982343673706,0.9980797171592712,0.3486832082271576,0.7803890109062195,-1.9927244186401367,0.9984850883483887,0.8266602754592896,0.9186317920684814,-1.344920039176941,0.9913033246994019,0.16339048743247986,0.8736869692802429,-0.9203888177871704,0.9966392517089844,1.049695611000061,1.4094327688217163,-1.1369407176971436,0.1462615430355072,-0.007531644310802221,1.4519859552383423,-0.4120787978172302,0.23245979845523834,1.0016562938690186,1.8997727632522583,-1.285352110862732,0.007943684235215187,-0.007982304319739342,1.9553245306015015,-0.7510271072387695,0.021755628287792206
2,0.3639138638973236,0.6951726078987122,-2.3433661460876465,0.996253252029419,0.40958231687545776,0.5701175928115845,-2.3590121269226074,0.9911819100379944,0.44814643263816833,0.5627621412277222,-2.359232187271118,0.9929911494255066,0.4854528307914734,0.5540115833282471,-2.3598904609680176,0.9905117750167847,0.33006662130355835,0.5746566653251648,-2.301628589630127,0.9921218156814575,0.3063768148422241,0.5703585743904114,-2.3013689517974854,0.9935542345046997,0.2839645445346832,0.5633686780929565,-2.301952838897705,0.992513120174408,0.5628979206085205,0.5350598692893982,-1.9162203073501587,0.9947916269302368,0.28660908341407776,0.5297471880912781,-1.6145694255828857,0.9953516125679016,0.4332243502140045,0.7731537222862244,-2.1283278465270996,0.995986819267273,0.34294596314430237,0.7719259262084961,-2.0447847843170166,0.9967207908630371,0.8265905380249023,0.9199122786521912,-1.3381727933883667,0.9861928224563599,0.16270889341831207,0.8724709749221802,-0.9053428769111633,0.9947352409362793,1.0303746461868286,1.4229505062103271,-1.159636378288269,0.15757018327713013,-0.029176438227295876,1.4397978782653809,-0.42510685324668884,0.19143295288085938,0.9731789827346802,1.8949534893035889,-1.3159065246582031,0.007216953672468662,-0.03154614567756653,1.945338487625122,-0.7677450776100159,0.016947854310274124
2,0.38912656903266907,0.679803729057312,-2.111746311187744,0.9970427751541138,0.43854188919067383,0.5533812046051025,-2.120654821395874,0.9928144216537476,0.4764645993709564,0.5450354814529419,-2.120689630508423,0.9941912293434143,0.5111768245697021,0.5372258424758911,-2.121156692504883,0.9920486211776733,0.3450676500797272,0.560654878616333,-2.074057102203369,0.9937177300453186,0.322042316198349,0.557042121887207,-2.0733389854431152,0.9948797225952148,0.29814836382865906,0.5518949627876282,-2.0738718509674072,0.9940826296806335,0.5734463930130005,0.5215387344360352,-1.6695926189422607,0.9954885244369507,0.29195380210876465,0.5242029428482056,-1.4152581691741943,0.9963916540145874,0.460956335067749,0.7607828974723816,-1.8994872570037842,0.9968569278717041,0.3538209795951843,0.7605504989624023,-1.8280694484710693,0.9974764585494995,0.8268721699714661,0.9155394434928894,-1.0965871810913086,0.987525999546051,0.1644006371498108,0.8639304637908936,-0.8562918901443481,0.995632529258728,1.0269787311553955,1.4005539417266846,-0.8686407804489136,0.13503234088420868,-0.007553610950708389,1.4502884149551392,-0.5027597546577454,0.20401033759117126,0.9720730781555176,1.8694279193878174,-1.0972418785095215,0.0067365048453211784,-0.0033335983753204346,1.9507001638412476,-0.936313271522522,0.017991309985518456
1,0.4562978148460388,0.5076761841773987,-1.5009078979492188,0.999397873878479,0.49321359395980835,0.4334411919116974,-1.3979580402374268,0.9990569949150085,0.5103238821029663,0.4382322430610657,-1.398404836654663,0.9990452527999878,0.5304792523384094,0.44313478469848633,-1.3986546993255615,0.9989367723464966,0.42197084426879883,0.4275999963283539,-1.4057323932647705,0.9990409016609192,0.3948586583137512,0.42932063341140747,-1.4045047760009766,0.9991539716720581,0.3726145923137665,0.4318632483482361,-1.4050168991088867,0.9992104768753052,0.5603101253509521,0.4812377393245697,-0.7770534753799438,0.9989076256752014,0.3345353603363037,0.470882773399353,-0.7833468914031982,0.9991960525512695,0.49528002738952637,0.600673258304596,-1.2738584280014038,0.9993584752082825,0.3978590965270996,0.5986049771308899,-1.276841402053833,0.9993316531181335,0.7294415235519409,0.9027833342552185,-0.4245045781135559,0.98863285779953,0.14313820004463196,0.9326093196868896,-0.41628822684288025,0.9921508431434631,0.8741973638534546,1.339461088180542,-0.48105329275131226,0.0645022913813591,-0.012457209639251232,1.448306679725647,-0.2925865054130554,0.4835479259490967,0.8827238082885742,1.7856829166412354,-1.133928656578064,0.04092138260602951,-0.000433401350164786,1.847395420074463,-0.8785907030105591,0.35835906863212585
1,0.4507150650024414,0.5097726583480835,-1.4087218046188354,0.9995935559272766,0.4882083535194397,0.43645399808883667,-1.3048467636108398,0.999331533908844,0.5055876970291138,0.441426157951355,-1.305267333984375,0.9993342161178589,0.525461733341217,0.44637492299079895,-1.305506944656372,0.9992534518241882,0.4163411557674408,0.42906033992767334,-1.3114155530929565,0.9993271827697754,0.3891657590866089,0.4301854968070984,-1.310081124305725,0.9994076490402222,0.3670390844345093,0.4319848120212555,-1.3105605840682983,0.9994411468505859,0.5566915273666382,0.48493921756744385,-0.7135738730430603,0.9991827011108398,0.33065667748451233,0.4718761742115021,-0.7138628363609314,0.9994354844093323,0.4891647696495056,0.6031124591827393,-1.1951137781143188,0.9995666146278381,0.3917989730834961,0.6001697778701782,-1.1971361637115479,0.999562680721283,0.7231749892234802,0.9052422046661377,-0.40138205885887146,0.9916480183601379,0.1395234912633896,0.9311884641647339,-0.3951152265071869,0.9945912957191467,0.8637031316757202,1.3417528867721558,-0.4836741089820862,0.06635476648807526,-0.01702921837568283,1.4392967224121094,-0.2935313582420349,0.44512540102005005,0.8740765452384949,1.7829495668411255,-1.1488076448440552,0.029236244037747383,-0.014312458224594593,1.8475075960159302,-0.9175354242324829,0.22744765877723694
1,0.4450226426124573,0.5225957036018372,-1.4545589685440063,0.9997655153274536,0.48457711935043335,0.45203155279159546,-1.3486533164978027,0.9995756149291992,0.5028566718101501,0.45642566680908203,-1.3490140438079834,0.9995906352996826,0.5242215394973755,0.46200549602508545,-1.3492932319641113,0.9995276927947998,0.41287708282470703,0.44003528356552124,-1.3608816862106323,0.9995838403701782,0.38553565740585327,0.43887895345687866,-1.3596001863479614,0.9996411204338074,0.3630331754684448,0.4390091896057129,-1.360109806060791,0.9996535181999207,0.5553063154220581,0.5008169412612915,-0.724521815776825,0.9994332790374756,0.3261803090572357,0.47435247898101807,-0.7553712725639343,0.9996617436408997,0.48155927658081055,0.6168610453605652,-1.226183533668518,0.9997456073760986,0.3840673565864563,0.6097447276115417,-1.2372081279754639,0.999765932559967,0.6998627185821533,0.9107728600502014,-0.3755072057247162,0.9942480325698853,0.11878150701522827,0.9236745238304138,-0.40524429082870483,0.99672931432724,0.8656216859817505,1.3405245542526245,-0.3900817930698395,0.07524348795413971,-0.08015507459640503,1.4025216102600098,-0.2695592939853668,0.44828712940216064,0.8801798820495605,1.7633692026138306,-1.007385015487671,0.02154936082661152,-0.09650009870529175,1.8068965673446655,-0.858768105506897,0.13064707815647125
1,0.4011932909488678,0.5269123911857605,-1.525757908821106,0.9997372627258301,0.4535055160522461,0.4541641175746918,-1.4403527975082397,0.9995164275169373,0.47794032096862793,0.4602614939212799,-1.4408509731292725,0.9995391964912415,0.4972596764564514,0.4663853347301483,-1.4410191774368286,0.999469518661499,0.37571901082992554,0.43913424015045166,-1.4284864664077759,0.9995251297950745,0.3531872630119324,0.43671467900276184,-1.4273037910461426,0.9995883107185364,0.33149152994155884,0.43526193499565125,-1.4278929233551025,0.9996052384376526,0.5345228910446167,0.5062368512153625,-0.8244646787643433,0.9993760585784912,0.31048986315727234,0.47218069434165955,-0.7935823798179626,0.9996144771575928,0.44360288977622986,0.6213235259056091,-1.3084559440612793,0.9997240900993347,0.34352928400039673,0.6123116612434387,-1.2893776893615723,0.9997597932815552,0.6896452307701111,0.9158191084861755,-0.4749130308628082,0.9939908385276794,0.09789497405290604,0.9148387312889099,-0.39126521348953247,0.9967244863510132,0.8539416193962097,1.3442955017089844,-0.5705016851425171,0.08007128536701202,-0.08991699665784836,1.4013326168060303,-0.2226775586605072,0.40987324714660645,0.831753134727478,1.7884820699691772,-1.2219536304473877,0.020779184997081757,-0.10288818180561066,1.8310853242874146,-0.837062656879425,0.10348673164844513
1,0.5351617932319641,0.5096765756607056,-1.0946266651153564,0.9996564388275146,0.5515463352203369,0.4184684455394745,-1.0500047206878662,0.9993119835853577,0.5723361372947693,0.4112473130226135,-1.0496169328689575,0.9994136095046997,0.5951601266860962,0.4055428206920624,-1.0498276948928833,0.9992794394493103,0.4914718568325043,0.4427507519721985,-1.0386618375778198,0.9992802143096924,0.46871885657310486,0.45295143127441406,-1.037609338760376,0.9993714094161987,0.4457818567752838,0.4629397988319397,-1.0379655361175537,0.9992958307266235,0.6398526430130005,0.4363526403903961,-0.6473379731178284,0.9992987513542175,0.4208560883998871,0.49750909209251404,-0.5649690628051758,0.9993970394134521,0.5854721069335938,0.5797818899154663,-0.9359397888183594,0.9996415972709656,0.5156769752502441,0.6070815920829773,-0.9117329716682434,0.9996344447135925,0.8699995875358582,0.8546954989433289,-0.40253061056137085,0.9946529865264893,0.28740939497947693,0.9322259426116943,-0.40128058195114136,0.9960359930992126,0.9798477292060852,1.3499201536178589,-0.36453577876091003,0.06543146073818207,0.19608020782470703,1.4395111799240112,-0.3960154950618744,0.2359733134508133,0.9834166765213013,1.786865234375,-0.666536271572113,0.01840061880648136,0.22290626168251038,1.8490289449691772,-1.0370776653289795,0.04573356732726097
1,0.6673167943954468,0.5239627361297607,-1.4637913703918457,0.9996700286865234,0.691067099571228,0.4371655583381653,-1.3798091411590576,0.9991718530654907,0.7109174132347107,0.4338802099227905,-1.379852533340454,0.9993246793746948,0.7303165793418884,0.43217140436172485,-1.3801696300506592,0.9990924596786499,0.6266793012619019,0.4542772173881531,-1.4043854475021362,0.999237060546875,0.6006563901901245,0.4616289734840393,-1.403565764427185,0.9994103312492371,0.5763957500457764,0.47000688314437866,-1.404085397720337,0.9993076920509338,0.7602604627609253,0.459289014339447,-0.7988976836204529,0.9989505410194397,0.541080117225647,0.5060048699378967,-0.8821045160293579,0.9994781613349915,0.709054172039032,0.6020970940589905,-1.2441484928131104,0.9996482729911804,0.6353269815444946,0.624451756477356,-1.2677444219589233,0.9996817708015442,0.9262908697128296,0.865138053894043,-0.3617542088031769,0.9963171482086182,0.371957004070282,0.9003230333328247,-0.5883081555366516,0.9983199238777161,1.0116963386535645,1.3295828104019165,-0.12118081003427505,0.11208533495664597,0.2502916753292084,1.3747437000274658,-0.36253035068511963,0.35639244318008423,0.997106671333313,1.7210007905960083,-0.3672301173210144,0.018841590732336044,0.2603275775909424,1.7866101264953613,-0.8004217147827148,0.10212107002735138
1,0.8171084523200989,0.5699207782745361,-1.7112843990325928,0.9995903372764587,0.8457813262939453,0.483203262090683,-1.617194414138794,0.999095618724823,0.8664595484733582,0.483690470457077,-1.6171709299087524,0.9991475939750671,0.8861050605773926,0.4852684736251831,-1.6173597574234009,0.9988112449645996,0.7727840542793274,0.48415690660476685,-1.6618276834487915,0.99930340051651,0.7451211810112,0.4872123599052429,-1.6612333059310913,0.999487578868866,0.7184047698974609,0.4921674132347107,-1.6617742776870728,0.9994484186172485,0.8924551010131836,0.5141913890838623,-1.003609538078308,0.9986110925674438,0.6639723777770996,0.521974503993988,-1.171073079109192,0.9996342062950134,0.8496695756912231,0.6587181687355042,-1.4703419208526611,0.9995557069778442,0.7671770453453064,0.6679181456565857,-1.5240353345870972,0.9997274875640869,0.9764869809150696,0.9289277791976929,-0.45467597246170044,0.9916543364524841,0.4368533194065094,0.9068484902381897,-0.8651873469352722,0.9985440373420715,1.069376826286316,1.3898528814315796,0.046448804438114166,0.0900680273771286,0.26105040311813354,1.4203487634658813,-0.7175545692443848,0.47010675072669983,1.0601849555969238,1.7695494890213013,-0.07677610218524933,0.01786516234278679,0.26918932795524597,1.8756279945373535,-1.2098501920700073,0.14651869237422943
1,0.4769256114959717,0.6422358751296997,-1.2582627534866333,0.9973764419555664,0.4940571188926697,0.5651405453681946,-1.203405737876892,0.9951155781745911,0.5143069624900818,0.5571362972259521,-1.2039934396743774,0.9962211847305298,0.5336312651634216,0.5498277544975281,-1.2043511867523193,0.9951394200325012,0.44208770990371704,0.5847769975662231,-1.1817973852157593,0.994906485080719,0.4270099103450775,0.5922786593437195,-1.1814677715301514,0.9960041046142578,0.4119299352169037,0.6004869937896729,-1.1822869777679443,0.9954048991203308,0.571722686290741,0.5644777417182922,-0.7330602407455444,0.9960843324661255,0.4140915870666504,0.6170307993888855,-0.6082732677459717,0.9965246319770813,0.5303150415420532,0.6924372911453247,-1.0743342638015747,0.9977855086326599,0.46298712491989136,0.7181132435798645,-1.0393494367599487,0.9975376129150391,0.7877856492996216,0.9224424362182617,-0.38426920771598816,0.9860429763793945,0.3153018057346344,0.9175933003425598,-0.29552751779556274,0.9911683201789856,0.8672562837600708,1.2790392637252808,-0.4349960684776306,0.0941992998123169,0.1940472424030304,1.35208261013031,-0.3556225001811981,0.24013660848140717,0.8656442761421204,1.6608598232269287,-0.9791577458381653,0.027857758104801178,0.21074505150318146,1.5682966709136963,-1.1643668413162231,0.10776860266923904
1,0.47487109899520874,0.6396530270576477,-1.2779077291488647,0.9972419738769531,0.49218249320983887,0.5618371367454529,-1.2284702062606812,0.9949615001678467,0.5119293928146362,0.55300372838974,-1.2289965152740479,0.9960951209068298,0.530708372592926,0.5448848009109497,-1.2293423414230347,0.9950626492500305,0.4408034682273865,0.583085298538208,-1.2035303115844727,0.9945878386497498,0.4256957471370697,0.5904606580734253,-1.203114628791809,0.9956703782081604,0.4105435311794281,0.598484992980957,-1.2039122581481934,0.9949966669082642,0.5692181587219238,0.5588085055351257,-0.7550680041313171,0.9961608648300171,0.4132300913333893,0.6128738522529602,-0.6117774844169617,0.9961565732955933,0.5267702341079712,0.689476728439331,-1.0903912782669067,0.9977935552597046,0.459916353225708,0.7148469090461731,-1.050782561302185,0.9973220229148865,0.7855116128921509,0.9188184142112732,-0.3953039050102234,0.9861146211624146,0.31388619542121887,0.9100563526153564,-0.27632397413253784,0.9905661940574646,0.8558688163757324,1.264992117881775,-0.40522250533103943,0.11551851034164429,0.19324363768100739,1.3297864198684692,-0.32353144884109497,0.229970321059227,0.8603604435920715,1.6382476091384888,-0.9239329099655151,0.03571409359574318,0.20607802271842957,1.521059274673462,-1.1223043203353882,0.1294957995414734
1,0.4681585431098938,0.6353049874305725,-1.2116942405700684,0.9970299005508423,0.48592057824134827,0.5556047558784485,-1.1663973331451416,0.994236946105957,0.5065556764602661,0.5455532073974609,-1.166924238204956,0.9956765174865723,0.5263074636459351,0.5364929437637329,-1.1672899723052979,0.9943971633911133,0.4352113604545593,0.5794799327850342,-1.1392782926559448,0.9938772320747375,0.4204650819301605,0.5870382189750671,-1.138941764831543,0.9953266978263855,0.40608105063438416,0.5953309535980225,-1.1397897005081177,0.9945019483566284,0.5658823251724243,0.5530408024787903,-0.7332876324653625,0.9957014322280884,0.41039523482322693,0.6120283007621765,-0.5911701917648315,0.9958375692367554,0.5245863199234009,0.6831843852996826,-1.0426459312438965,0.99761962890625,0.457588255405426,0.710192084312439,-1.000433087348938,0.9970851540565491,0.7851624488830566,0.9197190999984741,-0.3892439007759094,0.9852097034454346,0.3121427297592163,0.9121150374412537,-0.30752772092819214,0.9911456108093262,0.8771875500679016,1.352872610092163,-0.4085253179073334,0.12073135375976562,0.1888730674982071,1.3578633069992065,-0.33160701394081116,0.24600954353809357,0.8716409802436829,1.6940809488296509,-0.9245592355728149,0.03562522679567337,0.19820676743984222,1.6140482425689697,-1.0617008209228516,0.13767726719379425
1,0.45362624526023865,0.6385940909385681,-1.1580920219421387,0.9964785575866699,0.4675632417201996,0.5584602355957031,-1.1296796798706055,0.992911696434021,0.48721832036972046,0.5482341647148132,-1.1302528381347656,0.994969367980957,0.5078409314155579,0.5385512113571167,-1.1306731700897217,0.9932867288589478,0.42114919424057007,0.5865132808685303,-1.0923372507095337,0.9923648834228516,0.40684667229652405,0.5964722037315369,-1.0920565128326416,0.9944425821304321,0.392852783203125,0.6071694493293762,-1.0929418802261353,0.9933481812477112,0.5578516721725464,0.5528883337974548,-0.7664632201194763,0.9951995015144348,0.4036805033683777,0.6190211176872253,-0.570862889289856,0.9952450394630432,0.5149545669555664,0.6817125082015991,-1.0104303359985352,0.9973160624504089,0.4492822587490082,0.7103450298309326,-0.9541831016540527,0.9966952800750732,0.7844476699829102,0.9219845533370972,-0.4242221713066101,0.9851477742195129,0.30978041887283325,0.9179421067237854,-0.273902952671051,0.9917441606521606,0.8876609802246094,1.3520216941833496,-0.4643433094024658,0.12204549461603165,0.18219415843486786,1.3647722005844116,-0.1624394655227661,0.24121823906898499,0.8791128993034363,1.7002357244491577,-0.9122298955917358,0.030885091051459312,0.18879041075706482,1.6743906736373901,-0.747909426689148,0.11240236461162567
1,0.43975400924682617,0.6342653632164001,-1.1251189708709717,0.9959343671798706,0.4527552127838135,0.5542453527450562,-1.0980522632598877,0.9918330311775208,0.4714241623878479,0.5439762473106384,-1.0985945463180542,0.9942480325698853,0.4916455149650574,0.5343360304832458,-1.0989991426467896,0.9923039674758911,0.40872710943222046,0.5839231610298157,-1.0564775466918945,0.9911260008811951,0.3950565755367279,0.5947993397712708,-1.0561281442642212,0.9936524629592896,0.3816322088241577,0.6060684323310852,-1.056973934173584,0.9924060106277466,0.5465087890625,0.5510913133621216,-0.751371443271637,0.9945399761199951,0.398366779088974,0.6199647188186646,-0.5274001359939575,0.9945888519287109,0.5021199584007263,0.6757827401161194,-0.9823845624923706,0.9968539476394653,0.43832582235336304,0.7073773145675659,-0.9204347729682922,0.9960026144981384,0.783523440361023,0.9230050444602966,-0.4327813684940338,0.9815700054168701,0.30987104773521423,0.922471821308136,-0.25300297141075134,0.9909175634384155,0.8863502740859985,1.355231523513794,-0.46910208463668823,0.10857509076595306,0.18571920692920685,1.3679345846176147,-0.1644599288702011,0.22070831060409546,0.8786648511886597,1.7050341367721558,-0.9458765983581543,0.025481712073087692,0.2049662172794342,1.6685707569122314,-0.7482386827468872,0.09261101484298706
1,0.47075948119163513,0.6320736408233643,-1.2748432159423828,0.9957330822944641,0.48410582542419434,0.5558900237083435,-1.2202237844467163,0.9917901754379272,0.503178060054779,0.5462426543235779,-1.2208185195922852,0.9940617084503174,0.5214892625808716,0.5373941659927368,-1.2211363315582275,0.9922831654548645,0.4348147511482239,0.583156943321228,-1.2003072500228882,0.9911597967147827,0.42025190591812134,0.5924206376075745,-1.2000795602798462,0.9934690594673157,0.4053303599357605,0.6021341681480408,-1.2009357213974,0.9923841953277588,0.5584930181503296,0.5530741214752197,-0.7502763867378235,0.9945063591003418,0.40588483214378357,0.6215208768844604,-0.6393983364105225,0.9943811893463135,0.5247483253479004,0.6765157580375671,-1.091163158416748,0.9967608451843262,0.4587010443210602,0.7080270648002625,-1.0593726634979248,0.9959540963172913,0.7843018174171448,0.9239679574966431,-0.3784349858760834,0.9809369444847107,0.3117932379245758,0.9177777171134949,-0.3100013732910156,0.9896527528762817,0.8874473571777344,1.335082769393921,-0.3866954743862152,0.11081243306398392,0.19871456921100616,1.3546825647354126,-0.32462912797927856,0.2116953283548355,0.8679862022399902,1.6601958274841309,-0.9216388463973999,0.024410545825958252,0.21164388954639435,1.5828018188476562,-1.0676121711730957,0.08355248719453812
1,0.4912460744380951,0.6213553547859192,-1.34241783618927,0.9956812858581543,0.50950688123703,0.5492025017738342,-1.284952163696289,0.9922468066215515,0.5288913249969482,0.5414242148399353,-1.2855162620544434,0.9940032958984375,0.5474315881729126,0.5351372361183167,-1.2858953475952148,0.9925965070724487,0.4536031186580658,0.577025830745697,-1.2670130729675293,0.9920077919960022,0.4378696382045746,0.5857264399528503,-1.266687273979187,0.9937761425971985,0.4244314134120941,0.5937078595161438,-1.2675142288208008,0.9931591749191284,0.5795915126800537,0.5540559887886047,-0.7998224496841431,0.9943835735321045,0.4153170585632324,0.6176859736442566,-0.7090575098991394,0.9947729706764221,0.541274905204773,0.6741582155227661,-1.1546080112457275,0.9965886473655701,0.47149282693862915,0.7031942009925842,-1.1200273036956787,0.9960991144180298,0.7847517728805542,0.9241229891777039,-0.39951708912849426,0.9758195877075195,0.3121086657047272,0.9136444330215454,-0.37102043628692627,0.9878520369529724,0.8847944140434265,1.3156940937042236,-0.3528469204902649,0.10500499606132507,0.18979087471961975,1.3256281614303589,-0.32612890005111694,0.22416232526302338,0.862082302570343,1.6103522777557373,-0.8435672521591187,0.023216916248202324,0.2068168669939041,1.6117318868637085,-0.8871738314628601,0.08606357872486115
1,0.49877530336380005,0.6132021546363831,-1.34879732131958,0.9962694644927979,0.5166732668876648,0.5429178476333618,-1.290756106376648,0.9930145144462585,0.5355035066604614,0.5370383858680725,-1.2913442850112915,0.9944362044334412,0.5533454418182373,0.5323066711425781,-1.2916643619537354,0.9932684302330017,0.46119171380996704,0.5685518383979797,-1.2827718257904053,0.9930499196052551,0.4439539909362793,0.5785151124000549,-1.2824474573135376,0.9944934248924255,0.430525004863739,0.5872794985771179,-1.2832918167114258,0.994106650352478,0.5830219984054565,0.5540093183517456,-0.8224580883979797,0.9945662021636963,0.41823381185531616,0.6161462664604187,-0.7624632120132446,0.9953947067260742,0.5457309484481812,0.6687556505203247,-1.1664468050003052,0.9969587922096252,0.47760263085365295,0.6966000199317932,-1.1499053239822388,0.9966637492179871,0.7849873900413513,0.9217423796653748,-0.4393492639064789,0.9778984785079956,0.3117045760154724,0.9133909344673157,-0.4416009485721588,0.989480197429657,0.8703436851501465,1.2760300636291504,-0.3721150755882263,0.10573749989271164,0.18805405497550964,1.3248497247695923,-0.3153289556503296,0.2619263231754303,0.8805533647537231,1.661582589149475,-0.7925430536270142,0.02045055478811264,0.18020832538604736,1.6676051616668701,-0.8233305811882019,0.08305363357067108
1,0.5000263452529907,0.597333550453186,-1.2415435314178467,0.9968517422676086,0.5191012620925903,0.5301585793495178,-1.1773523092269897,0.9940916299819946,0.5381895303726196,0.5261667370796204,-1.177979826927185,0.9952962398529053,0.5564240217208862,0.5228282809257507,-1.1783183813095093,0.9943469166755676,0.4636457860469818,0.5505597591400146,-1.168064832687378,0.9941646456718445,0.4460810124874115,0.5610700845718384,-1.1677534580230713,0.9953685998916626,0.43219223618507385,0.5719767212867737,-1.1685950756072998,0.9950764179229736,0.5861364006996155,0.5516011714935303,-0.7157821655273438,0.9952951073646545,0.42029720544815063,0.607844352722168,-0.6506821513175964,0.9960494637489319,0.5465068221092224,0.6549347639083862,-1.0646144151687622,0.9974478483200073,0.47856608033180237,0.6814091205596924,-1.0474069118499756,0.9972541332244873,0.7863532304763794,0.9246353507041931,-0.3662868142127991,0.980532169342041,0.3118496239185333,0.9153847098350525,-0.3537656366825104,0.9907775521278381,0.8812146186828613,1.3284872770309448,-0.3032957911491394,0.11135822534561157,0.1807527393102646,1.3280099630355835,-0.2692825198173523,0.28074827790260315,0.8842929601669312,1.6864826679229736,-0.7283919453620911,0.02001766487956047,0.1722022444009781,1.6709978580474854,-0.8230378031730652,0.07625076919794083
1,0.505660355091095,0.5901263952255249,-1.3541324138641357,0.9971590042114258,0.525813102722168,0.5242217183113098,-1.2895677089691162,0.994554340839386,0.5453246831893921,0.5202898383140564,-1.2901207208633423,0.9956908822059631,0.5633404850959778,0.5172702074050903,-1.2904117107391357,0.9947994947433472,0.46928828954696655,0.5442760586738586,-1.2843785285949707,0.9947693347930908,0.4503048062324524,0.5549997687339783,-1.2841368913650513,0.9959208965301514,0.43543753027915955,0.5663630962371826,-1.284977912902832,0.9956524968147278,0.5925537347793579,0.5496332049369812,-0.8194350004196167,0.995535671710968,0.42302554845809937,0.6051510572433472,-0.7762154340744019,0.9964553713798523,0.5514489412307739,0.6477581262588501,-1.1721248626708984,0.9976300597190857,0.48291271924972534,0.6755297183990479,-1.1609947681427002,0.9975085258483887,0.7878992557525635,0.9265784025192261,-0.4559187889099121,0.9797512888908386,0.31109198927879333,0.9199496507644653,-0.47445425391197205,0.9911594390869141,0.8850829005241394,1.3315058946609497,-0.3224778175354004,0.10766194015741348,0.17439693212509155,1.3327891826629639,-0.37567901611328125,0.2917851507663727,0.8878443837165833,1.6880590915679932,-0.6858240962028503,0.017947392538189888,0.17398519814014435,1.6773113012313843,-0.8720162510871887,0.0705660730600357
1,0.5312919020652771,0.5652126669883728,-1.3444387912750244,0.9962260723114014,0.5534698963165283,0.5124489068984985,-1.2656036615371704,0.9928659200668335,0.5703081488609314,0.5095975399017334,-1.266122817993164,0.9946325421333313,0.5855970978736877,0.5081397891044617,-1.2663991451263428,0.9933373332023621,0.49757155776023865,0.5318209528923035,-1.276060938835144,0.9935666918754578,0.4782521724700928,0.5412728190422058,-1.2760776281356812,0.9953239560127258,0.4597075879573822,0.5522044897079468,-1.2769949436187744,0.9949228763580322,0.610590934753418,0.5477936863899231,-0.7798086404800415,0.9941724538803101,0.4424968361854553,0.6015097498893738,-0.8094841241836548,0.9958570003509521,0.5731724500656128,0.627121090888977,-1.1616331338882446,0.9967164397239685,0.5047224760055542,0.6489333510398865,-1.1706593036651611,0.9968651533126831,0.7972674369812012,0.9376226663589478,-0.4146691858768463,0.9734698534011841,0.31814780831336975,0.9200915694236755,-0.5270227789878845,0.9909108281135559,0.8891671299934387,1.3477212190628052,-0.3052947223186493,0.09360677003860474,0.18614999949932098,1.3384766578674316,-0.4020255506038666,0.28478047251701355,0.8667182922363281,1.6815965175628662,-0.6879011988639832,0.014233104884624481,0.20141521096229553,1.7214487791061401,-0.8055993914604187,0.05495607107877731
1,0.5612483024597168,0.5664929747581482,-1.2558257579803467,0.9960100054740906,0.5770193338394165,0.5120797753334045,-1.1767570972442627,0.9917588233947754,0.5909202098846436,0.5108895301818848,-1.1773496866226196,0.9942671656608582,0.6042112112045288,0.5107466578483582,-1.177750825881958,0.9923864603042603,0.5254374742507935,0.5289673209190369,-1.1940940618515015,0.9926210641860962,0.5051015615463257,0.5381450653076172,-1.1940797567367554,0.995112955570221,0.4863235056400299,0.5483707785606384,-1.1949880123138428,0.9942140579223633,0.6174122095108032,0.5528483986854553,-0.6870139837265015,0.9932807087898254,0.45727819204330444,0.598524272441864,-0.7554342150688171,0.9955138564109802,0.5953674912452698,0.6286514401435852,-1.067079782485962,0.9963017106056213,0.527901828289032,0.6468778252601624,-1.087685465812683,0.9964175224304199,0.7920886874198914,0.9401816129684448,-0.3245907723903656,0.9736953973770142,0.3198220133781433,0.9185368418693542,-0.5297892689704895,0.991227388381958,0.8757128715515137,1.3382917642593384,-0.15534010529518127,0.08793092519044876,0.19130702316761017,1.3289361000061035,-0.40548959374427795,0.3023833632469177,0.8704938888549805,1.6858999729156494,-0.47829657793045044,0.014127792790532112,0.19631381332874298,1.7100555896759033,-0.780551552772522,0.06068740412592888
1,0.5873218774795532,0.5594449639320374,-1.2272915840148926,0.9953171014785767,0.5954199433326721,0.5081905722618103,-1.1448776721954346,0.9900031089782715,0.6075609922409058,0.5080463886260986,-1.1453936100006104,0.9931185841560364,0.6192159056663513,0.5088216662406921,-1.145835041999817,0.9906286001205444,0.5493519306182861,0.5220680236816406,-1.165717363357544,0.99144446849823,0.5276023149490356,0.5306530594825745,-1.1655316352844238,0.9945217370986938,0.5065173506736755,0.539722740650177,-1.166347622871399,0.9934200048446655,0.6274577975273132,0.5524141788482666,-0.645025908946991,0.991310715675354,0.47064852714538574,0.5900576710700989,-0.7436825037002563,0.9950152635574341,0.614472508430481,0.6248703598976135,-1.047805905342102,0.9954248070716858,0.5542720556259155,0.6387713551521301,-1.0722302198410034,0.9959165453910828,0.7894859910011292,0.9392330050468445,-0.27784696221351624,0.9725655913352966,0.3224671483039856,0.9162852764129639,-0.5270198583602905,0.9912514686584473,0.8698580861091614,1.1262379884719849,-0.19300302863121033,0.0844540148973465,0.17125257849693298,1.3256306648254395,-0.4383399486541748,0.3292485475540161,0.8864755630493164,1.6280760765075684,-0.6609113812446594,0.013839510269463062,0.18533562123775482,1.6880708932876587,-0.8646766543388367,0.06491729617118835
1,0.599373459815979,0.5578460693359375,-1.182861089706421,0.9954103231430054,0.6029559373855591,0.5055698752403259,-1.0942394733428955,0.9898421168327332,0.6135226488113403,0.5054489374160767,-1.094792127609253,0.9930371642112732,0.6242137551307678,0.5063364505767822,-1.095213532447815,0.9903492331504822,0.5597541332244873,0.5189023613929749,-1.1207830905914307,0.991335928440094,0.5379098057746887,0.5274173021316528,-1.1205171346664429,0.9945358633995056,0.5156327486038208,0.5362933874130249,-1.1213345527648926,0.9933648109436035,0.6291309595108032,0.5502321720123291,-0.6012192964553833,0.9908208250999451,0.47307342290878296,0.585046648979187,-0.695992112159729,0.9950499534606934,0.6222773790359497,0.6246424317359924,-1.000917673110962,0.9954517483711243,0.5647541284561157,0.637890636920929,-1.0311347246170044,0.9960148334503174,0.7864711880683899,0.9411664605140686,-0.2507956027984619,0.9749655723571777,0.32103145122528076,0.9149783253669739,-0.4941330850124359,0.9918115139007568,0.8788496255874634,1.3108659982681274,-0.0673849806189537,0.07966912537813187,0.17139080166816711,1.3381307125091553,-0.4071440100669861,0.3557351529598236,0.8951839208602905,1.6633987426757812,-0.4298040270805359,0.014071018435060978,0.17320865392684937,1.6946310997009277,-0.8218870162963867,0.06881538033485413
1,0.6229562759399414,0.5592672228813171,-1.0868847370147705,0.9947504997253418,0.6193650960922241,0.5078815817832947,-1.0018820762634277,0.9881146550178528,0.628377377986908,0.5082595348358154,-1.0022695064544678,0.9920814633369446,0.6380802989006042,0.5095072984695435,-1.00277841091156,0.9888304471969604,0.5798407793045044,0.5184032917022705,-1.042091727256775,0.9896095991134644,0.5601469278335571,0.5257961750030518,-1.0417845249176025,0.9935890436172485,0.5381478667259216,0.5338108539581299,-1.0425422191619873,0.991834282875061,0.6311426162719727,0.5520522594451904,-0.5369311571121216,0.9894271492958069,0.48854905366897583,0.5818353295326233,-0.6952440142631531,0.9939011335372925,0.644105076789856,0.6255607604980469,-0.9146779179573059,0.9948405623435974,0.5898211598396301,0.6369513869285583,-0.9624664187431335,0.9952288866043091,0.7850852608680725,0.9435450434684753,-0.20085060596466064,0.9766353964805603,0.3209439516067505,0.9152891635894775,-0.5505183935165405,0.9917455315589905,0.8726348876953125,1.3331329822540283,0.024822741746902466,0.07951578497886658,0.18436802923679352,1.3436254262924194,-0.420794814825058,0.356059730052948,0.8815141916275024,1.6920057535171509,-0.21899934113025665,0.01584448479115963,0.17863436043262482,1.6976680755615234,-0.729681670665741,0.07055911421775818
1,0.6503172516822815,0.5732663869857788,-1.0819567441940308,0.9941771626472473,0.6437533497810364,0.5150403380393982,-0.999370276927948,0.9867371320724487,0.6533385515213013,0.5145231485366821,-0.999759316444397,0.9913576245307922,0.6621101498603821,0.5143805146217346,-1.0002402067184448,0.9872432947158813,0.6044234037399292,0.5226271748542786,-1.0653938055038452,0.9884544610977173,0.5825036764144897,0.528574526309967,-1.0653471946716309,0.9930434226989746,0.5589317083358765,0.5356002449989319,-1.0661811828613281,0.9905872344970703,0.6438673138618469,0.5529049038887024,-0.5322098731994629,0.9888042211532593,0.5012930035591125,0.5806595683097839,-0.8018558621406555,0.9934443831443787,0.6655417680740356,0.6357060670852661,-0.9036240577697754,0.9946380853652954,0.6141343116760254,0.6509400010108948,-0.9856293797492981,0.9951748251914978,0.7893673777580261,0.9448949098587036,-0.1641244888305664,0.9814364314079285,0.3206227719783783,0.9158089756965637,-0.6430293917655945,0.9929922819137573,0.8738703727722168,1.331466555595398,0.05962030217051506,0.0803498849272728,0.18251188099384308,1.3546196222305298,-0.6057641506195068,0.3872816562652588,0.8897992968559265,1.6898503303527832,-0.2362707555294037,0.017373206093907356,0.18298876285552979,1.7184317111968994,-0.9514997601509094,0.07250707596540451
1,0.6691478490829468,0.593617856502533,-1.0836602449417114,0.9900253415107727,0.6669034361839294,0.5306817889213562,-1.0032532215118408,0.9808633923530579,0.6760242581367493,0.5293729305267334,-1.0036327838897705,0.9868742823600769,0.6845325827598572,0.5283582210540771,-1.0041159391403198,0.9808806777000427,0.6261675953865051,0.5368778705596924,-1.0723859071731567,0.9840973615646362,0.6057983636856079,0.5411144495010376,-1.0723766088485718,0.9899536967277527,0.582626461982727,0.5470453500747681,-1.0732173919677734,0.9866753816604614,0.6630691885948181,0.5571725964546204,-0.5390481352806091,0.9844722747802734,0.5236709117889404,0.5854616761207581,-0.8341590166091919,0.9920502305030823,0.6789746880531311,0.6602588295936584,-0.8993828892707825,0.9923335909843445,0.6305056214332581,0.6756076216697693,-0.9876521825790405,0.9942092299461365,0.7948424220085144,0.9455417394638062,-0.16791856288909912,0.9816018342971802,0.330380916595459,0.9122724533081055,-0.6577443480491638,0.9929402470588684,0.8651137351989746,1.323831558227539,0.12785948812961578,0.06827989965677261,0.1767662763595581,1.3423378467559814,-0.6077264547348022,0.40614429116249084,0.8826264142990112,1.6697875261306763,-0.12684758007526398,0.0168809425085783,0.1813635379076004,1.7033804655075073,-0.9342153668403625,0.06763608753681183
1,0.6906026005744934,0.6416994333267212,-1.2541346549987793,0.9941518902778625,0.6901338696479797,0.5682650208473206,-1.1822644472122192,0.9876834750175476,0.6995227336883545,0.5669983625411987,-1.1823877096176147,0.9916982054710388,0.7076520323753357,0.5663248300552368,-1.1827372312545776,0.9869539737701416,0.646623969078064,0.5685941576957703,-1.2504924535751343,0.9903997778892517,0.6252873539924622,0.5694019198417664,-1.250225305557251,0.9941549301147461,0.6027435064315796,0.5715723633766174,-1.2508513927459717,0.9919005632400513,0.6810700297355652,0.5846293568611145,-0.7084625959396362,0.9894391894340515,0.542858362197876,0.5965636372566223,-1.0029690265655518,0.9955490827560425,0.6952966451644897,0.706588089466095,-1.0667754411697388,0.995298445224762,0.6429945230484009,0.7138210535049438,-1.1518503427505493,0.9970046281814575,0.8086901903152466,0.954253613948822,-0.29675692319869995,0.9907151460647583,0.3213329017162323,0.9198395609855652,-0.791965126991272,0.9967654347419739,0.8789016008377075,1.3271024227142334,0.03923161327838898,0.07253352552652359,0.17634448409080505,1.3720017671585083,-0.692013680934906,0.4567560851573944,0.8829595446586609,1.6830946207046509,-0.15786442160606384,0.016409730538725853,0.19059635698795319,1.7364870309829712,-1.0230090618133545,0.07338650524616241
1,0.6376582384109497,0.6781424283981323,-1.3520853519439697,0.9973874092102051,0.6589264869689941,0.6004120111465454,-1.2930234670639038,0.9945735931396484,0.6759806871414185,0.5988002419471741,-1.2929036617279053,0.9960778951644897,0.6915653347969055,0.5977105498313904,-1.2931084632873535,0.9938337206840515,0.6032063961029053,0.5995275378227234,-1.3243894577026367,0.9957104921340942,0.5812011361122131,0.5980672240257263,-1.3236658573150635,0.9972965717315674,0.5587424039840698,0.5977354645729065,-1.3241198062896729,0.9964331984519958,0.6887012720108032,0.6091583371162415,-0.8292511105537415,0.9950548410415649,0.5139560103416443,0.609965980052948,-0.9222609400749207,0.9980694651603699,0.655898928642273,0.7417957186698914,-1.1582525968551636,0.9978545904159546,0.5933538675308228,0.7459019422531128,-1.1923799514770508,0.9986786842346191,0.8121764063835144,0.9635269045829773,-0.3934829533100128,0.9947268962860107,0.31750035285949707,0.9161208868026733,-0.6138693690299988,0.9981721043586731,0.869585394859314,1.345116376876831,0.05938612297177315,0.0792231634259224,0.16976356506347656,1.36765718460083,-0.39963576197624207,0.45141589641571045,0.8516400456428528,1.6868746280670166,0.008335688151419163,0.015109673142433167,0.1620447039604187,1.6689929962158203,-0.7528582215309143,0.05617187172174454
1,0.5990970730781555,0.6784303784370422,-1.1594936847686768,0.9983136057853699,0.629877507686615,0.5995197296142578,-1.101691484451294,0.9964296221733093,0.6489688158035278,0.5981562733650208,-1.1016837358474731,0.9974212050437927,0.6674863696098328,0.5975048542022705,-1.1020358800888062,0.9959377646446228,0.5715489387512207,0.5986221432685852,-1.1181190013885498,0.9971614480018616,0.5487345457077026,0.5974483489990234,-1.1171412467956543,0.9982059597969055,0.52845698595047,0.5974236726760864,-1.1174800395965576,0.997636079788208,0.6879781484603882,0.6103664636611938,-0.6462680101394653,0.9967104196548462,0.4919699728488922,0.609575092792511,-0.6958369612693787,0.9987224340438843,0.6261575818061829,0.7444961071014404,-0.9789032936096191,0.9985671639442444,0.5553381443023682,0.7480170130729675,-0.9944832921028137,0.9991130828857422,0.8144010305404663,0.9679739475250244,-0.27345678210258484,0.995868444442749,0.3139030337333679,0.9172199368476868,-0.4510364532470703,0.9986228942871094,0.8747527003288269,1.368516206741333,-0.032220445573329926,0.06880021095275879,0.17313961684703827,1.364190936088562,-0.30502423644065857,0.4160197973251343,0.8523894548416138,1.701586365699768,-0.24930548667907715,0.013168997131288052,0.16425301134586334,1.6669981479644775,-0.694754958152771,0.05225782468914986
1,0.4932783544063568,0.6893431544303894,-0.9827156066894531,0.999374508857727,0.5286714434623718,0.6096271872520447,-0.9556525349617004,0.9985225200653076,0.5524865984916687,0.6052366495132446,-0.9555538296699524,0.9989289045333862,0.5760053992271423,0.6010813117027283,-0.955818772315979,0.9983338713645935,0.4712859094142914,0.6145213842391968,-0.9352313280105591,0.9987877011299133,0.4566579759120941,0.6144954562187195,-0.9341287612915039,0.9992113709449768,0.44186168909072876,0.6143066883087158,-0.9345714449882507,0.9989819526672363,0.6224489808082581,0.6100796461105347,-0.6063217520713806,0.9986056089401245,0.4498816132545471,0.6181156635284424,-0.4988546371459961,0.9994181394577026,0.5444524884223938,0.7511294484138489,-0.8438887596130371,0.9993765950202942,0.47221288084983826,0.7559524774551392,-0.8102094531059265,0.9995681643486023,0.8059617877006531,0.9662330150604248,-0.29484033584594727,0.996346116065979,0.307481974363327,0.9117142558097839,-0.30081069469451904,0.9992150068283081,0.8726752400398254,1.3931947946548462,-0.08482804149389267,0.049024391919374466,0.1716044694185257,1.348039150238037,-0.1453733891248703,0.3471227288246155,0.8469246625900269,1.7369173765182495,-0.19561532139778137,0.009359887801110744,0.16094838082790375,1.6675583124160767,-0.5367206335067749,0.05437531694769859
1,0.4607618451118469,0.6810430288314819,-0.8595496416091919,0.9994935393333435,0.49427109956741333,0.6022767424583435,-0.8558615446090698,0.9986867904663086,0.5185250639915466,0.5959369540214539,-0.8555876016616821,0.9990778565406799,0.5436431765556335,0.5901618599891663,-0.8557014465332031,0.9985753893852234,0.444100946187973,0.6103983521461487,-0.8109906315803528,0.9988738298416138,0.42907413840293884,0.6108346581459045,-0.809840977191925,0.9992697834968567,0.41558638215065,0.6111042499542236,-0.8102129101753235,0.9990474581718445,0.6020375490188599,0.5983167886734009,-0.6360788941383362,0.9988316297531128,0.4329149127006531,0.6169013381004333,-0.39162296056747437,0.9994408488273621,0.5095100998878479,0.742631196975708,-0.7616179585456848,0.9994380474090576,0.4470520615577698,0.7492183446884155,-0.6945844292640686,0.9995499849319458,0.8043144345283508,0.9689273834228516,-0.3547210097312927,0.995864987373352,0.30776506662368774,0.9111082553863525,-0.24203673005104065,0.9992256760597229,0.8801479339599609,1.39606773853302,-0.14575190842151642,0.04538986459374428,0.17164048552513123,1.3373030424118042,-0.0705404132604599,0.29158642888069153,0.8405214548110962,1.748465895652771,-0.15557238459587097,0.010433816350996494,0.15239378809928894,1.6418571472167969,-0.4207885265350342,0.05585470423102379
1,0.45730724930763245,0.6927474737167358,-0.9155279397964478,0.9996076226234436,0.48551565408706665,0.6138680577278137,-0.909650444984436,0.9989275932312012,0.5095776319503784,0.6050627827644348,-0.90959632396698,0.9992532730102539,0.5357113480567932,0.5957729816436768,-0.9099504351615906,0.998870313167572,0.43512821197509766,0.6243559718132019,-0.8636455535888672,0.9990489482879639,0.4200376868247986,0.625775933265686,-0.8626316785812378,0.9993700981140137,0.4058321416378021,0.6269212365150452,-0.8631478548049927,0.999184250831604,0.5953505039215088,0.5973637104034424,-0.6253251433372498,0.999076783657074,0.4206315577030182,0.6253958940505981,-0.37642037868499756,0.9995090961456299,0.507125735282898,0.7474165558815002,-0.7949528694152832,0.9995337724685669,0.4450205862522125,0.7578721642494202,-0.7244741320610046,0.9995782375335693,0.804156482219696,0.9678265452384949,-0.3164738118648529,0.9957864880561829,0.30842792987823486,0.9126576781272888,-0.20631060004234314,0.9992702007293701,0.8729575872421265,1.3941919803619385,-0.14927490055561066,0.044301003217697144,0.17413093149662018,1.3372024297714233,-0.02982514165341854,0.26661768555641174,0.8400853276252747,1.736476182937622,-0.2527990937232971,0.010556911118328571,0.15377727150917053,1.6287212371826172,-0.4383963644504547,0.057938382029533386
1,0.45739349722862244,0.6944559812545776,-0.9131935834884644,0.9996551275253296,0.48569226264953613,0.6157455444335938,-0.9099418520927429,0.9990343451499939,0.5096074342727661,0.6069183349609375,-0.9099845886230469,0.9993323683738708,0.5353876352310181,0.5976751446723938,-0.910389244556427,0.9990033507347107,0.4348622262477875,0.6272290349006653,-0.8590733408927917,0.9991196990013123,0.4197603166103363,0.6289964318275452,-0.8579411506652832,0.9994062185287476,0.40558138489723206,0.6304910778999329,-0.8584097623825073,0.9992305636405945,0.5941203832626343,0.5980075597763062,-0.6444215774536133,0.9991922378540039,0.4195686876773834,0.6297557353973389,-0.3723222017288208,0.9995304942131042,0.5073980093002319,0.7486164569854736,-0.7976529598236084,0.9995748400688171,0.44460925459861755,0.7601601481437683,-0.7212721109390259,0.9995828866958618,0.8028856515884399,0.9665324687957764,-0.36292171478271484,0.9956669807434082,0.30917930603027344,0.9154767990112305,-0.16794563829898834,0.9992738962173462,0.87744140625,1.3918641805648804,-0.2615646421909332,0.04135737195611,0.17794069647789001,1.3412443399429321,0.04937898740172386,0.24019525945186615,0.846152663230896,1.7411553859710693,-0.43360909819602966,0.010819661431014538,0.16026028990745544,1.628157377243042,-0.34410160779953003,0.059784092009067535
